precision,recall
0.07379657189777276,1.0
0.07380414699240402,1.0
0.07382688161002156,1.0
0.0738344629287328,1.0
0.07384204580466262,1.0
0.07384963023829087,1.0
0.07385721623009758,1.0
0.07386480378056298,1.0
0.07387239289016748,1.0
0.0738799835593917,1.0
0.07389516957862281,1.0
0.07390276492959194,1.0
0.07391036184210527,1.0
0.0739179603166444,1.0
0.07393316195372751,1.0
0.07394836984469814,1.0
0.0739559761365974,1.0
0.07386071391832116,0.9986091794158554
0.07386831275720164,0.9986091794158554
0.0738759131597901,0.9986091794158554
0.07389111865802202,0.9986091794158554
0.07389872375463154,0.9986091794158554
0.0739063304168811,0.9986091794158554
0.07392154844023474,0.9986091794158554
0.07392915980230642,0.9986091794158554
0.07393677273195345,0.9986091794158554
0.07394438722966014,0.9986091794158554
0.07396724013598434,0.9986091794158554
0.07397486091077683,0.9986091794158554
0.07399773266000206,0.9986091794158554
0.07401298835171632,0.9986091794158554
0.07402061855670103,0.9986091794158554
0.07402825033508609,0.9986091794158554
0.07403588368735822,0.9986091794158554
0.07405115511551155,0.9986091794158554
0.0740587931923672,0.9986091794158554
0.0740664328450588,0.9986091794158554
0.07408171687990095,0.9986091794158554
0.07408936126302755,0.9986091794158554
0.0740970072239422,0.9986091794158554
0.07410465476313345,0.9986091794158554
0.07411230388109001,0.9986091794158554
0.0741429161503511,0.9986091794158554
0.07416589195331061,0.9986091794158554
0.07418121706787892,0.9986091794158554
0.07410086812732535,0.9972183588317107
0.07400516795865633,0.9958275382475661
0.07401281786231136,0.9958275382475661
0.07402046934766877,0.9958275382475661
0.0740281224152192,0.9958275382475661
0.07404343329886245,0.9958275382475661
0.0739706186633561,0.9944367176634215
0.07397827211588205,0.9944367176634215
0.07398592715231789,0.9944367176634215
0.07399358377315533,0.9944367176634215
0.07400124197888636,0.9944367176634215
0.07391304347826087,0.9930458970792768
0.07392834955477325,0.9930458970792768
0.07393600497048773,0.9930458970792768
0.07394366197183098,0.9930458970792768
0.07395132055929571,0.9930458970792768
0.07395898073337477,0.9930458970792768
0.07397430584334853,0.9930458970792768
0.07398963730569948,0.9930458970792768
0.0739973054202508,0.9930458970792768
0.0740049751243781,0.9930458970792768
0.07402799377916018,0.9930458970792768
0.07404334750596288,0.9930458970792768
0.07405870760294575,0.9930458970792768
0.07406639004149378,0.9930458970792768
0.07408944692331638,0.9930458970792768
0.07409713574097136,0.9930458970792768
0.07411251816483289,0.9930458970792768
0.07412021177203364,0.9930458970792768
0.07412790697674419,0.9930458970792768
0.07414330218068536,0.9930458970792768
0.0741587037806398,0.9930458970792768
0.07417411178059423,0.9930458970792768
0.07418181818181818,0.9930458970792768
0.07418952618453865,0.9930458970792768
0.07419723578925491,0.9930458970792768
0.07421265980667291,0.9930458970792768
0.07411642411642412,0.9916550764951322
0.0741241293273729,0.9916550764951322
0.07413183614056977,0.9916550764951322
0.07414725457570716,0.9916550764951322
0.07416267942583732,0.9916550764951322
0.07418582873790448,0.9916550764951322
0.07420126964304298,0.9916550764951322
0.0742089925062448,0.9916550764951322
0.07422444305642308,0.9916550764951322
0.07423217074440396,0.9916550764951322
0.0742399000416493,0.9916550764951322
0.0742553634659446,0.9916550764951322
0.07427083333333333,0.9916550764951322
0.0742863096478433,0.9916550764951322
0.07430179241350562,0.9916550764951322
0.07430953621677958,0.9916550764951322
0.0743172816343548,0.9916550764951322
0.07434052757793765,0.9916550764951322
0.0743482794577685,0.9916550764951322
0.07436378806841885,0.9916550764951322
0.0743793031504277,0.9916550764951322
0.07429048414023372,0.9902642559109874
0.07430599039866416,0.9902642559109874
0.07432150313152401,0.9902642559109874
0.07422486689633573,0.9888734353268428
0.07423261641261224,0.9888734353268428
0.07424812030075188,0.9888734353268428
0.07416692781782096,0.9874826147426982
0.07417467613873799,0.9874826147426982
0.0741901776384535,0.9874826147426982
0.07419793081826732,0.9874826147426982
0.0742056856187291,0.9874826147426982
0.07422895974908521,0.9874826147426982
0.07425224848358083,0.9874826147426982
0.07426001464281978,0.9874826147426982
0.07426778242677824,0.9874826147426982
0.07427555183596611,0.9874826147426982
0.07419422352448724,0.9860917941585535
0.07420975507640779,0.9860917941585535
0.07411284413273317,0.9847009735744089
0.07412060301507538,0.9847009735744089
0.07413612565445026,0.9847009735744089
0.07414388941250392,0.9847009735744089
0.07415165479681608,0.9847009735744089
0.07415942180789777,0.9847009735744089
0.07417496071241488,0.9847009735744089
0.07419050613014776,0.9847009735744089
0.07419828128274995,0.9847009735744089
0.07420605806519233,0.9847009735744089
0.07422161652164797,0.9847009735744089
0.07422939819668693,0.9847009735744089
0.07414787624541164,0.9833101529902643
0.07415565345080763,0.9833101529902643
0.07416343228784224,0.9833101529902643
0.07417899485888155,0.9833101529902643
0.07419456396264036,0.9833101529902643
0.07420235096557515,0.9833101529902643
0.07410517476645324,0.9819193324061196
0.07402351952960941,0.980528511821975
0.0739262837341174,0.9791376912378303
0.07393404746901912,0.9791376912378303
0.07394957983193277,0.9791376912378303
0.0739573484609728,0.9791376912378303
0.07386781548807397,0.9777468706536857
0.07388334209143457,0.9777468706536857
0.07390664423885618,0.9777468706536857
0.07391441488802439,0.9777468706536857
0.07381703470031546,0.9763560500695411
0.07383256205300799,0.9763560500695411
0.07384032817923636,0.9763560500695411
0.0738480959394067,0.9763560500695411
0.07376617910133643,0.9749652294853964
0.07378170718871697,0.9749652294853964
0.07379724181492789,0.9749652294853964
0.07380501158138555,0.9749652294853964
0.07382055602358888,0.9749652294853964
0.07382833070036862,0.9749652294853964
0.07373077733305246,0.9735744089012517
0.0737540828152987,0.9735744089012517
0.07367200674536256,0.972183588317107
0.07367977232001686,0.972183588317107
0.07370307886967524,0.972183588317107
0.0737186247627083,0.972183588317107
0.07373417721518988,0.972183588317107
0.07374195590252136,0.972183588317107
0.07374973623127241,0.972183588317107
0.07375751820196265,0.972183588317107
0.07376530181511186,0.972183588317107
0.07378866251451494,0.972183588317107
0.07380424453595186,0.972183588317107
0.07381203801478353,0.972183588317107
0.07383542832998838,0.972183588317107
0.07384322839636594,0.972183588317107
0.07386663848673782,0.972183588317107
0.07388225346157912,0.972183588317107
0.07389006342494715,0.972183588317107
0.07389787503964479,0.972183588317107
0.07391350322512424,0.972183588317107
0.07393695790141738,0.972183588317107
0.07395260262378332,0.972183588317107
0.07396825396825397,0.972183588317107
0.07399174341060655,0.972183588317107
0.07400741132874537,0.972183588317107
0.07403092565134506,0.972183588317107
0.07404661016949153,0.972183588317107
0.07405445492107214,0.972183588317107
0.07407014941188937,0.972183588317107
0.07407799915218313,0.972183588317107
0.0740937036251855,0.972183588317107
0.07410155835895262,0.972183588317107
0.07411727282366663,0.972183588317107
0.07402693816947714,0.9707927677329624
0.07403478998727196,0.9707927677329624
0.07405049862083599,0.9707927677329624
0.07405835543766578,0.9707927677329624
0.07396010186757215,0.9694019471488178
0.07397580131606878,0.9694019471488178
0.07399150743099787,0.9694019471488178
0.0740072202166065,0.9694019471488178
0.07402293967714528,0.9694019471488178
0.0740308019118428,0.9694019471488178
0.07403866581686849,0.9694019471488178
0.07406226755923918,0.9694019471488178
0.0740701381509033,0.9694019471488178
0.07398745614967578,0.9680111265646731
0.07400318979266347,0.9680111265646731
0.07391258109114113,0.9666203059805285
0.07392830549941495,0.9666203059805285
0.07393617021276595,0.9666203059805285
0.07395977439608385,0.9666203059805285
0.07396764580672627,0.9666203059805285
0.07398339365552481,0.9666203059805285
0.07399127009475141,0.9666203059805285
0.0739991482112436,0.9666203059805285
0.07400702800553721,0.9666203059805285
0.07401490947816826,0.9666203059805285
0.07404645216279565,0.9666203059805285
0.0740543420351625,0.9666203059805285
0.07407012682510924,0.9666203059805285
0.07407802174376465,0.9666203059805285
0.07408591834559215,0.9666203059805285
0.07409381663113006,0.9666203059805285
0.07411752159539298,0.9666203059805285
0.07401877133105803,0.9652294853963839
0.07403456368679326,0.9652294853963839
0.07404246239197695,0.9652294853963839
0.07405036278275715,0.9652294853963839
0.07395944503735326,0.9638386648122392
0.07398313227287286,0.9638386648122392
0.07389215162840362,0.9624478442280946
0.0739000427167877,0.9624478442280946
0.0739158299508652,0.9624478442280946
0.07392372609763914,0.9624478442280946
0.07393162393162393,0.9624478442280946
0.0739395234533604,0.9624478442280946
0.07395532756225286,0.9624478442280946
0.07396323215049166,0.9624478442280946
0.07397113842864778,0.9624478442280946
0.07399486740804107,0.9624478442280946
0.07401069518716577,0.9624478442280946
0.07391955498502353,0.96105702364395
0.07393537342178472,0.96105702364395
0.07395119863013698,0.96105702364395
0.07395911377501874,0.96105702364395
0.07396703061442945,0.96105702364395
0.0739749491489134,0.96105702364395
0.07398286937901499,0.96105702364395
0.07400664024847381,0.96105702364395
0.07401456726649529,0.96105702364395
0.07403042639811443,0.96105702364395
0.07406216505894962,0.96105702364395
0.07407804459691252,0.96105702364395
0.07409393094574308,0.96105702364395
0.07410187667560322,0.96105702364395
0.0741177732489542,0.96105702364395
0.07413367664413689,0.96105702364395
0.07414163090128756,0.96105702364395
0.07414958686554352,0.96105702364395
0.07415754453745439,0.96105702364395
0.07416550391757003,0.96105702364395
0.07417346500644054,0.96105702364395
0.07418939231264762,0.96105702364395
0.0740979381443299,0.9596662030598053
0.07410589625174525,0.9596662030598053
0.07412978083369144,0.9596662030598053
0.07413774578274417,0.9596662030598053
0.07414571244358478,0.9596662030598053
0.07406213049553907,0.9582753824756607
0.07409398860092484,0.9582753824756607
0.07400236635473809,0.9568845618915159
0.07401032702237521,0.9568845618915159
0.0740262534968797,0.9568845618915159
0.07403421930485311,0.9568845618915159
0.07405015606500914,0.9568845618915159
0.07395844547314027,0.9554937413073713
0.07397437277915365,0.9554937413073713
0.0739823390049537,0.9554937413073713
0.0739903069466882,0.9554937413073713
0.07390648567119155,0.9541029207232267
0.07391444887404375,0.9541029207232267
0.07393038042892552,0.9541029207232267
0.0739383487820651,0.9541029207232267
0.07394631885307751,0.9541029207232267
0.0739622641509434,0.9541029207232267
0.07387037636147957,0.952712100139082
0.07387834339948231,0.952712100139082
0.07388631215618596,0.952712100139082
0.07390225482792102,0.952712100139082
0.0739102287440656,0.952712100139082
0.07391820438113737,0.952712100139082
0.07393416082029142,0.952712100139082
0.07394214162348878,0.952712100139082
0.07384216776422325,0.9513212795549374
0.07386609071274298,0.9513212795549374
0.07378200280868531,0.9499304589707928
0.0738059217635617,0.9499304589707928
0.07381389819517994,0.9499304589707928
0.07382985623175872,0.9499304589707928
0.07383783783783784,0.9499304589707928
0.0738458211698562,0.9499304589707928
0.0738538062283737,0.9499304589707928
0.07386978152714688,0.9499304589707928
0.07388576373864128,0.9499304589707928
0.07390175286734472,0.9499304589707928
0.07390975002705336,0.9499304589707928
0.07393375189434942,0.9499304589707928
0.07394175598137924,0.9499304589707928
0.07396577864414122,0.9499304589707928
0.07398180242634315,0.9499304589707928
0.07399783315276273,0.9499304589707928
0.07400585112146495,0.9499304589707928
0.07392152612182962,0.9485396383866481
0.07394557085547002,0.9485396383866481
0.07395358924311429,0.9485396383866481
0.07396963123644251,0.9485396383866481
0.07398568019093078,0.9485396383866481
0.07399370728002604,0.9485396383866481
0.0740017361111111,0.9485396383866481
0.07400976668475312,0.9485396383866481
0.07402583306197764,0.9485396383866481
0.07405798675209034,0.9485396383866481
0.07406602953953084,0.9485396383866481
0.07408212035628937,0.9485396383866481
0.07409016838674633,0.9485396383866481
0.07409821816601478,0.9485396383866481
0.07410626969466479,0.9485396383866481
0.07411432297326669,0.9485396383866481
0.07402978584628764,0.9471488178025035
0.07404588452756333,0.9471488178025035
0.07407810290438377,0.9471488178025035
0.07408616187989556,0.9471488178025035
0.07411841532433609,0.9471488178025035
0.07412648307390879,0.9471488178025035
0.07403375068045727,0.9457579972183588
0.0740418118466899,0.9457579972183588
0.07404987476859413,0.9457579972183588
0.07405793944674363,0.9457579972183588
0.07406600588171224,0.9457579972183588
0.07407407407407407,0.9457579972183588
0.07408214402440352,0.9457579972183588
0.07398932112890923,0.9443671766342142
0.07399738448125545,0.9443671766342142
0.07401351645955963,0.9443671766342142
0.07402965547317925,0.9443671766342142
0.0740377276196707,0.9443671766342142
0.07404580152671755,0.9443671766342142
0.07405387719489584,0.9443671766342142
0.07407003381695211,0.9443671766342142
0.07396901592843116,0.9429763560500696
0.07388409909418313,0.9415855354659249
0.07389216328312595,0.9415855354659249
0.07390022923261652,0.9415855354659249
0.07390829694323144,0.9415855354659249
0.07391636641554755,0.9415855354659249
0.07394058540847531,0.9415855354659249
0.07394866193336974,0.9415855354659249
0.0739567402228534,0.9415855354659249
0.07396482027750464,0.9415855354659249
0.0739729020979021,0.9415855354659249
0.07388785659634933,0.9401947148817803
0.07391209271812814,0.9401947148817803
0.07392017495899399,0.9401947148817803
0.07392825896762904,0.9401947148817803
0.07394443229052723,0.9401947148817803
0.07385120350109409,0.9388038942976356
0.07385928438560017,0.9388038942976356
0.07378215654077723,0.9374130737134909
0.07379023428946792,0.9374130737134909
0.07379831380707325,0.9374130737134909
0.07380639509417433,0.9374130737134909
0.07381447815135253,0.9374130737134909
0.07383064957826706,0.9374130737134909
0.0738387379491674,0.9374130737134909
0.07374534297611221,0.9360222531293463
0.07375342465753425,0.9360222531293463
0.07376150811047787,0.9360222531293463
0.07367613200306984,0.9346314325452016
0.07368421052631578,0.9346314325452016
0.0735826296743064,0.933240611961057
0.07359069971484974,0.933240611961057
0.07359877152572118,0.933240611961057
0.07361492046077893,0.933240611961057
0.07363107648414353,0.933240611961057
0.07365532381997805,0.933240611961057
0.07367149758454106,0.933240611961057
0.07368767845376675,0.933240611961057
0.07369577155409116,0.933240611961057
0.0737119630890915,0.933240611961057
0.07372006152493957,0.933240611961057
0.07373626373626374,0.933240611961057
0.07374436751291351,0.933240611961057
0.07376058041112454,0.933240611961057
0.07376868953386104,0.933240611961057
0.07378491312953596,0.933240611961057
0.07379302760365115,0.933240611961057
0.07380114386273647,0.933240611961057
0.07371548025085269,0.9318497913769124
0.07372359154929578,0.9318497913769124
0.07373170463299218,0.9318497913769124
0.07373981950253136,0.9318497913769124
0.07375605460149713,0.9318497913769124
0.07376417483210393,0.9318497913769124
0.07378042065851778,0.9318497913769124
0.07379667364247164,0.9318497913769124
0.0738048028200044,0.9318497913769124
0.07383733744765264,0.9318497913769124
0.07384547558690621,0.9318497913769124
0.07385361552028219,0.9318497913769124
0.07375964718853363,0.9304589707927677
0.07378405205690967,0.9304589707927677
0.07380033094318808,0.9304589707927677
0.07370627827430211,0.9290681502086231
0.07360406091370558,0.9276773296244785
0.07362843580969201,0.9276773296244785
0.07365282685512367,0.9276773296244785
0.07366096079514081,0.9276773296244785
0.0736690965319196,0.9276773296244785
0.07367723406605545,0.9276773296244785
0.07368537339814406,0.9276773296244785
0.07369351452878135,0.9276773296244785
0.07370165745856354,0.9276773296244785
0.07370980218808708,0.9276773296244785
0.07371794871794872,0.9276773296244785
0.0737342471810745,0.9276773296244785
0.07374239911553344,0.9276773296244785
0.07375055285272003,0.9276773296244785
0.07377502488662759,0.9276773296244785
0.07378318584070796,0.9276773296244785
0.07379951316662979,0.9276773296244785
0.07380767953967024,0.9276773296244785
0.0738240177089098,0.9276773296244785
0.07384853852967227,0.9276773296244785
0.07386489479512735,0.9276773296244785
0.07376232140879388,0.9262865090403338
0.07377049180327869,0.9262865090403338
0.07377866400797607,0.9262865090403338
0.0737868380234877,0.9262865090403338
0.07379501385041551,0.9262865090403338
0.07380319148936171,0.9262865090403338
0.07381137094092874,0.9262865090403338
0.07381955220571935,0.9262865090403338
0.07382773528433655,0.9262865090403338
0.07385229540918163,0.9262865090403338
0.07386048574914052,0.9262865090403338
0.07388506767250944,0.9262865090403338
0.07389326528347942,0.9262865090403338
0.07390146471371505,0.9262865090403338
0.073909665963822,0.9262865090403338
0.07392607392607392,0.9262865090403338
0.07398355920906466,0.9262865090403338
0.074,0.9262865090403338
0.074008223135904,0.9262865090403338
0.07401644809957768,0.9262865090403338
0.07402467489163055,0.9262865090403338
0.0740329035126723,0.9262865090403338
0.07404936624416278,0.9262865090403338
0.07405760035583231,0.9262865090403338
0.07406583629893239,0.9262865090403338
0.07407407407407407,0.9262865090403338
0.07408231368186874,0.9262865090403338
0.07409055512292802,0.9262865090403338
0.07409879839786382,0.9262865090403338
0.07401224262659989,0.9248956884561892
0.07402048085485308,0.9248956884561892
0.07391739953245019,0.9235048678720446
0.07392562903584948,0.9235048678720446
0.07394209354120267,0.9235048678720446
0.07383895756765786,0.9221140472878998
0.07385540826556757,0.9221140472878998
0.0738800980610653,0.9221140472878998
0.07389656709763709,0.9221140472878998
0.0739048043696355,0.9221140472878998
0.07392128442412756,0.9221140472878998
0.07392952720785013,0.9221140472878998
0.07393777183004349,0.9221140472878998
0.07394601829132277,0.9221140472878998
0.0739542665923034,0.9221140472878998
0.07397076871583175,0.9221140472878998
0.07398727820555742,0.9221140472878998
0.07390042420183077,0.9207232267037552
0.0739251814628699,0.9207232267037552
0.0739416955210544,0.9207232267037552
0.07394995531724755,0.9207232267037552
0.073958216958999,0.9207232267037552
0.07385474860335195,0.9193324061196105
0.07386300145267628,0.9193324061196105
0.07387125614662494,0.9193324061196105
0.07387951268581648,0.9193324061196105
0.07390429338103757,0.9193324061196105
0.07391255730739126,0.9193324061196105
0.07392909070573761,0.9193324061196105
0.07394563150240518,0.9193324061196105
0.0738585496866607,0.9179415855354659
0.07375489647453833,0.9165507649513213
0.07376315200358183,0.9165507649513213
0.07377140938094705,0.9165507649513213
0.07377966860725481,0.9165507649513213
0.0737879296831262,0.9165507649513213
0.07381272401433692,0.9165507649513213
0.07382926282769438,0.9165507649513213
0.07385408494900818,0.9165507649513213
0.07386236269894643,0.9165507649513213
0.07387064230467437,0.9165507649513213
0.07387892376681614,0.9165507649513213
0.07388720708599619,0.9165507649513213
0.0738954922628392,0.9165507649513213
0.07390377929797017,0.9165507649513213
0.07380818844643859,0.9151599443671766
0.07381646847655374,0.9151599443671766
0.07371255469538876,0.913769123783032
0.07372082585278276,0.913769123783032
0.0737290988665694,0.913769123783032
0.07373737373737374,0.913769123783032
0.07374565046582109,0.913769123783032
0.07375392905253704,0.913769123783032
0.07364993825081396,0.9123783031988874
0.07365820794969684,0.9123783031988874
0.07366647950589557,0.9123783031988874
0.07367475292003593,0.9123783031988874
0.07368302819274401,0.9123783031988874
0.07369130532464614,0.9123783031988874
0.07358723738905741,0.9109874826147427
0.0736037757051354,0.9109874826147427
0.07361204765115756,0.9109874826147427
0.07362859712230216,0.9109874826147427
0.07363687464867903,0.9109874826147427
0.07364515403642906,0.9109874826147427
0.07365343528618014,0.9109874826147427
0.07367000337419863,0.9109874826147427
0.07367829021372328,0.9109874826147427
0.07358235823582358,0.9095966620305981
0.0734781140992461,0.9082058414464534
0.07348638307449921,0.9082058414464534
0.0734946539110861,0.9082058414464534
0.0735029266096353,0.9082058414464534
0.07354431805383489,0.9082058414464534
0.07355260193737329,0.9082058414464534
0.07356088768728174,0.9082058414464534
0.07356917530419108,0.9082058414464534
0.0735774647887324,0.9082058414464534
0.07358575614153708,0.9082058414464534
0.07359404936323678,0.9082058414464534
0.07361894024802705,0.9082058414464534
0.07363554352728913,0.9082058414464534
0.07365215429731559,0.9082058414464534
0.0736687725631769,0.9082058414464534
0.07367708450863139,0.9082058414464534
0.0737020316027088,0.9082058414464534
0.07372699559670318,0.9082058414464534
0.07374364765669114,0.9082058414464534
0.07375197650779308,0.9082058414464534
0.07376863985539991,0.9082058414464534
0.07378531073446327,0.9082058414464534
0.073793648999887,0.9082058414464534
0.07381033118571267,0.9082058414464534
0.07381867510739318,0.9082058414464534
0.07382702091577162,0.9082058414464534
0.07384371819518264,0.9082058414464534
0.07386877828054299,0.9082058414464534
0.07387713542255911,0.9082058414464534
0.07388549445575922,0.9082058414464534
0.07390221819827976,0.9082058414464534
0.07391058290888512,0.9082058414464534
0.07391894951324428,0.9082058414464534
0.07381410619268651,0.9068150208623088
0.07383082323632657,0.9068150208623088
0.07384754785366406,0.9068150208623088
0.07385591300407793,0.9068150208623088
0.07387264899161568,0.9068150208623088
0.07388101983002833,0.9068150208623088
0.07378442706562394,0.9054242002781642
0.07379279075039674,0.9054242002781642
0.07380952380952381,0.9054242002781642
0.07381789318516839,0.9054242002781642
0.07382626445906101,0.9054242002781642
0.07372122036974027,0.9040333796940194
0.07372958257713248,0.9040333796940194
0.07374631268436578,0.9040333796940194
0.07377142208602883,0.9040333796940194
0.07377979568671963,0.9040333796940194
0.07378817118855716,0.9040333796940194
0.07379654859218891,0.9040333796940194
0.07380492789826275,0.9040333796940194
0.07381330910742676,0.9040333796940194
0.07384685298795728,0.9040333796940194
0.07385524372230429,0.9040333796940194
0.07386363636363637,0.9040333796940194
0.07388042736985678,0.9040333796940194
0.07377515061952938,0.9026425591098748
0.07380031839890834,0.9026425591098748
0.0736949846468782,0.9012517385257302
0.07372013651877134,0.9012517385257302
0.07373691397360037,0.9012517385257302
0.07375369906669701,0.9012517385257302
0.07377049180327869,0.9012517385257302
0.07377889103950815,0.9012517385257302
0.07378729218856753,0.9012517385257302
0.07379569525111035,0.9012517385257302
0.07380410022779044,0.9012517385257302
0.07382091592617908,0.9012517385257302
0.07383773928896992,0.9012517385257302
0.07384615384615385,0.9012517385257302
0.07385457032140415,0.9012517385257302
0.07387140902872777,0.9012517385257302
0.07387983126211378,0.9012517385257302
0.07388825541619157,0.9012517385257302
0.0738966814916182,0.9012517385257302
0.0739051094890511,0.9012517385257302
0.07392197125256673,0.9012517385257302
0.07393040501996577,0.9012517385257302
0.07393884071200366,0.9012517385257302
0.07394727832933927,0.9012517385257302
0.07397260273972603,0.9012517385257302
0.07398104806484758,0.9012517385257302
0.07398949531856588,0.9012517385257302
0.07399794450154162,0.9012517385257302
0.07400639561443581,0.9012517385257302
0.07402330363262509,0.9012517385257302
0.0740317605392437,0.9012517385257302
0.0740402193784278,0.9012517385257302
0.07405714285714286,0.9012517385257302
0.07406560749799977,0.9012517385257302
0.0739682176746313,0.8998609179415855
0.0739766750514521,0.8998609179415855
0.0739935956084172,0.8998609179415855
0.07401052390757264,0.8998609179415855
0.07401899096213248,0.8998609179415855
0.07403593088454057,0.8998609179415855
0.07404440375371939,0.8998609179415855
0.07406135531135531,0.8998609179415855
0.07406983400114482,0.8998609179415855
0.0740783146324708,0.8998609179415855
0.07408679720600023,0.8998609179415855
0.07409528172240036,0.8998609179415855
0.07398923376474631,0.8984700973574409
0.07399770904925544,0.8984700973574409
0.07400618627563295,0.8984700973574409
0.07402314655666323,0.8984700973574409
0.07403162961265185,0.8984700973574409
0.07405709045053308,0.8984700973574409
0.07406558128869525,0.8984700973574409
0.0740910654891616,0.8984700973574409
0.07410806470115866,0.8984700973574409
0.07411656723267554,0.8984700973574409
0.07412507171543316,0.8984700973574409
0.07413357815010328,0.8984700973574409
0.07414208653735797,0.8984700973574409
0.07415059687786961,0.8984700973574409
0.07415910917231087,0.8984700973574409
0.07416762342135476,0.8984700973574409
0.07418465778594396,0.8984700973574409
0.07420169997702734,0.8984700973574409
0.07421022400919013,0.8984700973574409
0.07421875,0.8984700973574409
0.07422727795013213,0.8984700973574409
0.07423580786026202,0.8984700973574409
0.07425287356321839,0.8984700973574409
0.07426994711427914,0.8984700973574409
0.07427848683454065,0.8984700973574409
0.07428702851885925,0.8984700973574409
0.07429557216791259,0.8984700973574409
0.07430411778237865,0.8984700973574409
0.0743126653629357,0.8984700973574409
0.0743212149102623,0.8984700973574409
0.0743297664250374,0.8984700973574409
0.07433831990794017,0.8984700973574409
0.07434687535965014,0.8984700973574409
0.07435543278084715,0.8984700973574409
0.07424887763324507,0.8970792767732962
0.07425742574257425,0.8970792767732962
0.07426597582037997,0.8970792767732962
0.07415937356057116,0.8956884561891516
0.07405274674651618,0.894297635605007
0.07406127620363971,0.894297635605007
0.07406980762584955,0.894297635605007
0.07407834101382489,0.894297635605007
0.07409541368979028,0.894297635605007
0.07411249423697557,0.894297635605007
0.07412103746397694,0.894297635605007
0.07412958266082545,0.894297635605007
0.07413812982820246,0.894297635605007
0.07415523007726905,0.894297635605007
0.07416378316032295,0.894297635605007
0.07418089524688509,0.894297635605007
0.07419801523194092,0.894297635605007
0.0742065781881131,0.894297635605007
0.0742151431209603,0.894297635605007
0.07422371003116703,0.894297635605007
0.07423227891941815,0.894297635605007
0.0742408497863988,0.894297635605007
0.07424942263279445,0.894297635605007
0.07425799745929092,0.894297635605007
0.07426657426657426,0.894297635605007
0.07427515305533094,0.894297635605007
0.07428373382624769,0.894297635605007
0.07429231658001155,0.894297635605007
0.07430090131730992,0.894297635605007
0.07430948803883046,0.894297635605007
0.07431807674526121,0.894297635605007
0.07432666743729048,0.894297635605007
0.07434385478089953,0.894297635605007
0.07435245143385753,0.894297635605007
0.07436105007517058,0.894297635605007
0.07436965070552856,0.894297635605007
0.07437825332562174,0.894297635605007
0.07438685793614068,0.894297635605007
0.07440407313121962,0.894297635605007
0.07441268371716236,0.894297635605007
0.07430555555555556,0.8929068150208623
0.07431415673110314,0.8929068150208623
0.07432275989812456,0.8929068150208623
0.07433136505731157,0.8929068150208623
0.07434858135495079,0.8929068150208623
0.07435719249478805,0.8929068150208623
0.074365805629561,0.8929068150208623
0.07437442075996292,0.8929068150208623
0.07438303788668753,0.8929068150208623
0.07439165701042874,0.8929068150208623
0.07440027813188087,0.8929068150208623
0.07440890125173853,0.8929068150208623
0.07441752637069665,0.8929068150208623
0.0744261534894505,0.8929068150208623
0.07443478260869565,0.8929068150208623
0.07422871723498028,0.8901251738525731
0.07423732745621157,0.8901251738525731
0.07424593967517401,0.8901251738525731
0.07425455389256294,0.8901251738525731
0.07426317010907403,0.8901251738525731
0.07427178832540328,0.8901251738525731
0.07428040854224698,0.8901251738525731
0.07431490942870414,0.8901251738525731
0.07432353965857624,0.8901251738525731
0.0743321718931475,0.8901251738525731
0.0743408061331165,0.8901251738525731
0.07435808063204369,0.8901251738525731
0.07436672089240065,0.8901251738525731
0.07425915165601395,0.8887343532684284
0.07426778242677824,0.8887343532684284
0.07427641520399861,0.8887343532684284
0.07428504998837479,0.8887343532684284
0.07429368678060691,0.8887343532684284
0.07430232558139535,0.8887343532684284
0.07431960921144452,0.8887343532684284
0.07432825404210772,0.8887343532684284
0.07433690088413215,0.8887343532684284
0.0743455497382199,0.8887343532684284
0.0743542006050733,0.8887343532684284
0.07437150837988826,0.8887343532684284
0.0743801652892562,0.8887343532684284
0.07438882421420256,0.8887343532684284
0.07439748515543136,0.8887343532684284
0.07440614811364694,0.8887343532684284
0.07441481308955397,0.8887343532684284
0.07442348008385745,0.8887343532684284
0.07443214909726267,0.8887343532684284
0.07444949318420133,0.8887343532684284
0.0744668453560191,0.8887343532684284
0.07447552447552448,0.8887343532684284
0.07448420561837044,0.8887343532684284
0.07449288878526462,0.8887343532684284
0.07450157397691501,0.8887343532684284
0.07451026119402986,0.8887343532684284
0.07451895043731778,0.8887343532684284
0.07453633500524903,0.8887343532684284
0.07454503033131124,0.8887343532684284
0.07456242707117854,0.8887343532684284
0.07457112848640449,0.8887343532684284
0.07457983193277311,0.8887343532684284
0.07458853741099568,0.8887343532684284
0.0745972449217838,0.8887343532684284
0.07460595446584939,0.8887343532684284
0.07461466604390472,0.8887343532684284
0.07462337965666238,0.8887343532684284
0.07463209530483532,0.8887343532684284
0.07464081298913679,0.8887343532684284
0.07464953271028038,0.8887343532684284
0.07466697826595,0.8887343532684284
0.07467570410190487,0.8887343532684284
0.07468443197755961,0.8887343532684284
0.07469316189362946,0.8887343532684284
0.07470189385083002,0.8887343532684284
0.07471936389148737,0.8887343532684284
0.07461115658987252,0.8873435326842837
0.07462861153351269,0.8873435326842837
0.07464607464607464,0.8873435326842837
0.07465480926749356,0.8873435326842837
0.07466354593329433,0.8873435326842837
0.07467228464419476,0.8873435326842837
0.07468102540091302,0.8873435326842837
0.07469851305467744,0.8873435326842837
0.07470725995316159,0.8873435326842837
0.07471600890033962,0.8873435326842837
0.07460763644881706,0.885952712100139
0.07463386057410662,0.885952712100139
0.0746601031411158,0.885952712100139
0.0746688547649748,0.885952712100139
0.07467760844079718,0.885952712100139
0.07458660724756655,0.8845618915159944
0.07459535538353272,0.8845618915159944
0.0746041055718475,0.8845618915159944
0.07461285781323322,0.8845618915159944
0.07462161210841253,0.8845618915159944
0.07463036845810843,0.8845618915159944
0.07463912686304425,0.8845618915159944
0.07464788732394366,0.8845618915159944
0.07455676881531055,0.8831710709318498
0.07456552372005637,0.8831710709318498
0.0745742806811509,0.8831710709318498
0.07458303969931877,0.8831710709318498
0.07460056390977443,0.8831710709318498
0.0746093291035131,0.8831710709318498
0.0746180963572268,0.8831710709318498
0.07462686567164178,0.8831710709318498
0.07463563704748472,0.8831710709318498
0.07464441048548254,0.8831710709318498
0.07467074317968016,0.8831710709318498
0.07469709445947535,0.8831710709318498
0.07470588235294118,0.8831710709318498
0.07459701141310743,0.8817802503477051
0.07460578959755236,0.8817802503477051
0.07461456984818171,0.8817802503477051
0.07462335216572505,0.8817802503477051
0.0746321365509123,0.8817802503477051
0.07452319284200612,0.8803894297635605
0.07441422347815849,0.8789986091794159
0.07442298634008479,0.8789986091794159
0.07444051825677267,0.8789986091794159
0.07444928731299329,0.8789986091794159
0.07445805843543826,0.8789986091794159
0.07446683162483798,0.8789986091794159
0.07447560688192317,0.8789986091794159
0.07448438420742487,0.8789986091794159
0.07449316360207449,0.8789986091794159
0.07450194506660379,0.8789986091794159
0.07451072860174487,0.8789986091794159
0.07451951420823016,0.8789986091794159
0.07452830188679245,0.8789986091794159
0.07453709163816488,0.8789986091794159
0.07454588346308091,0.8789986091794159
0.07455467736227439,0.8789986091794159
0.07456347333647947,0.8789986091794159
0.07457227138643067,0.8789986091794159
0.07458107151286288,0.8789986091794159
0.07460748435839924,0.8789986091794159
0.07461629279811098,0.8789986091794159
0.07462510331798324,0.8789986091794159
0.07463391591875296,0.8789986091794159
0.07464273060115743,0.8789986091794159
0.07465154736593432,0.8789986091794159
0.07466036621382162,0.8789986091794159
0.07467801016188114,0.8789986091794159
0.07456865989127866,0.8776077885952712
0.07458628841607565,0.8776077885952712
0.07459510580446861,0.8776077885952712
0.07460392527784346,0.8776077885952712
0.07461274683693982,0.8776077885952712
0.07462157048249764,0.8776077885952712
0.07463039621525724,0.8776077885952712
0.07463922403595931,0.8776077885952712
0.07464805394534485,0.8776077885952712
0.07465688594415523,0.8776077885952712
0.07466572003313217,0.8776077885952712
0.07468339448455438,0.8776077885952712
0.07469223484848485,0.8776077885952712
0.07470107730555227,0.8776077885952712
0.07470992185650012,0.8776077885952712
0.07472761724301279,0.8776077885952712
0.07461802676773659,0.8762169680111266
0.07462686567164178,0.8762169680111266
0.07451723729415946,0.874826147426982
0.0745260663507109,0.874826147426982
0.07453489749970375,0.874826147426982
0.07454373074188196,0.874826147426982
0.07457024303497332,0.874826147426982
0.07457908465733934,0.874826147426982
0.07459677419354839,0.874826147426982
0.07460562210888388,0.874826147426982
0.07461447212336893,0.874826147426982
0.07462332423775063,0.874826147426982
0.07463217845277646,0.874826147426982
0.07452236857719235,0.8734353268428373
0.07453121291241396,0.8734353268428373
0.07454005934718101,0.8734353268428373
0.07443019943019943,0.8720445062586927
0.07443903597293126,0.8720445062586927
0.07444787461410592,0.8720445062586927
0.0743556241833947,0.8706536856745479
0.07437329214684567,0.8706536856745479
0.07438212927756654,0.8706536856745479
0.07439980984074163,0.8706536856745479
0.07440865327469393,0.8706536856745479
0.07442634645107597,0.8706536856745479
0.07445290199809705,0.8706536856745479
0.07434280956345903,0.8692628650904033
0.074360499702558,0.8692628650904033
0.07436934792955735,0.8692628650904033
0.07438705070221376,0.8692628650904033
0.0744047619047619,0.8692628650904033
0.07441362066912728,0.8692628650904033
0.07442248154322458,0.8692628650904033
0.0744402096236303,0.8692628650904033
0.07444907683144729,0.8692628650904033
0.07445794615201334,0.8692628650904033
0.07446681758608364,0.8692628650904033
0.07447569113441373,0.8692628650904033
0.07449344457687723,0.8692628650904033
0.07450232447252354,0.8692628650904033
0.07451120648545541,0.8692628650904033
0.0745200906164302,0.8692628650904033
0.07453786523553965,0.8692628650904033
0.07456454306848008,0.8692628650904033
0.0744718940207662,0.8678720445062587
0.07448078300310336,0.8678720445062587
0.07448967410767578,0.8678720445062587
0.07437917860553964,0.866481223922114
0.07438805970149254,0.866481223922114
0.07427752567470743,0.8650904033379694
0.07429526994744386,0.8650904033379694
0.0743041452634094,0.8650904033379694
0.07431302270011947,0.8650904033379694
0.07433078393881454,0.8650904033379694
0.07433966774232102,0.8650904033379694
0.07435744172145846,0.8650904033379694
0.07436633189861311,0.8650904033379694
0.07437522420184145,0.8650904033379694
0.07438411863190625,0.8650904033379694
0.07439301518957063,0.8650904033379694
0.07441081469075249,0.8650904033379694
0.07441971763579804,0.8650904033379694
0.07442862271149935,0.8650904033379694
0.07443752991862135,0.8650904033379694
0.07444643925792939,0.8650904033379694
0.07445535073018913,0.8650904033379694
0.07446426433616665,0.8650904033379694
0.07447318007662836,0.8650904033379694
0.07448209795234104,0.8650904033379694
0.07449101796407186,0.8650904033379694
0.07449994011258833,0.8650904033379694
0.0745177908230502,0.8650904033379694
0.07452671938653246,0.8650904033379694
0.07442473633748801,0.8636995827538247
0.0744336569579288,0.8636995827538247
0.07432270438743707,0.8623087621696801
0.07433161491427887,0.8623087621696801
0.07434052757793765,0.8623087621696801
0.07422952392373186,0.8609179415855355
0.07423842648117054,0.8609179415855355
0.0741362763915547,0.8595271210013908
0.07414517096580683,0.8595271210013908
0.07415406767458603,0.8595271210013908
0.07416296651866075,0.8595271210013908
0.07418077061577241,0.8595271210013908
0.07418967587034814,0.8595271210013908
0.07420749279538905,0.8595271210013908
0.0740963131980305,0.8581363004172462
0.07410521258707663,0.8581363004172462
0.07412301777991351,0.8581363004172462
0.074140831530882,0.8581363004172462
0.07414974161759404,0.8581363004172462
0.07415865384615385,0.8581363004172462
0.07416756821733382,0.8581363004172462
0.0741764847319067,0.8581363004172462
0.07418540339064567,0.8581363004172462
0.07419432419432419,0.8581363004172462
0.07422109948273788,0.8581363004172462
0.07423002887391723,0.8581363004172462
0.07423896041390927,0.8581363004172462
0.07426576793452094,0.8581363004172462
0.07427470807752498,0.8581363004172462
0.07428365037322418,0.8581363004172462
0.07430154142581888,0.8581363004172462
0.07431944109853048,0.8581363004172462
0.07432839416937718,0.8581363004172462
0.07434630678394988,0.8581363004172462
0.07435526632923596,0.8581363004172462
0.07436422803422923,0.8581363004172462
0.0743731918997107,0.8581363004172462
0.07438215792646172,0.8581363004172462
0.07439112611526405,0.8581363004172462
0.0744000964668998,0.8581363004172462
0.07440906898215147,0.8581363004172462
0.07443599951743274,0.8581363004172462
0.07445396404006274,0.8581363004172462
0.07446294955346368,0.8581363004172462
0.07447193723596862,0.8581363004172462
0.07448092708836311,0.8581363004172462
0.07448991911143306,0.8581363004172462
0.0743781695242695,0.8567454798331016
0.07438715131022823,0.8567454798331016
0.07439613526570048,0.8567454798331016
0.0744051213914724,0.8567454798331016
0.07441410968833051,0.8567454798331016
0.07442310015706173,0.8567454798331016
0.07443209279845336,0.8567454798331016
0.07444108761329306,0.8567454798331016
0.07445908376646923,0.8567454798331016
0.07446808510638298,0.8567454798331016
0.07447708862289928,0.8567454798331016
0.07448609431680774,0.8567454798331016
0.0744951021888983,0.8567454798331016
0.0745041122399613,0.8567454798331016
0.07439216160638684,0.8553546592489569
0.07440116138398258,0.8553546592489569
0.07441916747337851,0.8553546592489569
0.07442817378676025,0.8553546592489569
0.07443718228031954,0.8553546592489569
0.07444619295484808,0.8553546592489569
0.07446422084998183,0.8553546592489569
0.07447323807217245,0.8553546592489569
0.0744822574785031,0.8553546592489569
0.0745093288102738,0.8553546592489569
0.07451835696110505,0.8553546592489569
0.07452738730004847,0.8553546592489569
0.07453641982789964,0.8553546592489569
0.07454545454545454,0.8553546592489569
0.0745635305528613,0.8553546592489569
0.07457257184430702,0.8553546592489569
0.07446034440941063,0.8539638386648123
0.07446937537901759,0.8539638386648123
0.0744784085395439,0.8539638386648123
0.07449648143654453,0.8539638386648123
0.07450552117461473,0.8539638386648123
0.07451456310679612,0.8539638386648123
0.07452360723388761,0.8539638386648123
0.07453265355668852,0.8539638386648123
0.07454170207599854,0.8539638386648123
0.07455075279261777,0.8539638386648123
0.07455980570734669,0.8539638386648123
0.07456886082098615,0.8539638386648123
0.07457791813433742,0.8539638386648123
0.07458697764820214,0.8539638386648123
0.074623237724842,0.8539638386648123
0.07463230825331227,0.8539638386648123
0.07465045592705168,0.8539638386648123
0.07465953307392996,0.8539638386648123
0.07466861242855406,0.8539638386648123
0.07467769399172951,0.8539638386648123
0.07468677776426226,0.8539638386648123
0.07469586374695864,0.8539638386648123
0.07470495194062537,0.8539638386648123
0.0747140423460696,0.8539638386648123
0.07472313496409883,0.8539638386648123
0.07474132684114425,0.8539638386648123
0.07475042610177746,0.8539638386648123
0.07463776938999148,0.8525730180806675
0.07464685825621042,0.8525730180806675
0.07465594933625624,0.8525730180806675
0.07466504263093789,0.8525730180806675
0.07467413814106469,0.8525730180806675
0.0746832358674464,0.8525730180806675
0.07469233581089314,0.8525730180806675
0.07471054235222425,0.8525730180806675
0.07471964895173086,0.8525730180806675
0.07473786881248476,0.8525730180806675
0.07474698207535667,0.8525730180806675
0.0747560975609756,0.8525730180806675
0.07478345736244968,0.8525730180806675
0.07481996826559258,0.8525730180806675
0.0748291015625,0.8525730180806675
0.07484737484737485,0.8525730180806675
0.07485651483697643,0.8525730180806675
0.0748656570591109,0.8525730180806675
0.07488394820425116,0.8525730180806675
0.07489309712889432,0.8525730180806675
0.07490224828934507,0.8525730180806675
0.07491140168642307,0.8525730180806675
0.07492055732094842,0.8525730180806675
0.0749297151937416,0.8525730180806675
0.07493887530562347,0.8525730180806675
0.074825773321922,0.8511821974965229
0.07471264367816093,0.8497913769123783
0.07472178060413355,0.8497913769123783
0.07473091976516634,0.8497913769123783
0.07474006116207951,0.8497913769123783
0.07474920479569366,0.8497913769123783
0.0747583506668298,0.8497913769123783
0.07476749877630935,0.8497913769123783
0.0746816846229187,0.8484005563282336
0.07469997550820476,0.8484005563282336
0.0747091243110839,0.8484005563282336
0.07459578637922587,0.847009735744089
0.07460492466005145,0.847009735744089
0.07461406518010291,0.847009735744089
0.07462320794020341,0.847009735744089
0.07464150018384606,0.847009735744089
0.07465980139757264,0.847009735744089
0.07454634624816087,0.8456189151599444
0.07455548743102391,0.8456189151599444
0.07456463085602158,0.8456189151599444
0.07457377652397891,0.8456189151599444
0.07446025515210991,0.8442280945757997
0.07446939025886394,0.8442280945757997
0.07447852760736197,0.8442280945757997
0.07448766719842925,0.8442280945757997
0.07451509943530567,0.8442280945757997
0.07440147329650092,0.8428372739916551
0.07441060903732809,0.8428372739916551
0.07441974702198208,0.8428372739916551
0.07430606730533039,0.8414464534075105
0.0742014742014742,0.8400556328233658
0.07421059098169308,0.8400556328233658
0.07421971000245761,0.8400556328233658
0.07422883126459383,0.8400556328233658
0.07423795476892822,0.8400556328233658
0.07424708051628764,0.8400556328233658
0.07425620850749938,0.8400556328233658
0.07426533874339113,0.8400556328233658
0.07428360595252737,0.8400556328233658
0.07416974169741697,0.8386648122392212
0.07405584942797393,0.8372739916550765
0.07407407407407407,0.8372739916550765
0.07408318976126015,0.8372739916550765
0.07396923076923077,0.8358831710709318
0.0739783357951748,0.8358831710709318
0.07398744306290779,0.8358831710709318
0.07399655257325782,0.8358831710709318
0.07401477832512315,0.8358831710709318
0.07402389456829658,0.8358831710709318
0.0740330130574033,0.8358831710709318
0.07391893556732783,0.8344923504867872
0.07392804337111877,0.8344923504867872
0.07381392483056069,0.8331015299026425
0.07383212128682362,0.8331015299026425
0.07384122287968442,0.8331015299026425
0.07385032671680435,0.8331015299026425
0.07385943279901357,0.8331015299026425
0.07386854112714268,0.8331015299026425
0.07388676452448502,0.8331015299026425
0.07389587959536147,0.8331015299026425
0.07390499691548427,0.8331015299026425
0.07391411648568608,0.8331015299026425
0.07392323830679995,0.8331015299026425
0.07393236237965935,0.8331015299026425
0.07394148870509813,0.8331015299026425
0.0738362760834671,0.8317107093184979
0.07384539392442578,0.8317107093184979
0.07385451401753736,0.8317107093184979
0.07386363636363637,0.8317107093184979
0.07389101692820957,0.8317107093184979
0.07390928191818069,0.8317107093184979
0.07391841779975278,0.8317107093184979
0.07392755594016566,0.8317107093184979
0.07393669634025717,0.8317107093184979
0.07394583900086558,0.8317107093184979
0.0738313133811526,0.8303198887343533
0.0738404452690167,0.8303198887343533
0.07384957941613063,0.8303198887343533
0.07385871582333292,0.8303198887343533
0.0738678544914625,0.8303198887343533
0.07387699542135874,0.8303198887343533
0.07388613861386138,0.8303198887343533
0.07389528406981062,0.8303198887343533
0.07390443179004705,0.8303198887343533
0.07379891035165924,0.8289290681502086
0.07368421052631578,0.827538247566064
0.07370246500681284,0.827538247566064
0.07371159563924679,0.827538247566064
0.07372986369268897,0.827538247566064
0.07375728275691087,0.827538247566064
0.07376642697743616,0.827538247566064
0.07377557346559206,0.827538247566064
0.07379387324817066,0.827538247566064
0.07380302654428182,0.827538247566064
0.07381218211140057,0.827538247566064
0.07382133995037221,0.827538247566064
0.07383050006204243,0.827538247566064
0.07383966244725738,0.827538247566064
0.07372471143105375,0.8261474269819193
0.07373386295928501,0.8261474269819193
0.07374301675977654,0.8261474269819193
0.07377049180327869,0.8261474269819193
0.07365544652838157,0.8247566063977747
0.07366459627329193,0.8247566063977747
0.07367374829171326,0.8247566063977747
0.07368290258449305,0.8247566063977747
0.07356778923822542,0.8233657858136301
0.07357693263733532,0.8233657858136301
0.07358607830950901,0.8233657858136301
0.07359522625559423,0.8233657858136301
0.07360437647643914,0.8233657858136301
0.07361352897289232,0.8233657858136301
0.0736318407960199,0.8233657858136301
0.07364100012439358,0.8233657858136301
0.07365016173177408,0.8233657858136301
0.07365932561901208,0.8233657858136301
0.07367766023646546,0.8233657858136301
0.07368683096838437,0.8233657858136301
0.07369600398356778,0.8233657858136301
0.07358067729083666,0.8219749652294854
0.07358983937243183,0.8219749652294854
0.07359900373599004,0.8219749652294854
0.07360817038236393,0.8219749652294854
0.07349277528649725,0.8205841446453408
0.0735019309829326,0.8205841446453408
0.07351108896087714,0.8205841446453408
0.0735202492211838,0.8205841446453408
0.07352941176470588,0.8205841446453408
0.07353857659229715,0.8205841446453408
0.07342308651209174,0.8191933240611962
0.07343224036903129,0.8191933240611962
0.07344139650872818,0.8191933240611962
0.07345055493203641,0.8191933240611962
0.07346887863290508,0.8191933240611962
0.07347804391217565,0.8191933240611962
0.07348721147847785,0.8191933240611962
0.07349638133266784,0.8191933240611962
0.07350555347560214,0.8191933240611962
0.07351472790813779,0.8191933240611962
0.07352390463113219,0.8191933240611962
0.0735330836454432,0.8191933240611962
0.07354226495192907,0.8191933240611962
0.07355144855144854,0.8191933240611962
0.07356982263302524,0.8191933240611962
0.073579013116802,0.8191933240611962
0.07358820589705148,0.8191933240611962
0.0735974009746345,0.8191933240611962
0.0736065983504124,0.8191933240611962
0.07361579802524684,0.8191933240611962
0.073625,0.8191933240611962
0.07364341085271318,0.8191933240611962
0.0735367683841921,0.8178025034770514
0.07354596622889306,0.8178025034770514
0.07355516637478109,0.8178025034770514
0.07356436882271988,0.8178025034770514
0.07357357357357357,0.8178025034770514
0.07358278062820674,0.8178025034770514
0.07346683354192741,0.8164116828929068
0.07347602954061835,0.8164116828929068
0.07349442844622511,0.8164116828929068
0.07350363135487102,0.8164116828929068
0.07351283656856607,0.8164116828929068
0.07339679358717435,0.8150208623087621
0.07340598772391331,0.8150208623087621
0.07341518416436983,0.8150208623087621
0.07342438290940985,0.8150208623087621
0.07343358395989975,0.8150208623087621
0.07344278731670635,0.8150208623087621
0.07345199298069692,0.8150208623087621
0.0734704112337011,0.8150208623087621
0.0734796238244514,0.8150208623087621
0.07349805593879342,0.8150208623087621
0.07350727546412443,0.8150208623087621
0.07351649730272238,0.8150208623087621
0.07352572145545797,0.8150208623087621
0.0735349479232024,0.8150208623087621
0.07354417670682731,0.8150208623087621
0.07355340780720472,0.8150208623087621
0.07356264122520713,0.8150208623087621
0.07357187696170747,0.8150208623087621
0.07358111501757911,0.8150208623087621
0.07359035539369585,0.8150208623087621
0.07359959809093193,0.8150208623087621
0.07360884311016204,0.8150208623087621
0.07361809045226131,0.8150208623087621
0.07362734011810529,0.8150208623087621
0.07363659210856999,0.8150208623087621
0.07364584642453186,0.8150208623087621
0.07365510306686777,0.8150208623087621
0.07366436203645506,0.8150208623087621
0.07367362333417149,0.8150208623087621
0.07368288696089526,0.8150208623087621
0.07369215291750503,0.8150208623087621
0.0737014212048799,0.8150208623087621
0.07371069182389937,0.8150208623087621
0.07372924006039255,0.8150208623087621
0.07373851767962754,0.8150208623087621
0.0737477976340297,0.8150208623087621
0.0736404833836858,0.8136300417246175
0.07364975450081833,0.8136300417246175
0.07353311508436162,0.8122392211404729
0.0735423750157411,0.8122392211404729
0.07355163727959697,0.8122392211404729
0.07356090187681068,0.8122392211404729
0.07357016880826404,0.8122392211404729
0.07357943807483935,0.8122392211404729
0.07358870967741936,0.8122392211404729
0.07359798361688721,0.8122392211404729
0.07360725989412654,0.8122392211404729
0.07361653851002142,0.8122392211404729
0.07362581946545638,0.8122392211404729
0.07351828499369482,0.8108484005563282
0.07352755706898727,0.8108484005563282
0.07353683148335015,0.8108484005563282
0.07354610823766873,0.8108484005563282
0.07355538733282867,0.8108484005563282
0.07356466876971608,0.8108484005563282
0.07357395254921757,0.8108484005563282
0.07358323867222012,0.8108484005563282
0.0735925271396112,0.8108484005563282
0.07347557126625426,0.8094575799721836
0.07348484848484849,0.8094575799721836
0.07349412804647051,0.8094575799721836
0.07350340995200809,0.8094575799721836
0.07351269420234938,0.8094575799721836
0.0735312697409981,0.8094575799721836
0.07354056103108415,0.8094575799721836
0.07354985466953115,0.8094575799721836
0.07355915065722952,0.8094575799721836
0.07356844899507016,0.8094575799721836
0.07357774968394437,0.8094575799721836
0.07358705272474396,0.8094575799721836
0.07359635811836115,0.8094575799721836
0.07360566586568863,0.8094575799721836
0.07363360323886639,0.8094575799721836
0.07364292040997089,0.8094575799721836
0.07352568969881043,0.808066759388039
0.07353499557018099,0.808066759388039
0.07354430379746836,0.808066759388039
0.07355361438156728,0.808066759388039
0.07347352419559158,0.8066759388038943
0.07348283288990244,0.8066759388038943
0.07349214394323365,0.8066759388038943
0.07350145735648207,0.8066759388038943
0.07351077313054499,0.8066759388038943
0.0735200912663202,0.8066759388038943
0.0734026369168357,0.8052851182197497
0.07341194370483073,0.8052851182197497
0.0734212528531575,0.8052851182197497
0.07343056436271402,0.8052851182197497
0.07343987823439878,0.8052851182197497
0.07333164171530068,0.803894297635605
0.0733502538071066,0.803894297635605
0.07335956339637009,0.803894297635605
0.07336887534907337,0.803894297635605
0.07337818966611655,0.803894297635605
0.0733875063484002,0.803894297635605
0.07327914655829312,0.8025034770514604
0.07328845421059317,0.8025034770514604
0.07329776422764228,0.8025034770514604
0.07331639135959339,0.8025034770514604
0.0733257084762994,0.8025034770514604
0.07334434981568577,0.8025034770514604
0.0733536740401729,0.8025034770514604
0.07336300063572791,0.8025034770514604
0.07337232960325533,0.8025034770514604
0.07325448302174742,0.8011126564673157
0.07326380055965404,0.8011126564673157
0.0732824427480916,0.8011126564673157
0.07329176740043263,0.8011126564673157
0.07330109442606261,0.8011126564673157
0.07331042382588775,0.8011126564673157
0.07331975560081466,0.8011126564673157
0.07332908975175048,0.8011126564673157
0.07333842627960276,0.8011126564673157
0.07334776518527951,0.8011126564673157
0.07335710646968925,0.8011126564673157
0.07336645013374092,0.8011126564673157
0.07337579617834394,0.8011126564673157
0.0733851446044082,0.8011126564673157
0.07341320418047413,0.8011126564673157
0.0734225621414914,0.8011126564673157
0.07343192248852626,0.8011126564673157
0.0734412852224914,0.8011126564673157
0.07345065034429993,0.8011126564673157
0.07346001785486544,0.8011126564673157
0.07346938775510205,0.8011126564673157
0.07347876004592423,0.8011126564673157
0.073488134728247,0.8011126564673157
0.07349751180298583,0.8011126564673157
0.07350689127105667,0.8011126564673157
0.07352565739086035,0.8011126564673157
0.07355382454348104,0.8011126564673157
0.0735632183908046,0.8011126564673157
0.07357261463788478,0.8011126564673157
0.07358201328564129,0.8011126564673157
0.07359141433499425,0.8011126564673157
0.0736008177868643,0.8011126564673157
0.07361022364217253,0.8011126564673157
0.0736196319018405,0.8011126564673157
0.07364787111622555,0.8011126564673157
0.07365728900255754,0.8011126564673157
0.07366670929786417,0.8011126564673157
0.07367613200306984,0.8011126564673157
0.0736855571190994,0.8011126564673157
0.0736949846468782,0.8011126564673157
0.07371384694138726,0.8011126564673157
0.07372328170997056,0.8011126564673157
0.0737516005121639,0.8011126564673157
0.07376104494813676,0.8011126564673157
0.07377049180327869,0.8011126564673157
0.07365185090303573,0.799721835883171
0.07366128619011017,0.799721835883171
0.07368016401845208,0.799721835883171
0.07368960656157889,0.799721835883171
0.07369905152524994,0.799721835883171
0.0737084989103961,0.799721835883171
0.07371794871794872,0.799721835883171
0.07372740094883959,0.799721835883171
0.07373685560400102,0.799721835883171
0.07374631268436578,0.799721835883171
0.07376523412443874,0.799721835883171
0.07364639466256094,0.7983310152990264
0.07352752470165533,0.7969401947148818
0.07353696098562629,0.7969401947148818
0.07354639969195226,0.7969401947148818
0.0735652843754012,0.7969401947148818
0.07357473035439137,0.7969401947148818
0.07359362959157462,0.7969401947148818
0.07360308285163776,0.7969401947148818
0.0736125385405961,0.7969401947148818
0.07362199665938585,0.7969401947148818
0.07363145720894372,0.7969401947148818
0.07364092019020692,0.7969401947148818
0.0736503856041131,0.7969401947148818
0.07365985345160046,0.7969401947148818
0.07366932373360761,0.7969401947148818
0.07367879645107368,0.7969401947148818
0.07368827160493827,0.7969401947148818
0.07369774919614148,0.7969401947148818
0.07370722922562388,0.7969401947148818
0.07371671169432652,0.7969401947148818
0.07373568395315919,0.7969401947148818
0.07374517374517374,0.7969401947148818
0.07375466598017763,0.7969401947148818
0.07376416065911431,0.7969401947148818
0.07377365778292777,0.7969401947148818
0.07378315735256245,0.7969401947148818
0.07380216383307574,0.7969401947148818
0.07381167074584567,0.7969401947148818
0.07382118010821953,0.7969401947148818
0.07383069192114418,0.7969401947148818
0.07384020618556701,0.7969401947148818
0.07384972290243588,0.7969401947148818
0.07385924207269914,0.7969401947148818
0.07386876369730566,0.7969401947148818
0.07387828777720475,0.7969401947148818
0.07388781431334623,0.7969401947148818
0.07376837761155533,0.7955493741307371
0.07377789242873727,0.7955493741307371
0.07365841073271413,0.7941585535465925
0.07366791381757193,0.7941585535465925
0.07354838709677419,0.7927677329624478
0.07355787843592722,0.7927677329624478
0.07356737222509034,0.7927677329624478
0.07344778623983478,0.7913769123783032
0.0734572682674929,0.7913769123783032
0.07346675274370562,0.7913769123783032
0.07348572904558956,0.7913769123783032
0.07349522087315939,0.7913769123783032
0.07352371107378214,0.7913769123783032
0.07353321271646421,0.7913769123783032
0.07354271681530308,0.7913769123783032
0.0735522233712513,0.7913769123783032
0.0735617323852618,0.7913769123783032
0.07357124385828807,0.7913769123783032
0.0735807577912841,0.7913769123783032
0.0734609415416451,0.7899860917941586
0.07347994825355757,0.7899860917941586
0.07348945529822745,0.7899860917941586
0.07350847676976835,0.7899860917941586
0.07352750809061488,0.7899860917941586
0.07354654926841901,0.7899860917941586
0.07355607355607356,0.7899860917941586
0.07356560031084057,0.7899860917941586
0.07358466122554735,0.7899860917941586
0.0734646281420057,0.7885952712100139
0.07347414798496825,0.7885952712100139
0.0734836702954899,0.7885952712100139
0.07349319507453013,0.7885952712100139
0.073502722323049,0.7885952712100139
0.073512252042007,0.7885952712100139
0.07352178423236515,0.7885952712100139
0.07353131889508495,0.7885952712100139
0.07354085603112841,0.7885952712100139
0.07343020238713026,0.7872044506258693
0.07343973011547944,0.7872044506258693
0.07344926031663639,0.7872044506258693
0.07345879299156392,0.7872044506258693
0.07346832814122534,0.7872044506258693
0.07348740586860555,0.7872044506258693
0.07349694844825347,0.7872044506258693
0.0735064935064935,0.7872044506258693
0.07351604104429146,0.7872044506258693
0.07352559106261367,0.7872044506258693
0.0734052228140834,0.7858136300417247
0.07341476091476092,0.7858136300417247
0.07342430149447693,0.7858136300417247
0.07343384455419807,0.7858136300417247
0.07344339009489145,0.7858136300417247
0.07345293811752471,0.7858136300417247
0.07346248862306592,0.7858136300417247
0.07334200260078023,0.7844228094575799
0.07322148523865261,0.7830319888734353
0.07324053596981918,0.7830319888734353
0.07325006505334374,0.7830319888734353
0.07325959661678595,0.7830319888734353
0.073269130661114,0.7830319888734353
0.07327866718729663,0.7830319888734353
0.07328820619630305,0.7830319888734353
0.07330729166666666,0.7830319888734353
0.07332638707996875,0.7830319888734353
0.07333593851765012,0.7830319888734353
0.07334549244398124,0.7830319888734353
0.07335504885993485,0.7830319888734353
0.07336460776648424,0.7830319888734353
0.07337416916460315,0.7830319888734353
0.0733837330552659,0.7830319888734353
0.07339329943944727,0.7830319888734353
0.07327249022164277,0.7816411682892906
0.07328204459512322,0.7816411682892906
0.07330116081909482,0.7816411682892906
0.07331072267153665,0.7816411682892906
0.07332028701891716,0.7816411682892906
0.07333942320240115,0.7816411682892906
0.07334899504045941,0.7816411682892906
0.07322803811512857,0.780250347705146
0.07323759791122715,0.780250347705146
0.07324716020368194,0.780250347705146
0.07325672499347088,0.780250347705146
0.07327586206896551,0.780250347705146
0.07328543435662965,0.780250347705146
0.0732950091455448,0.780250347705146
0.07332374852960398,0.780250347705146
0.07334292064322133,0.780250347705146
0.07335251046025104,0.780250347705146
0.07336210278540604,0.780250347705146
0.07337169761967041,0.780250347705146
0.07325049051667756,0.7788595271210014
0.07326007326007326,0.7788595271210014
0.07326965851105587,0.7788595271210014
0.07328883653971993,0.7788595271210014
0.07329842931937172,0.7788595271210014
0.07331762241424457,0.7788595271210014
0.07332722273143905,0.7788595271210014
0.07333682556312206,0.7788595271210014
0.0733464309102816,0.7788595271210014
0.07336564915498493,0.7788595271210014
0.07324423480083858,0.7774687065368567
0.07325383304940375,0.7774687065368567
0.07327303709529427,0.7774687065368567
0.07329225121279664,0.7774687065368567
0.07330186205087857,0.7774687065368567
0.07331147540983607,0.7774687065368567
0.07332109129066107,0.7774687065368567
0.07320913146155865,0.7760778859527121
0.07321873769846476,0.7760778859527121
0.07322834645669292,0.7760778859527121
0.0732475715410869,0.7760778859527121
0.07325718786923986,0.7760778859527121
0.07326680672268908,0.7760778859527121
0.07327642810242942,0.7760778859527121
0.07328605200945626,0.7760778859527121
0.07329567844476553,0.7760778859527121
0.07330530740935365,0.7760778859527121
0.07331493890421759,0.7760778859527121
0.0733245729303548,0.7760778859527121
0.07320278617426731,0.7746870653685675
0.0732124079915878,0.7746870653685675
0.07322203233863547,0.7746870653685675
0.07324128862590401,0.7746870653685675
0.07325092056812205,0.7746870653685675
0.07326055504406155,0.7746870653685675
0.07327983160110511,0.7746870653685675
0.07328947368421053,0.7746870653685675
0.07316752204237399,0.7732962447844228
0.07317715188207423,0.7732962447844228
0.07318678425694353,0.7732962447844228
0.07319641916798315,0.7732962447844228
0.07320605661619486,0.7732962447844228
0.07321569660258098,0.7732962447844228
0.07322533912814434,0.7732962447844228
0.0732349841938883,0.7732962447844228
0.07324463180081675,0.7732962447844228
0.07325428194993412,0.7732962447844228
0.07327358987875593,0.7732962447844228
0.07315144325820483,0.7719054242002782
0.07317073170731707,0.7719054242002782
0.07318037974683544,0.7719054242002782
0.07319003033100356,0.7719054242002782
0.07306779213927724,0.7705146036161336
0.07307743041815064,0.7705146036161336
0.07308707124010554,0.7705146036161336
0.07310636051728689,0.7705146036161336
0.07311600897452818,0.7705146036161336
0.07312565997888068,0.7705146036161336
0.07313531353135314,0.7705146036161336
0.07314496963295485,0.7705146036161336
0.07315462828469563,0.7705146036161336
0.07316428948758584,0.7705146036161336
0.07317395324263637,0.7705146036161336
0.07318361955085866,0.7705146036161336
0.07319328841326463,0.7705146036161336
0.0732029598308668,0.7705146036161336
0.07321263380467821,0.7705146036161336
0.0732223103357124,0.7705146036161336
0.07323198942498348,0.7705146036161336
0.07324167107350608,0.7705146036161336
0.07325135528229539,0.7705146036161336
0.0732610420523671,0.7705146036161336
0.07327073138473747,0.7705146036161336
0.07314814814814814,0.7691237830319889
0.07315782510914141,0.7691237830319889
0.07317718671430462,0.7691237830319889
0.07318687136050821,0.7691237830319889
0.07319655857048313,0.7691237830319889
0.07320624834524755,0.7691237830319889
0.0732159406858202,0.7691237830319889
0.07322563559322035,0.7691237830319889
0.07323533306846776,0.7691237830319889
0.07324503311258278,0.7691237830319889
0.07326444091149974,0.7691237830319889
0.07314164568702795,0.7677329624478443
0.07315133845746091,0.7677329624478443
0.0730284956925116,0.7663421418636995
0.07303817603393425,0.7663421418636995
0.07304785894206549,0.7663421418636995
0.07305754441792628,0.7663421418636995
0.07306723246253813,0.7663421418636995
0.07307692307692308,0.7663421418636995
0.07308661626210372,0.7663421418636995
0.07309631201910322,0.7663421418636995
0.0731060103489452,0.7663421418636995
0.07311571125265393,0.7663421418636995
0.07312541473125415,0.7663421418636995
0.07313512078577117,0.7663421418636995
0.07314482941723086,0.7663421418636995
0.07316425441508431,0.7663421418636995
0.07317397078353254,0.7663421418636995
0.07318368973303227,0.7663421418636995
0.07319341126461211,0.7663421418636995
0.07321286207812915,0.7663421418636995
0.07323232323232323,0.7663421418636995
0.0732517947354427,0.7663421418636995
0.07326153437042947,0.7663421418636995
0.07327127659574469,0.7663421418636995
0.07329076882149507,0.7663421418636995
0.07330051882399893,0.7663421418636995
0.0733102714209686,0.7663421418636995
0.07332002661343978,0.7663421418636995
0.07332978440244876,0.7663421418636995
0.07333954478903235,0.7663421418636995
0.0733493077742279,0.7663421418636995
0.07335907335907337,0.7663421418636995
0.07337861233186843,0.7663421418636995
0.07338838572189664,0.7663421418636995
0.07339816171573198,0.7663421418636995
0.07340794031441514,0.7663421418636995
0.07341772151898734,0.7663421418636995
0.0734275053304904,0.7663421418636995
0.07343729174996667,0.7663421418636995
0.07344708077845907,0.7663421418636995
0.07345687241701107,0.7663421418636995
0.07346666666666667,0.7663421418636995
0.07347646352847047,0.7663421418636995
0.07349606509270375,0.7663421418636995
0.0733822548365577,0.7649513212795549
0.07339204697091006,0.7649513212795549
0.07340184171893767,0.7649513212795549
0.07341163908168713,0.7649513212795549
0.07342143906020558,0.7649513212795549
0.07343124165554073,0.7649513212795549
0.07344104686874083,0.7649513212795549
0.0734508547008547,0.7649513212795549
0.07346066515293175,0.7649513212795549
0.07333689553833823,0.7635605006954103
0.07334669338677355,0.7635605006954103
0.07335649385355425,0.7635605006954103
0.07336629693973006,0.7635605006954103
0.07337610264635125,0.7635605006954103
0.07338591097446866,0.7635605006954103
0.07339572192513369,0.7635605006954103
0.07340553549939831,0.7635605006954103
0.07341535169831506,0.7635605006954103
0.07342517052293701,0.7635605006954103
0.07343499197431781,0.7635605006954103
0.0734448160535117,0.7635605006954103
0.07345464276157346,0.7635605006954103
0.0734644720995584,0.7635605006954103
0.07348413866952215,0.7635605006954103
0.07350381577185701,0.7635605006954103
0.07352350341502611,0.7635605006954103
0.07353335119207072,0.7635605006954103
0.07354320160750168,0.7635605006954103
0.07355305466237942,0.7635605006954103
0.07356291035776498,0.7635605006954103
0.0735826296743064,0.7635605006954103
0.07359249329758713,0.7635605006954103
0.07360235956562541,0.7635605006954103
0.07361222847948512,0.7635605006954103
0.07362210004023066,0.7635605006954103
0.07363197424892703,0.7635605006954103
0.07364185110663984,0.7635605006954103
0.0736517306144352,0.7635605006954103
0.07352743861532268,0.7621696801112656
0.07353730542136339,0.7621696801112656
0.07354717487585559,0.7621696801112656
0.07355704697986577,0.7621696801112656
0.07357679914070892,0.7621696801112656
0.07358667919967772,0.7621696801112656
0.0735965619124362,0.7621696801112656
0.07361633530360022,0.7621696801112656
0.07362622598414617,0.7621696801112656
0.07363611932276269,0.7621696801112656
0.07364601532052144,0.7621696801112656
0.07365591397849462,0.7621696801112656
0.0734068297929551,0.7593880389429764
0.07341670028237192,0.7593880389429764
0.07329209252286176,0.7579972183588317
0.07330195023537324,0.7579972183588317
0.07317729351627657,0.7566063977746871
0.0731871384367012,0.7566063977746871
0.07319698600645856,0.7566063977746871
0.07320683622661822,0.7566063977746871
0.07321668909825034,0.7566063977746871
0.0732364028002154,0.7566063977746871
0.07324626363269153,0.7566063977746871
0.07326599326599327,0.7566063977746871
0.07327586206896551,0.7566063977746871
0.07328573353091741,0.7566063977746871
0.07329560765292374,0.7566063977746871
0.07330548443605983,0.7566063977746871
0.07331536388140161,0.7566063977746871
0.07319045693489688,0.7552155771905424
0.0732003235373416,0.7552155771905424
0.0732200647249191,0.7552155771905424
0.07309507754551585,0.7538247566063978
0.07310493660642028,0.7538247566063978
0.07311479832726292,0.7538247566063978
0.07312466270912034,0.7538247566063978
0.07314439946018893,0.7538247566063978
0.07301930085031719,0.7524339360222532
0.07302915766738662,0.7524339360222532
0.07303901714594303,0.7524339360222532
0.07304887928706454,0.7524339360222532
0.07292370020256583,0.7510431154381085
0.07293354943273905,0.7510431154381085
0.07295325587679005,0.7510431154381085
0.0729631130928253,0.7510431154381085
0.07297297297297298,0.7510431154381085
0.072992700729927,0.7510431154381085
0.0730025686088955,0.7510431154381085
0.0730124391563007,0.7510431154381085
0.07302231237322515,0.7510431154381085
0.07303218826075196,0.7510431154381085
0.07304206681996483,0.7510431154381085
0.07305194805194805,0.7510431154381085
0.07292653226897577,0.7496522948539638
0.07280108254397835,0.7482614742698191
0.07281093517390716,0.7482614742698191
0.07268543584190579,0.7468706536856745
0.07269527548395831,0.7468706536856745
0.0727051177904143,0.7468706536856745
0.07271496276235613,0.7468706536856745
0.07272481040086674,0.7468706536856745
0.07273466070702966,0.7468706536856745
0.07274451368192901,0.7468706536856745
0.07275436932664951,0.7468706536856745
0.07262872628726287,0.7454798331015299
0.07263856891177667,0.7454798331015299
0.07264841420439143,0.7454798331015299
0.07265826216619221,0.7454798331015299
0.07266811279826464,0.7454798331015299
0.07267796610169491,0.7454798331015299
0.07269768072697681,0.7454798331015299
0.0727075420510038,0.7454798331015299
0.07271740605073938,0.7454798331015299
0.07272727272727272,0.7454798331015299
0.07273714208169359,0.7454798331015299
0.0727470141150923,0.7454798331015299
0.0727568888285598,0.7454798331015299
0.07276676622318762,0.7454798331015299
0.07277664630006789,0.7454798331015299
0.07278652906029331,0.7454798331015299
0.07279641450495722,0.7454798331015299
0.07280630263515349,0.7454798331015299
0.07281619345197664,0.7454798331015299
0.07282608695652174,0.7454798331015299
0.0728359831498845,0.7454798331015299
0.07284588203316118,0.7454798331015299
0.07285578360744868,0.7454798331015299
0.07286568787384448,0.7454798331015299
0.07287559483344663,0.7454798331015299
0.07288550448735383,0.7454798331015299
0.07289541683666531,0.7454798331015299
0.07290533188248095,0.7454798331015299
0.0729251700680272,0.7454798331015299
0.07293509320996054,0.7454798331015299
0.07294501905280348,0.7454798331015299
0.07296487884563027,0.7454798331015299
0.07297481279782164,0.7454798331015299
0.07284858387799564,0.7440890125173852
0.07286842822119313,0.7440890125173852
0.07287835444762295,0.7440890125173852
0.07288828337874659,0.7440890125173852
0.0728982150156697,0.7440890125173852
0.0729081493594985,0.7440890125173852
0.07291808641133979,0.7440890125173852
0.07292802617230099,0.7440890125173852
0.07293796864349011,0.7440890125173852
0.07294791382601581,0.7440890125173852
0.07295786172098732,0.7440890125173852
0.07297776565270768,0.7440890125173852
0.07298772169167804,0.7440890125173852
0.07299768044753718,0.7440890125173852
0.07300764192139737,0.7440890125173852
0.07302757302757303,0.7440890125173852
0.07303754266211604,0.7440890125173852
0.07305749009968592,0.7440890125173852
0.073067467904944,0.7440890125173852
0.07307744843600601,0.7440890125173852
0.07308743169398907,0.7440890125173852
0.07310740639518994,0.7440890125173852
0.07298072980729807,0.7426981919332406
0.07299070530344451,0.7426981919332406
0.07301066447908121,0.7426981919332406
0.07302064816080951,0.7426981919332406
0.07303063457330415,0.7426981919332406
0.07304062371768567,0.7426981919332406
0.07305061559507524,0.7426981919332406
0.07306061020659461,0.7426981919332406
0.07307060755336617,0.7426981919332406
0.07308060763651293,0.7426981919332406
0.0730906104571585,0.7426981919332406
0.0731006160164271,0.7426981919332406
0.07311062431544359,0.7426981919332406
0.07312063535533342,0.7426981919332406
0.07313064913722268,0.7426981919332406
0.07314066566223805,0.7426981919332406
0.07315068493150685,0.7426981919332406
0.073160706946157,0.7426981919332406
0.07317073170731707,0.7426981919332406
0.0730637422892392,0.741307371349096
0.07308377896613191,0.741307371349096
0.07310382663557811,0.741307371349096
0.07311385459533608,0.741307371349096
0.07312388530662642,0.741307371349096
0.07313391877058179,0.741307371349096
0.0731439549883354,0.741307371349096
0.0731640356897735,0.741307371349096
0.07317408017572762,0.741307371349096
0.07318412742001923,0.741307371349096
0.07319417742378467,0.741307371349096
0.07320423018816097,0.741307371349096
0.07307692307692308,0.7399165507649513
0.0730869624948482,0.7399165507649513
0.07309700467161308,0.7399165507649513
0.0731070496083551,0.7399165507649513
0.0731170973062122,0.7399165507649513
0.07312714776632302,0.7399165507649513
0.07313720098982678,0.7399165507649513
0.07314725697786333,0.7399165507649513
0.07315731573157316,0.7399165507649513
0.07316737725209738,0.7399165507649513
0.07317744154057772,0.7399165507649513
0.07318750859815655,0.7399165507649513
0.07319757842597689,0.7399165507649513
0.07320765102518233,0.7399165507649513
0.07321772639691715,0.7399165507649513
0.07322780454232622,0.7399165507649513
0.07323788546255507,0.7399165507649513
0.07324796915874983,0.7399165507649513
0.07325805563205728,0.7399165507649513
0.07326814488362485,0.7399165507649513
0.07329842931937172,0.7399165507649513
0.07330852969546645,0.7399165507649513
0.0733186328555678,0.7399165507649513
0.07321108506824762,0.7385257301808067
0.0732211803640375,0.7385257301808067
0.07323127844435251,0.7385257301808067
0.07324137931034483,0.7385257301808067
0.07325148296316733,0.7385257301808067
0.07312362030905077,0.7371349095966621
0.07299572236787637,0.7357440890125174
0.07300579630140767,0.7357440890125174
0.07287784679089027,0.7343532684283728
0.07288790723357261,0.7343532684283728
0.07289797045423167,0.7343532684283728
0.07290803645401822,0.7343532684283728
0.07292817679558011,0.7343532684283728
0.07293825113966017,0.7343532684283728
0.07281016855484941,0.7329624478442281
0.07255389718076286,0.7301808066759388
0.07256392536281962,0.7301808066759388
0.07257395631739011,0.7301808066759388
0.07258399004562423,0.7301808066759388
0.07259402654867257,0.7301808066759388
0.07260406582768635,0.7301808066759388
0.07261410788381743,0.7301808066759388
0.07262415271821829,0.7301808066759388
0.07249584947426674,0.7287899860917941
0.07250588072505881,0.7287899860917941
0.07252595155709343,0.7287899860917941
0.0725359911406423,0.7287899860917941
0.07254603350408417,0.7287899860917941
0.07256612657526658,0.7287899860917941
0.07257617728531857,0.7287899860917941
0.07258623077988641,0.7287899860917941
0.07259628706012745,0.7287899860917941
0.07260634612719967,0.7287899860917941
0.07261640798226164,0.7287899860917941
0.07262647262647262,0.7287899860917941
0.07263654006099252,0.7287899860917941
0.07264661028698184,0.7287899860917941
0.07265668330560178,0.7287899860917941
0.07266675911801415,0.7287899860917941
0.07267683772538142,0.7287899860917941
0.0726869191288667,0.7287899860917941
0.07269700332963375,0.7287899860917941
0.07270709032884695,0.7287899860917941
0.07271718012767138,0.7287899860917941
0.07272727272727272,0.7287899860917941
0.07274746633347216,0.7287899860917941
0.07275756734240489,0.7287899860917941
0.07276767115678379,0.7287899860917941
0.07277777777777777,0.7287899860917941
0.07278788720655646,0.7287899860917941
0.07279799944429008,0.7287899860917941
0.07280811449214951,0.7287899860917941
0.07281823235130629,0.7287899860917941
0.0728283530229326,0.7287899860917941
0.07283847650820127,0.7287899860917941
0.07284860280828584,0.7287899860917941
0.07271968854282536,0.7273991655076495
0.07272980114031428,0.7273991655076495
0.07273991655076495,0.7273991655076495
0.07275003477535123,0.7273991655076495
0.07276015581524764,0.7273991655076495
0.07277027967162933,0.7273991655076495
0.07278040634567214,0.7273991655076495
0.07279053583855254,0.7273991655076495
0.07280066815144766,0.7273991655076495
0.0728108032855353,0.7273991655076495
0.07282094124199387,0.7273991655076495
0.0728310820220025,0.7273991655076495
0.07284122562674095,0.7273991655076495
0.0728513720573896,0.7273991655076495
0.07287167340114253,0.7273991655076495
0.07289198606271777,0.7273991655076495
0.07290214664064679,0.7273991655076495
0.07291231005158232,0.7273991655076495
0.07292247629670942,0.7273991655076495
0.07293264537721378,0.7273991655076495
0.07294281729428173,0.7273991655076495
0.07295299204910029,0.7273991655076495
0.07296316964285714,0.7273991655076495
0.07298353335193972,0.7273991655076495
0.0729937194696441,0.7273991655076495
0.07300390843104411,0.7273991655076495
0.07301410023733072,0.7273991655076495
0.07302429488969561,0.7273991655076495
0.0730344923893311,0.7273991655076495
0.07304469273743017,0.7273991655076495
0.07305489593518648,0.7273991655076495
0.07306510198379436,0.7273991655076495
0.07294577976523198,0.7260083449235049
0.0729559748427673,0.7260083449235049
0.07296617277047805,0.7260083449235049
0.07297637354955963,0.7260083449235049
0.07298657718120806,0.7260083449235049
0.07299678366662005,0.7260083449235049
0.07300699300699301,0.7260083449235049
0.07301720520352496,0.7260083449235049
0.07302742025741465,0.7260083449235049
0.07303763816986147,0.7260083449235049
0.07304785894206549,0.7260083449235049
0.07305808257522743,0.7260083449235049
0.07306830907054872,0.7260083449235049
0.07307853842923141,0.7260083449235049
0.07308877065247829,0.7260083449235049
0.07309900574149279,0.7260083449235049
0.073109243697479,0.7260083449235049
0.07311948452164169,0.7260083449235049
0.07312972821518633,0.7260083449235049
0.07313997477931904,0.7260083449235049
0.07315022421524664,0.7260083449235049
0.07302032235459005,0.7246175243393602
0.07303055789178581,0.7246175243393602
0.07304079629889247,0.7246175243393602
0.07291082445316882,0.7232267037552156
0.07292104894124246,0.7232267037552156
0.0729312762973352,0.7232267037552156
0.07294150652265395,0.7232267037552156
0.07295173961840629,0.7232267037552156
0.07282166409428932,0.721835883171071
0.07283188324445691,0.721835883171071
0.07284210526315789,0.721835883171071
0.07285233015160023,0.721835883171071
0.07286255791099255,0.721835883171071
0.07287278854254423,0.721835883171071
0.07288302204746525,0.721835883171071
0.0728932584269663,0.721835883171071
0.07290349768225875,0.721835883171071
0.07291373981455465,0.721835883171071
0.07292398482506675,0.721835883171071
0.07293423271500843,0.721835883171071
0.07294448348559382,0.721835883171071
0.07295473713803767,0.721835883171071
0.07296499367355547,0.721835883171071
0.07297525309336333,0.721835883171071
0.0729855153986781,0.721835883171071
0.0729957805907173,0.721835883171071
0.07301631963984243,0.721835883171071
0.07302659349936683,0.721835883171071
0.07304714989444054,0.721835883171071
0.07305743243243243,0.721835883171071
0.07306771786569055,0.721835883171071
0.0730780061954379,0.721835883171071
0.07308829742289819,0.721835883171071
0.07309859154929578,0.721835883171071
0.07310888857585575,0.721835883171071
0.07312949133436664,0.721835883171071
0.0729988726042841,0.7204450625869263
0.0730091613812544,0.7204450625869263
0.07301945305892303,0.7204450625869263
0.07302974763851684,0.7204450625869263
0.0730400451212634,0.7204450625869263
0.07290932167536314,0.7190542420027817
0.07292989138101284,0.7190542420027817
0.07294018058690745,0.7190542420027817
0.07295047269648652,0.7190542420027817
0.0729607677109794,0.7190542420027817
0.07282992237120678,0.717663421418637
0.07284020327498589,0.717663421418637
0.07285048708174502,0.717663421418637
0.07286077379271393,0.717663421418637
0.07288135593220339,0.717663421418637
0.07289165136318689,0.717663421418637
0.07290194970330602,0.717663421418637
0.07291225095379399,0.717663421418637
0.07292255511588468,0.717663421418637
0.07279151943462897,0.7162726008344924
0.07266044670624823,0.7148817802503477
0.07267071963806022,0.7148817802503477
0.07268099547511313,0.7148817802503477
0.07269127421863951,0.7148817802503477
0.0727015558698727,0.7148817802503477
0.07271184043004668,0.7148817802503477
0.07272212790039616,0.7148817802503477
0.0727324182821565,0.7148817802503477
0.07274271157656383,0.7148817802503477
0.07275300778485491,0.7148817802503477
0.07276330690826727,0.7148817802503477
0.07278391390540924,0.7148817802503477
0.07279422178161733,0.7148817802503477
0.07281484629550927,0.7148817802503477
0.07283548249964575,0.7148817802503477
0.07284580498866214,0.7148817802503477
0.07287679001843188,0.7148817802503477
0.07288712422007941,0.7148817802503477
0.07289746135299957,0.7148817802503477
0.07290780141843972,0.7148817802503477
0.07291814441764789,0.7148817802503477
0.07292849035187288,0.7148817802503477
0.07293883922236413,0.7148817802503477
0.07294919103037184,0.7148817802503477
0.07295954577714692,0.7148817802503477
0.07296990346394094,0.7148817802503477
0.07298026409200625,0.7148817802503477
0.07299062766259586,0.7148817802503477
0.0730009941769635,0.7148817802503477
0.07301136363636364,0.7148817802503477
0.07302173604205142,0.7148817802503477
0.07303211139528275,0.7148817802503477
0.0730424896973142,0.7148817802503477
0.07305287094940308,0.7148817802503477
0.07306325515280739,0.7148817802503477
0.0730736423087859,0.7148817802503477
0.07308403241859804,0.7148817802503477
0.07309442548350398,0.7148817802503477
0.07310482150476462,0.7148817802503477
0.07311522048364154,0.7148817802503477
0.07312562242139707,0.7148817802503477
0.07313602731929425,0.7148817802503477
0.07314643517859684,0.7148817802503477
0.07315684600056932,0.7148817802503477
0.07316725978647687,0.7148817802503477
0.07317767653758542,0.7148817802503477
0.07318809625516161,0.7148817802503477
0.0731985189404728,0.7148817802503477
0.07321937321937322,0.7148817802503477
0.07324023938444,0.7148817802503477
0.07325067692746187,0.7148817802503477
0.07326111744583809,0.7148817802503477
0.07327156094084106,0.7148817802503477
0.07328200741374394,0.7148817802503477
0.07329245686582062,0.7148817802503477
0.07316029663434113,0.713490959666203
0.07317073170731707,0.713490959666203
0.07303851640513552,0.7121001390820584
0.07290626337565986,0.7107093184979137
0.07291666666666667,0.7107093184979137
0.07292707292707293,0.7107093184979137
0.07293748215815016,0.7107093184979137
0.07294789436117059,0.7107093184979137
0.07296872768813366,0.7107093184979137
0.07297914881462439,0.7107093184979137
0.07298957291815455,0.7107093184979137
0.073,0.7107093184979137
0.07301043006143734,0.7107093184979137
0.07302086310374392,0.7107093184979137
0.0730312991281978,0.7107093184979137
0.07304173813607776,0.7107093184979137
0.07305218012866332,0.7107093184979137
0.07306262510723477,0.7107093184979137
0.07307307307307308,0.7107093184979137
0.07294050343249428,0.7093184979137691
0.07295093691889572,0.7093184979137691
0.07296137339055794,0.7093184979137691
0.07297181284876234,0.7093184979137691
0.07298225529479108,0.7093184979137691
0.072992700729927,0.7093184979137691
0.07300314915545376,0.7093184979137691
0.07302405498281787,0.7093184979137691
0.07303451238722612,0.7093184979137691
0.073044972787167,0.7093184979137691
0.0730554361839278,0.7093184979137691
0.07307637197306205,0.7093184979137691
0.07308684436801376,0.7093184979137691
0.07309731976494195,0.7093184979137691
0.07310779816513761,0.7093184979137691
0.073128763980499,0.7093184979137691
0.0731392513982504,0.7093184979137691
0.07300631095811819,0.7079276773296245
0.07302725968436155,0.7079276773296245
0.07289424594633376,0.7065368567454798
0.07290470723306544,0.7065368567454798
0.07291517152289365,0.7065368567454798
0.07292563881711168,0.7065368567454798
0.07293610911701363,0.7065368567454798
0.07294658242389432,0.7065368567454798
0.07295705873904926,0.7065368567454798
0.07296753806377478,0.7065368567454798
0.07298850574712644,0.7065368567454798
0.0729989941083489,0.7065368567454798
0.07300948548433459,0.7065368567454798
0.07301997987638349,0.7065368567454798
0.07303047728579644,0.7065368567454798
0.07304097771387491,0.7065368567454798
0.0730514811619212,0.7065368567454798
0.07306198763123832,0.7065368567454798
0.07307249712313003,0.7065368567454798
0.07308300963890088,0.7065368567454798
0.07309352517985611,0.7065368567454798
0.07310404374730177,0.7065368567454798
0.07311456534254462,0.7065368567454798
0.07312508996689218,0.7065368567454798
0.07313561762165274,0.7065368567454798
0.07314614830813534,0.7065368567454798
0.07316721878150656,0.7065368567454798
0.073177758571017,0.7065368567454798
0.07318830139749316,0.7065368567454798
0.07319884726224783,0.7065368567454798
0.07320939616659461,0.7065368567454798
0.07321994811184779,0.7065368567454798
0.07308634856566239,0.7051460361613352
0.07310742609949532,0.7051460361613352
0.07297375252379579,0.7037552155771906
0.0729842780902928,0.7037552155771906
0.07299480669359493,0.7037552155771906
0.07300533833501659,0.7037552155771906
0.07301587301587302,0.7037552155771906
0.07303695150115473,0.7037552155771906
0.07304749530821424,0.7037552155771906
0.0730580421599769,0.7037552155771906
0.07306859205776173,0.7037552155771906
0.07307914500288851,0.7037552155771906
0.07311082213552955,0.7037552155771906
0.073121387283237,0.7037552155771906
0.07313195548489666,0.7037552155771906
0.07315310105537083,0.7037552155771906
0.07316367842683633,0.7037552155771906
0.07317425885755603,0.7037552155771906
0.07318484234885739,0.7037552155771906
0.07319542890206857,0.7037552155771906
0.07320601851851852,0.7037552155771906
0.07321661119953697,0.7037552155771906
0.07308248914616498,0.7023643949930459
0.07309306701403966,0.7023643949930459
0.073114231938613,0.7023643949930459
0.07312481899797278,0.7023643949930459
0.07313540912382331,0.7023643949930459
0.0731460023174971,0.7023643949930459
0.0731565985803274,0.7023643949930459
0.07316719791364822,0.7023643949930459
0.07317780031879438,0.7023643949930459
0.07318840579710145,0.7023643949930459
0.07319901434990578,0.7023643949930459
0.07320962597854451,0.7023643949930459
0.07322024068435552,0.7023643949930459
0.07308584686774942,0.7009735744089013
0.07309644670050762,0.7009735744089013
0.0731070496083551,0.7009735744089013
0.0731176555926302,0.7009735744089013
0.07312826465467208,0.7009735744089013
0.07313887679582064,0.7009735744089013
0.07314949201741655,0.7009735744089013
0.07316011032080127,0.7009735744089013
0.07317073170731707,0.7009735744089013
0.07318135617830696,0.7009735744089013
0.07320261437908497,0.7009735744089013
0.07321324811156305,0.7009735744089013
0.0732238849338951,0.7009735744089013
0.07323452484742807,0.7009735744089013
0.07324516785350967,0.7009735744089013
0.07325581395348837,0.7009735744089013
0.07326646314871348,0.7009735744089013
0.07327711544053504,0.7009735744089013
0.07328777083030391,0.7009735744089013
0.07329842931937172,0.7009735744089013
0.07330909090909091,0.7009735744089013
0.07331975560081466,0.7009735744089013
0.07333042339589699,0.7009735744089013
0.07334109429569266,0.7009735744089013
0.07335176830155726,0.7009735744089013
0.07338380896913221,0.7009735744089013
0.07339449541284404,0.7009735744089013
0.0734051849694145,0.7009735744089013
0.07341587764020394,0.7009735744089013
0.07342657342657342,0.7009735744089013
0.0734372723298849,0.7009735744089013
0.07345867949278531,0.7009735744089013
0.07346938775510205,0.7009735744089013
0.07333430529231666,0.6995827538247567
0.07334499854184894,0.6995827538247567
0.07336639439906652,0.6995827538247567
0.07337709700948213,0.6995827538247567
0.07338780274292384,0.6995827538247567
0.07339851160075879,0.6995827538247567
0.07341993869508101,0.6995827538247567
0.07343065693430657,0.6995827538247567
0.07344137830340196,0.6995827538247567
0.07345210280373832,0.6995827538247567
0.07348429510591672,0.6995827538247567
0.07349503214494447,0.6995827538247567
0.07350577232208096,0.6995827538247567
0.07351651563870214,0.6995827538247567
0.07352726209618476,0.6995827538247567
0.07339181286549708,0.6981919332406119
0.07340254423161281,0.6981919332406119
0.07341327873647266,0.6981919332406119
0.07342401638145385,0.6981919332406119
0.07344550109729334,0.6981919332406119
0.07345624817091015,0.6981919332406119
0.07332064978779453,0.6968011126564673
0.0733421168203777,0.6968011126564673
0.07336359642700249,0.6968011126564673
0.07337434094903339,0.6968011126564673
0.07339583943744506,0.6968011126564673
0.0734065934065934,0.6968011126564673
0.07341735052754983,0.6968011126564673
0.07342811080170013,0.6968011126564673
0.07343887423043095,0.6968011126564673
0.07344964081512975,0.6968011126564673
0.07346041055718475,0.6968011126564673
0.0734819595189205,0.6968011126564673
0.07349273874138183,0.6968011126564673
0.07350352112676056,0.6968011126564673
0.07351430667644901,0.6968011126564673
0.07352509539184032,0.6968011126564673
0.07353588727432848,0.6968011126564673
0.07354668232530828,0.6968011126564673
0.07355748054617531,0.6968011126564673
0.07356828193832599,0.6968011126564673
0.07344300822561692,0.6954102920723226
0.07345379756133393,0.6954102920723226
0.07346459006758742,0.6954102920723226
0.07347538574577517,0.6954102920723226
0.07348618459729571,0.6954102920723226
0.07349698662354844,0.6954102920723226
0.07350779182593355,0.6954102920723226
0.07351860020585207,0.6954102920723226
0.07354022650389763,0.6954102920723226
0.07355104442483083,0.6954102920723226
0.07356186552890981,0.6954102920723226
0.07358351729212656,0.6954102920723226
0.07359434795407713,0.6954102920723226
0.07360518180479905,0.6954102920723226
0.07362685907819172,0.6954102920723226
0.07349042709867452,0.694019471488178
0.0735012520253351,0.694019471488178
0.07351208014142604,0.694019471488178
0.07352291144835715,0.694019471488178
0.07353374594753904,0.694019471488178
0.0735445836403832,0.694019471488178
0.07342966676496608,0.6926286509040334
0.07344049550213833,0.6926286509040334
0.07345132743362832,0.6926286509040334
0.07346216256084968,0.6926286509040334
0.07347300088521688,0.6926286509040334
0.07349468713105077,0.6926286509040334
0.07350553505535055,0.6926286509040334
0.07351638618246235,0.6926286509040334
0.07352724051380481,0.6926286509040334
0.0735380980507974,0.6926286509040334
0.07354895879486044,0.6926286509040334
0.07355982274741507,0.6926286509040334
0.07357068990988329,0.6926286509040334
0.07358156028368794,0.6926286509040334
0.0735924338702527,0.6926286509040334
0.07360331067100206,0.6926286509040334
0.07346637102734664,0.6912378303198887
0.07347723240685984,0.6912378303198887
0.0734880969983735,0.6912378303198887
0.07335107956225968,0.6898470097357441
0.0733619287087709,0.6898470097357441
0.07337278106508875,0.6898470097357441
0.07338363663263796,0.6898470097357441
0.07339449541284404,0.6898470097357441
0.07340535740713335,0.6898470097357441
0.07341622261693309,0.6898470097357441
0.07342709104367136,0.6898470097357441
0.07345971563981042,0.6898470097357441
0.07347059694860021,0.6898470097357441
0.07348148148148148,0.6898470097357441
0.07349236923988739,0.6898470097357441
0.07350326022525193,0.6898470097357441
0.07351415443900992,0.6898470097357441
0.0735250518825971,0.6898470097357441
0.07353595255744996,0.6898470097357441
0.07355776360670324,0.6898470097357441
0.07356867398398101,0.6898470097357441
0.07357958759827919,0.6898470097357441
0.07359050445103858,0.6898470097357441
0.07360142454370085,0.6898470097357441
0.07361234787770853,0.6898470097357441
0.07362327445450498,0.6898470097357441
0.07363420427553444,0.6898470097357441
0.07364513734224203,0.6898470097357441
0.07365607365607366,0.6898470097357441
0.07366701321847616,0.6898470097357441
0.0736779560308972,0.6898470097357441
0.07368890209478532,0.6898470097357441
0.0736998514115899,0.6898470097357441
0.07371080398276118,0.6898470097357441
0.07372175980975029,0.6898470097357441
0.07373271889400922,0.6898470097357441
0.07374368123699078,0.6898470097357441
0.0737546468401487,0.6898470097357441
0.07376561570493753,0.6898470097357441
0.07378756322523058,0.6898470097357441
0.07379854188364826,0.6898470097357441
0.07380952380952381,0.6898470097357441
0.07383149746948496,0.6898470097357441
0.07384248920649099,0.6898470097357441
0.07385348421679572,0.6898470097357441
0.0738644825018615,0.6898470097357441
0.07387548406315163,0.6898470097357441
0.07388648890213019,0.6898470097357441
0.07390850841901356,0.6898470097357441
0.07377049180327869,0.6884561891515995
0.0737814875540319,0.6884561891515995
0.07380348889220217,0.6884561891515995
0.07381449448255294,0.6884561891515995
0.07383651551312649,0.6884561891515995
0.07384753095628822,0.6884561891515995
0.0738585496866607,0.6884561891515995
0.07386957170571556,0.6884561891515995
0.07388059701492537,0.6884561891515995
0.07389162561576355,0.6884561891515995
0.07390265750970439,0.6884561891515995
0.07391369269822308,0.6884561891515995
0.0739247311827957,0.6884561891515995
0.07393577296489919,0.6884561891515995
0.07394681804601136,0.6884561891515995
0.07395786642761093,0.6884561891515995
0.07396891811117752,0.6884561891515995
0.0739799730981916,0.6884561891515995
0.07399103139013453,0.6884561891515995
0.07401315789473684,0.6884561891515995
0.0740242261103634,0.6884561891515995
0.07403529763685313,0.6884561891515995
0.07404637247569185,0.6884561891515995
0.07406853209636391,0.6884561891515995
0.0740796168811733,0.6884561891515995
0.07409070498428379,0.6884561891515995
0.07395209580838323,0.6870653685674548
0.07396316813894295,0.6870653685674548
0.07397424378556454,0.6870653685674548
0.0739853227497379,0.6870653685674548
0.07399640503295386,0.6870653685674548
0.07400749063670412,0.6870653685674548
0.07401857956248127,0.6870653685674548
0.07404076738609112,0.6870653685674548
0.0740518662869135,0.6870653685674548
0.07406296851574212,0.6870653685674548
0.07407407407407407,0.6870653685674548
0.07408518296340731,0.6870653685674548
0.07409629518524073,0.6870653685674548
0.0741074107410741,0.6870653685674548
0.0741185296324081,0.6870653685674548
0.07397959183673469,0.6856745479833102
0.0739906948821852,0.6856745479833102
0.07400180126088261,0.6856745479833102
0.07401291097432817,0.6856745479833102
0.07403514041147319,0.6856745479833102
0.07404626013817964,0.6856745479833102
0.07405738320564818,0.6856745479833102
0.07406850961538461,0.6856745479833102
0.07407963936889557,0.6856745479833102
0.07409077246768861,0.6856745479833102
0.0741019089132722,0.6856745479833102
0.07411304870715574,0.6856745479833102
0.0741241918508495,0.6856745479833102
0.07413533834586467,0.6856745479833102
0.07414648819371333,0.6856745479833102
0.07415764139590854,0.6856745479833102
0.07401835414472695,0.6842837273991655
0.07402949142341259,0.6842837273991655
0.07404063205417608,0.6842837273991655
0.07405177603853101,0.6842837273991655
0.07406292337799188,0.6842837273991655
0.07407407407407407,0.6842837273991655
0.07408522812829393,0.6842837273991655
0.07409638554216867,0.6842837273991655
0.07410754631721644,0.6842837273991655
0.07411871045495631,0.6842837273991655
0.07412987795690824,0.6842837273991655
0.07414104882459313,0.6842837273991655
0.07400150715900528,0.6828929068150209
0.07401266204401567,0.6828929068150209
0.074023820292477,0.6828929068150209
0.07403498190591074,0.6828929068150209
0.07404614688583924,0.6828929068150209
0.07405731523378582,0.6828929068150209
0.0740684869512747,0.6828929068150209
0.07392878696439348,0.6815020862308763
0.07393994265881998,0.6815020862308763
0.07395110172049502,0.6815020862308763
0.0739622641509434,0.6815020862308763
0.07398459912426393,0.6815020862308763
0.07399577167019028,0.6815020862308763
0.07400694759099834,0.6815020862308763
0.07401812688821752,0.6815020862308763
0.07402930956337815,0.6815020862308763
0.07405168505364969,0.6815020862308763
0.07406287787182587,0.6815020862308763
0.07408527366192924,0.6815020862308763
0.07409647663692727,0.6815020862308763
0.07411889275450008,0.6815020862308763
0.07413010590015129,0.6815020862308763
0.0741413224390982,0.6815020862308763
0.07415254237288135,0.6815020862308763
0.07417499243112322,0.6815020862308763
0.07418622255866768,0.6815020862308763
0.07419745608721987,0.6815020862308763
0.074208693018325,0.6815020862308763
0.07421993335352924,0.6815020862308763
0.07423117709437964,0.6815020862308763
0.07424242424242425,0.6815020862308763
0.07425367479921201,0.6815020862308763
0.07426492876629281,0.6815020862308763
0.0742874469375379,0.6815020862308763
0.07430997876857749,0.6815020862308763
0.07432124981040497,0.6815020862308763
0.07433252427184465,0.6815020862308763
0.07434380215445305,0.6815020862308763
0.07420333839150228,0.6801112656467315
0.07421460009106086,0.6801112656467315
0.07422586520947176,0.6801112656467315
0.07424840570907987,0.6801112656467315
0.07425968109339408,0.6801112656467315
0.07427095990279466,0.6801112656467315
0.07413033571320067,0.6787204450625869
0.07414159829838955,0.6787204450625869
0.07415286430633643,0.6787204450625869
0.07416413373860183,0.6787204450625869
0.07417540659674722,0.6787204450625869
0.07418668288233506,0.6787204450625869
0.0741979625969287,0.6787204450625869
0.07420924574209246,0.6787204450625869
0.07422053231939163,0.6787204450625869
0.07423182233039245,0.6787204450625869
0.07425441265976872,0.6787204450625869
0.07426571298128139,0.6787204450625869
0.07427701674277017,0.6787204450625869
0.07429963459196103,0.6787204450625869
0.07431094868280798,0.6787204450625869
0.07433358720487433,0.6787204450625869
0.07434491163924437,0.6787204450625869
0.07435623952460765,0.6787204450625869
0.0743675708625419,0.6787204450625869
0.07437890565462582,0.6787204450625869
0.07439024390243902,0.6787204450625869
0.07440158560756213,0.6787204450625869
0.0744129307715767,0.6787204450625869
0.07427177062681105,0.6773296244784422
0.07428309945088468,0.6773296244784422
0.07429443173150267,0.6773296244784422
0.07430576747024718,0.6773296244784422
0.07433979545107618,0.6773296244784422
0.07435114503816793,0.6773296244784422
0.07436249809131165,0.6773296244784422
0.0743738546120953,0.6773296244784422
0.07438521460210784,0.6773296244784422
0.0743965780629392,0.6773296244784422
0.07425515660809778,0.6759388038942976
0.07426650366748166,0.6759388038942976
0.07427785419532325,0.6759388038942976
0.07428920819321308,0.6759388038942976
0.07430056566274269,0.6759388038942976
0.07431192660550459,0.6759388038942976
0.07432329102309222,0.6759388038942976
0.07433465891710003,0.6759388038942976
0.07435740514075888,0.6759388038942976
0.07436878347360368,0.6759388038942976
0.0743801652892562,0.6759388038942976
0.07439155058931578,0.6759388038942976
0.07440293937538273,0.6759388038942976
0.07441433164905834,0.6759388038942976
0.07442572741194486,0.6759388038942976
0.07443712666564559,0.6759388038942976
0.0744485294117647,0.6759388038942976
0.07447134538768005,0.6759388038942976
0.07448275862068965,0.6759388038942976
0.07449417535254445,0.6759388038942976
0.07450559558485359,0.6759388038942976
0.07451701931922723,0.6759388038942976
0.07452844655727649,0.6759388038942976
0.0745398773006135,0.6759388038942976
0.07455131155085136,0.6759388038942976
0.07456274930960417,0.6759388038942976
0.07457419057848703,0.6759388038942976
0.07458563535911603,0.6759388038942976
0.07459708365310821,0.6759388038942976
0.07460853546208167,0.6759388038942976
0.07461999078765545,0.6759388038942976
0.07463144963144963,0.6759388038942976
0.07464291199508524,0.6759388038942976
0.07465437788018434,0.6759388038942976
0.07466584728836995,0.6759388038942976
0.07467732022126614,0.6759388038942976
0.07468879668049792,0.6759388038942976
0.07454657239471257,0.674547983310153
0.07455803228285934,0.674547983310153
0.07456949569495695,0.674547983310153
0.07459243309750846,0.674547983310153
0.07460390709121674,0.674547983310153
0.07461538461538461,0.674547983310153
0.07462686567164178,0.674547983310153
0.07463835026161895,0.674547983310153
0.07464983838694782,0.674547983310153
0.07466133004926108,0.674547983310153
0.07467282525019246,0.674547983310153
0.07453033569448722,0.6731571627260083
0.07454181426151239,0.6731571627260083
0.07456478200585426,0.6731571627260083
0.07457627118644068,0.6731571627260083
0.07458776390815226,0.6731571627260083
0.07445660551872976,0.6717663421418637
0.07446808510638298,0.6717663421418637
0.07447956823438705,0.6717663421418637
0.07449105490438002,0.6717663421418637
0.07451403887688984,0.6717663421418637
0.07452553618268785,0.6717663421418637
0.07453703703703704,0.6717663421418637
0.07454854144158049,0.6717663421418637
0.07456004939796233,0.6717663421418637
0.0745715609078277,0.6717663421418637
0.07444015444015444,0.6703755215577191
0.07445165276490577,0.6703755215577191
0.07446315464236057,0.6703755215577191
0.07447466007416563,0.6703755215577191
0.07448616906196878,0.6703755215577191
0.07450919771216571,0.6703755215577191
0.07452071737786023,0.6703755215577191
0.07453224060615432,0.6703755215577191
0.0745437673987009,0.6703755215577191
0.0745552977571539,0.6703755215577191
0.07457836917840012,0.6703755215577191
0.07458991024450634,0.6703755215577191
0.07460145488314503,0.6703755215577191
0.07445820433436533,0.6689847009735744
0.0744697321566806,0.6689847009735744
0.07448126354908641,0.6689847009735744
0.07449279851324145,0.6689847009735744
0.0745158791634392,0.6689847009735744
0.07437248218159281,0.6675938803894298
0.07438400743840075,0.6675938803894298
0.07439553626782393,0.6675938803894298
0.0744070686715238,0.6675938803894298
0.07441860465116279,0.6675938803894298
0.07443014420840441,0.6675938803894298
0.07444168734491315,0.6675938803894298
0.07445323406235459,0.6675938803894298
0.07446478436239529,0.6675938803894298
0.07447633824670287,0.6675938803894298
0.074487895716946,0.6675938803894298
0.07449945677479435,0.6675938803894298
0.07451102142191866,0.6675938803894298
0.07453416149068323,0.6675938803894298
0.07454573691567014,0.6675938803894298
0.0745688985552276,0.6675938803894298
0.07458048477315103,0.6675938803894298
0.07459207459207459,0.6675938803894298
0.07460366801367734,0.6675938803894298
0.07461526503963936,0.6675938803894298
0.07462686567164178,0.6675938803894298
0.07463846991136681,0.6675938803894298
0.07465007776049767,0.6675938803894298
0.07466168922071861,0.6675938803894298
0.07467330429371499,0.6675938803894298
0.07470817120622568,0.6675938803894298
0.074719800747198,0.6675938803894298
0.07473143390938813,0.6675938803894298
0.0747430706944877,0.6675938803894298
0.07475471110418938,0.6675938803894298
0.07476635514018691,0.6675938803894298
0.0747896540978498,0.6675938803894298
0.0748013090229079,0.6675938803894298
0.07481296758104738,0.6675938803894298
0.07482462977396727,0.6675938803894298
0.07483629560336763,0.6675938803894298
0.07485963817841547,0.6675938803894298
0.07487131492746842,0.6675938803894298
0.0748829953198128,0.6675938803894298
0.07473864877515993,0.6662030598052852
0.07475031210986267,0.6662030598052852
0.07477364970340306,0.6662030598052852
0.07478532396565184,0.6662030598052852
0.07479700187382886,0.6662030598052852
0.07480868342964235,0.6662030598052852
0.07482036863480163,0.6662030598052852
0.07483205749101703,0.6662030598052852
0.07484375,0.6662030598052852
0.07485544616346304,0.6662030598052852
0.07486714598311972,0.6662030598052852
0.0748788494606847,0.6662030598052852
0.07489055659787366,0.6662030598052852
0.07490226739640345,0.6662030598052852
0.07492569998435789,0.6662030598052852
0.07493742177722153,0.6662030598052852
0.07494914723830387,0.6662030598052852
0.07496087636932708,0.6662030598052852
0.0749726091720144,0.6662030598052852
0.07498434564809017,0.6662030598052852
0.07499608579927979,0.6662030598052852
0.07500782962730974,0.6662030598052852
0.0750195771339076,0.6662030598052852
0.075031328320802,0.6662030598052852
0.0750430831897227,0.6662030598052852
0.0750548417424005,0.6662030598052852
0.0750666039805673,0.6662030598052852
0.07507836990595611,0.6662030598052852
0.07509013952030098,0.6662030598052852
0.0751019128253371,0.6662030598052852
0.07511368982280069,0.6662030598052852
0.07512547051442911,0.6662030598052852
0.07513725490196078,0.6662030598052852
0.07514904298713523,0.6662030598052852
0.07516083477169308,0.6662030598052852
0.07517263025737601,0.6662030598052852
0.07519623233908948,0.6662030598052852
0.07520803893860889,0.6662030598052852
0.07521984924623115,0.6662030598052852
0.07523166326370347,0.6662030598052852
0.07524348099277411,0.6662030598052852
0.07525530243519246,0.6662030598052852
0.07526712759270898,0.6662030598052852
0.07512179789407512,0.6648122392211405
0.07513360578434454,0.6648122392211405
0.07514541738720328,0.6648122392211405
0.07515723270440251,0.6648122392211405
0.0751690517376946,0.6648122392211405
0.07518087448883297,0.6648122392211405
0.07519270095957213,0.6648122392211405
0.07520453115166771,0.6648122392211405
0.07521636506687647,0.6648122392211405
0.07507082152974505,0.6634214186369958
0.07509445843828716,0.6634214186369958
0.07510628247520075,0.6634214186369958
0.07511811023622048,0.6634214186369958
0.075129941723106,0.6634214186369958
0.07514177693761814,0.6634214186369958
0.0749960611312431,0.6620305980528511
0.07500787897888433,0.6620305980528511
0.07501970055161544,0.6620305980528511
0.07503152585119799,0.6620305980528511
0.0750433548793946,0.6620305980528511
0.07505518763796909,0.6620305980528511
0.07506702412868632,0.6620305980528511
0.0750788643533123,0.6620305980528511
0.07509070831361414,0.6620305980528511
0.07510255601136005,0.6620305980528511
0.07511440744831939,0.6620305980528511
0.07512626262626262,0.6620305980528511
0.0749802683504341,0.6606397774687065
0.07499210609409536,0.6606397774687065
0.07500394757618822,0.6606397774687065
0.07501579279848389,0.6606397774687065
0.0750276417627547,0.6606397774687065
0.07488151658767772,0.6592489568845619
0.07489334808026545,0.6592489568845619
0.07490518331226295,0.6592489568845619
0.07477078722731584,0.6578581363004172
0.07478260869565218,0.6578581363004172
0.0747944339025933,0.6578581363004172
0.07480626284991301,0.6578581363004172
0.07481809553938627,0.6578581363004172
0.07467172915677898,0.6564673157162726
0.07469536319037823,0.6564673157162726
0.07470718581829693,0.6564673157162726
0.07471901218933037,0.6564673157162726
0.07473084230525649,0.6564673157162726
0.07474267616785432,0.6564673157162726
0.07475451377890402,0.6564673157162726
0.07476635514018691,0.6564673157162726
0.07477820025348543,0.6564673157162726
0.07479004912058311,0.6564673157162726
0.07480190174326466,0.6564673157162726
0.07482561826252378,0.6564673157162726
0.0746907706945766,0.655076495132128
0.0747026169706582,0.655076495132128
0.07471446700507614,0.655076495132128
0.07472632079961923,0.655076495132128
0.07473817835607743,0.655076495132128
0.07475003967624187,0.655076495132128
0.07476190476190477,0.655076495132128
0.07478564623690061,0.655076495132128
0.07465057179161372,0.6536856745479833
0.07466243050039714,0.6536856745479833
0.07467429297743883,0.6536856745479833
0.0746861592245352,0.6536856745479833
0.07469802924348379,0.6536856745479833
0.0747099030360833,0.6536856745479833
0.07472178060413355,0.6536856745479833
0.07473366194943552,0.6536856745479833
0.07474554707379134,0.6536856745479833
0.07475743597900429,0.6536856745479833
0.07476932866687878,0.6536856745479833
0.07478122513922036,0.6536856745479833
0.07463399108847868,0.6522948539638387
0.07464586980741685,0.6522948539638387
0.07465775230818211,0.6522948539638387
0.0746696385925808,0.6522948539638387
0.07468152866242038,0.6522948539638387
0.07469342251950947,0.6522948539638387
0.07470532016565785,0.6522948539638387
0.07471722160267644,0.6522948539638387
0.07472912683237731,0.6522948539638387
0.07474103585657371,0.6522948539638387
0.07476486529571177,0.6522948539638387
0.07478870993461968,0.6522948539638387
0.07481256978784495,0.6522948539638387
0.0748245054243778,0.6522948539638387
0.07484838812639642,0.6522948539638387
0.07486033519553073,0.6522948539638387
0.07487228607918263,0.6522948539638387
0.07488424077917931,0.6522948539638387
0.07473650590865538,0.650904033379694
0.07474844274077623,0.650904033379694
0.07476038338658147,0.650904033379694
0.07477232784789903,0.650904033379694
0.07478427612655801,0.650904033379694
0.07479622822438868,0.650904033379694
0.0748081841432225,0.650904033379694
0.07483210745123121,0.650904033379694
0.07484407484407485,0.650904033379694
0.07485604606525911,0.650904033379694
0.07486802111662134,0.650904033379694
0.07488,0.650904033379694
0.07489198271723475,0.650904033379694
0.07490396927016646,0.650904033379694
0.0749159596606371,0.650904033379694
0.07492795389048991,0.650904033379694
0.07477982385908727,0.6495132127955494
0.07480378023386193,0.6495132127955494
0.07481576417814803,0.6495132127955494
0.07485173906074691,0.6495132127955494
0.07470343058672652,0.6481223922114048
0.07455507455507455,0.6467315716272601
0.07456703014753047,0.6467315716272601
0.07457898957497995,0.6467315716272601
0.07443054218800128,0.6453407510431154
0.07444248355527033,0.6453407510431154
0.07446637778847696,0.6453407510431154
0.07431781701444623,0.6439499304589708
0.07432974795312249,0.6439499304589708
0.07434168272318561,0.6439499304589708
0.07435362132648145,0.6439499304589708
0.07436556376485705,0.6439499304589708
0.07438946015424165,0.6439499304589708
0.07440141410895067,0.6439499304589708
0.0744133719061395,0.6439499304589708
0.07442533354766115,0.6439499304589708
0.07427652733118971,0.6425591098748261
0.0742884708152436,0.6425591098748261
0.07430041814088131,0.6425591098748261
0.07431236930995658,0.6425591098748261
0.07432432432432433,0.6425591098748261
0.0743362831858407,0.6425591098748261
0.07434824589636305,0.6425591098748261
0.07436021245774987,0.6425591098748261
0.07437218287186091,0.6425591098748261
0.07423510466988728,0.6411682892906815
0.07424706071831212,0.6411682892906815
0.0742590206185567,0.6411682892906815
0.07427098437248268,0.6411682892906815
0.07428295198195295,0.6411682892906815
0.07429492344883158,0.6411682892906815
0.07430689877498388,0.6411682892906815
0.07431887796227632,0.6411682892906815
0.07433086101257659,0.6411682892906815
0.07434284792775359,0.6411682892906815
0.07435483870967742,0.6411682892906815
0.07436683336021939,0.6411682892906815
0.07437883188125202,0.6411682892906815
0.07439083427464903,0.6411682892906815
0.07440284054228534,0.6411682892906815
0.07441485068603712,0.6411682892906815
0.07442686470778172,0.6411682892906815
0.07443888260939771,0.6411682892906815
0.07445090439276486,0.6411682892906815
0.07446293005976418,0.6411682892906815
0.07447495961227786,0.6411682892906815
0.07449903038138332,0.6411682892906815
0.0745110716017456,0.6411682892906815
0.07452311671516328,0.6411682892906815
0.07453516572352466,0.6411682892906815
0.07454721862871927,0.6411682892906815
0.07455927543263788,0.6411682892906815
0.07457133613717244,0.6411682892906815
0.07458340074421614,0.6411682892906815
0.07459546925566343,0.6411682892906815
0.07460754167340994,0.6411682892906815
0.07461961799935254,0.6411682892906815
0.07463169823538934,0.6411682892906815
0.07464378238341969,0.6411682892906815
0.07466796242306446,0.6411682892906815
0.07468005831848372,0.6411682892906815
0.07470426187003727,0.6411682892906815
0.0747163695299838,0.6411682892906815
0.07456638028853947,0.6397774687065368
0.07457846952010376,0.6397774687065368
0.07442840927517431,0.6383866481223922
0.0744404800518975,0.6383866481223922
0.07430240103828682,0.6369958275382476
0.0741521986045757,0.6356050069541029
0.07416423239208049,0.6356050069541029
0.074176270086025,0.6356050069541029
0.0742003572008443,0.6356050069541029
0.07421240662552776,0.6356050069541029
0.07422445996426831,0.6356050069541029
0.07424857839155158,0.6356050069541029
0.0742606434839129,0.6356050069541029
0.07427271249796848,0.6356050069541029
0.07428478543563069,0.6356050069541029
0.0742968622988132,0.6356050069541029
0.0743089430894309,0.6356050069541029
0.0743210278093999,0.6356050069541029
0.07434520904506263,0.6356050069541029
0.07435730556459486,0.6356050069541029
0.07436940602115541,0.6356050069541029
0.07438151041666667,0.6356050069541029
0.0742429176164116,0.6342141863699583
0.07425500732779677,0.6342141863699583
0.07427919856654178,0.6342141863699583
0.07429130009775171,0.6342141863699583
0.07414045950790288,0.6328233657858137
0.07398956975228162,0.631432545201669
0.07400162999185005,0.631432545201669
0.07401369416367787,0.631432545201669
0.07402576226968857,0.631432545201669
0.07403783431180691,0.631432545201669
0.0740499102919589,0.631432545201669
0.07406199021207178,0.631432545201669
0.07407407407407407,0.631432545201669
0.07408616187989556,0.631432545201669
0.07411034933072151,0.631432545201669
0.07412244897959183,0.631432545201669
0.07413455258001306,0.631432545201669
0.07414666013392128,0.631432545201669
0.07415877164325384,0.631432545201669
0.07400751511190982,0.6300417246175244
0.0738562091503268,0.6286509040333796
0.07386827913057689,0.6286509040333796
0.07388035305655442,0.6286509040333796
0.07372895210070296,0.627260083449235
0.0737410071942446,0.627260083449235
0.07375306623058053,0.627260083449235
0.07376512921164541,0.627260083449235
0.0737892670157068,0.627260083449235
0.07380134184257896,0.627260083449235
0.07381342062193126,0.627260083449235
0.0738255033557047,0.627260083449235
0.07367387033398821,0.6258692628650904
0.07369800196528005,0.6258692628650904
0.07371007371007371,0.6258692628650904
0.0737221494102228,0.6258692628650904
0.07373422906767163,0.6258692628650904
0.07374631268436578,0.6258692628650904
0.07375840026225208,0.6258692628650904
0.07377049180327869,0.6258692628650904
0.07378258730939498,0.6258692628650904
0.07379468678255166,0.6258692628650904
0.07364277513531245,0.6244784422809457
0.07365485564304462,0.6244784422809457
0.07366694011484824,0.6244784422809457
0.07367902855267476,0.6244784422809457
0.07369112095847694,0.6244784422809457
0.0737032173342088,0.6244784422809457
0.07371531768182564,0.6244784422809457
0.07372742200328407,0.6244784422809457
0.07373953030054196,0.6244784422809457
0.07375164257555848,0.6244784422809457
0.07377587906671049,0.6244784422809457
0.07378800328677075,0.6244784422809457
0.07380013149243919,0.6244784422809457
0.0738122636856814,0.6244784422809457
0.07382439986846433,0.6244784422809457
0.07383654004275612,0.6244784422809457
0.07369633163349235,0.6230876216968011
0.07370845672918723,0.6230876216968011
0.07372058581536943,0.6230876216968011
0.07373271889400922,0.6230876216968011
0.07375699703654923,0.6230876216968011
0.07360447884077062,0.6216968011126565
0.07361660079051384,0.6216968011126565
0.07346400922418053,0.6203059805285118
0.07347611202635915,0.6203059805285118
0.07350032959789057,0.6203059805285118
0.0735124443711884,0.6203059805285118
0.07352456313880647,0.6203059805285118
0.07353668590272053,0.6203059805285118
0.07354881266490765,0.6203059805285118
0.0735609434273462,0.6203059805285118
0.07357307819201583,0.6203059805285118
0.0735973597359736,0.6203059805285118
0.0736095065192276,0.6203059805285118
0.07345658633212282,0.6189151599443672
0.07348084544253633,0.6189151599443672
0.07349298100743187,0.6189151599443672
0.07350512058143377,0.6189151599443672
0.073517264166529,0.6189151599443672
0.07337630143777887,0.6175243393602226
0.07338842975206611,0.6175243393602226
0.07340056207637626,0.6175243393602226
0.07341269841269842,0.6175243393602226
0.07342483876302298,0.6175243393602226
0.07343698312934172,0.6175243393602226
0.07344913151364764,0.6175243393602226
0.07346128391793515,0.6175243393602226
0.0734734403441999,0.6175243393602226
0.07348560079443893,0.6175243393602226
0.07349776527065055,0.6175243393602226
0.07350993377483443,0.6175243393602226
0.07352210630899156,0.6175243393602226
0.07353428287512422,0.6175243393602226
0.07354646347523605,0.6175243393602226
0.073558648111332,0.6175243393602226
0.0735708367854184,0.6175243393602226
0.07358302949950282,0.6175243393602226
0.07359522625559423,0.6175243393602226
0.07360742705570292,0.6175243393602226
0.0736196319018405,0.6175243393602226
0.07346600331674959,0.6161335187760779
0.07349037823490379,0.6161335187760779
0.07350257176041149,0.6161335187760779
0.0735147693328908,0.6161335187760779
0.07352697095435684,0.6161335187760779
0.07353917662682603,0.6161335187760779
0.07355138635231612,0.6161335187760779
0.07356360013284623,0.6161335187760779
0.0735758179704368,0.6161335187760779
0.07358803986710963,0.6161335187760779
0.07360026582488785,0.6161335187760779
0.07361249584579595,0.6161335187760779
0.07362472993185973,0.6161335187760779
0.07363696808510638,0.6161335187760779
0.07364921030756442,0.6161335187760779
0.07366145660126372,0.6161335187760779
0.07367370696823548,0.6161335187760779
0.07368596141051231,0.6161335187760779
0.0736982199301281,0.6161335187760779
0.07371048252911813,0.6161335187760779
0.07372274920951906,0.6161335187760779
0.07373501997336884,0.6161335187760779
0.07374729482270684,0.6161335187760779
0.07375957375957376,0.6161335187760779
0.07377185678601166,0.6161335187760779
0.07378414390406396,0.6161335187760779
0.07364211929356881,0.6147426981919333
0.07365439093484419,0.6147426981919333
0.07367894649108185,0.6147426981919333
0.07369123041013671,0.6147426981919333
0.0737035184258796,0.6147426981919333
0.07371581054036024,0.6147426981919333
0.07372810675562969,0.6147426981919333
0.07374040707374041,0.6147426981919333
0.0737527114967462,0.6147426981919333
0.07376502002670227,0.6147426981919333
0.07377733266566516,0.6147426981919333
0.07380197027884455,0.6147426981919333
0.07381429525718103,0.6147426981919333
0.07382662435276433,0.6147426981919333
0.07385129490392649,0.6147426981919333
0.07387598194885509,0.6147426981919333
0.07388833166165162,0.6147426981919333
0.0739006855040963,0.6147426981919333
0.07391304347826087,0.6147426981919333
0.07392540558621843,0.6147426981919333
0.07393777183004349,0.6147426981919333
0.07395014221181194,0.6147426981919333
0.07396251673360107,0.6147426981919333
0.07397489539748954,0.6147426981919333
0.07398727820555742,0.6147426981919333
0.07399966515988615,0.6147426981919333
0.0740120562625586,0.6147426981919333
0.07402445151565902,0.6147426981919333
0.07404925448148769,0.6147426981919333
0.0738941018766756,0.6133518776077886
0.07390648567119155,0.6133518776077886
0.07391887361716393,0.6133518776077886
0.07393126571668064,0.6133518776077886
0.07394366197183098,0.6133518776077886
0.07395606238470569,0.6133518776077886
0.07396846695739685,0.6133518776077886
0.07398087569199799,0.6133518776077886
0.07399328859060403,0.6133518776077886
0.0740057056553113,0.6133518776077886
0.07401812688821752,0.6133518776077886
0.07403055229142186,0.6133518776077886
0.07404298186702485,0.6133518776077886
0.07405541561712846,0.6133518776077886
0.07406785354383608,0.6133518776077886
0.07408029564925248,0.6133518776077886
0.07409274193548387,0.6133518776077886
0.07410519240463788,0.6133518776077886
0.07411764705882352,0.6133518776077886
0.07413010590015129,0.6133518776077886
0.07414256893073302,0.6133518776077886
0.07415503615268203,0.6133518776077886
0.07416750756811302,0.6133518776077886
0.07417998317914214,0.6133518776077886
0.07419246298788694,0.6133518776077886
0.07420494699646643,0.6133518776077886
0.07422992762161253,0.6133518776077886
0.07424242424242425,0.6133518776077886
0.07425492507156087,0.6133518776077886
0.07426743011114853,0.6133518776077886
0.07427993936331481,0.6133518776077886
0.07412398921832884,0.6119610570236439
0.07413647851727043,0.6119610570236439
0.07416146974549132,0.6119610570236439
0.07417397167902899,0.6119610570236439
0.07418647782835947,0.6119610570236439
0.07419898819561552,0.6119610570236439
0.07421150278293136,0.6119610570236439
0.07422402159244265,0.6119610570236439
0.07423654462628648,0.6119610570236439
0.07424907188660142,0.6119610570236439
0.07426160337552742,0.6119610570236439
0.07427413909520594,0.6119610570236439
0.07428667904777984,0.6119610570236439
0.07429922323539345,0.6119610570236439
0.07431177166019254,0.6119610570236439
0.07432432432432433,0.6119610570236439
0.0743368812299375,0.6119610570236439
0.07434944237918216,0.6119610570236439
0.0743620077742099,0.6119610570236439
0.07437457741717377,0.6119610570236439
0.07438715131022823,0.6119610570236439
0.07423063916131215,0.6105702364394993
0.07424319296465415,0.6105702364394993
0.07426831331416003,0.6105702364394993
0.0742808798646362,0.6105702364394993
0.07429345066847182,0.6105702364394993
0.07414931437277807,0.6091794158553546
0.0741618692854724,0.6091794158553546
0.07400508044030482,0.60778859527121
0.07401761517615175,0.60778859527121
0.07403015415890225,0.60778859527121
0.074042697390715,0.60778859527121
0.07405524487375022,0.60778859527121
0.07406779661016949,0.60778859527121
0.07408035260213595,0.60778859527121
0.07392336385215327,0.6063977746870653
0.07393589960997117,0.6063977746870653
0.07377883310719131,0.6050069541029207
0.0737913486005089,0.6050069541029207
0.07380386834068545,0.6050069541029207
0.07381639232988291,0.6050069541029207
0.07382892057026477,0.6050069541029207
0.07384145306399592,0.6050069541029207
0.07385398981324279,0.6050069541029207
0.0738665308201732,0.6050069541029207
0.07387907608695653,0.6050069541029207
0.07389162561576355,0.6050069541029207
0.07390417940876656,0.6050069541029207
0.07391673746813934,0.6050069541029207
0.0739292997960571,0.6050069541029207
0.07394186639469659,0.6050069541029207
0.07395443726623598,0.6050069541029207
0.07396701241285496,0.6050069541029207
0.07397959183673469,0.6050069541029207
0.07399217554005784,0.6050069541029207
0.07400476352500851,0.6050069541029207
0.07401735579377233,0.6050069541029207
0.07402995234853642,0.6050069541029207
0.07404255319148936,0.6050069541029207
0.07405515832482125,0.6050069541029207
0.07406776775072366,0.6050069541029207
0.07408038147138965,0.6050069541029207
0.0740929994890138,0.6050069541029207
0.07393526405451448,0.6036161335187761
0.07394786164593628,0.6036161335187761
0.07396046353101568,0.6036161335187761
0.07397306971194818,0.6036161335187761
0.07398568019093078,0.6036161335187761
0.07399829497016198,0.6036161335187761
0.07402353743817158,0.6036161335187761
0.07404879713359495,0.6036161335187761
0.07406143344709898,0.6036161335187761
0.07407407407407407,0.6036161335187761
0.07408671901672925,0.6036161335187761
0.07409936827727505,0.6036161335187761
0.0741120218579235,0.6036161335187761
0.07412467976088813,0.6036161335187761
0.07413734198838401,0.6036161335187761
0.07415000854262771,0.6036161335187761
0.0739917976760082,0.6022253129346314
0.0740044436848402,0.6022253129346314
0.07401709401709401,0.6022253129346314
0.07402974867498718,0.6022253129346314
0.07404240766073872,0.6022253129346314
0.07405507097656919,0.6022253129346314
0.07406773862470065,0.6022253129346314
0.07408041060735672,0.6022253129346314
0.07394727832933927,0.6008344923504868
0.07395993836671803,0.6008344923504868
0.07397260273972603,0.6008344923504868
0.07398527145059086,0.6008344923504868
0.07399794450154162,0.6008344923504868
0.07401062189480898,0.6008344923504868
0.07402330363262509,0.6008344923504868
0.07386461011139675,0.5994436717663422
0.07387727116900926,0.5994436717663422
0.07388993656780388,0.5994436717663422
0.07390260631001372,0.5994436717663422
0.07391528039787343,0.5994436717663422
0.07392795883361922,0.5994436717663422
0.07394064161948877,0.5994436717663422
0.07395332875772134,0.5994436717663422
0.07396602025055775,0.5994436717663422
0.0739787161002403,0.5994436717663422
0.07399141630901288,0.5994436717663422
0.07400412087912088,0.5994436717663422
0.07401682981281127,0.5994436717663422
0.07402954311233254,0.5994436717663422
0.07404226077993471,0.5994436717663422
0.07388316151202749,0.5980528511821975
0.07389585839491322,0.5980528511821975
0.07390855964248882,0.5980528511821975
0.07392126525700533,0.5980528511821975
0.07393397524071527,0.5980528511821975
0.07394668959587274,0.5980528511821975
0.0739594083247334,0.5980528511821975
0.07397213142955444,0.5980528511821975
0.07398485891259463,0.5980528511821975
0.07399759077611427,0.5980528511821975
0.07401032702237521,0.5980528511821975
0.0740230676536409,0.5980528511821975
0.07403581267217631,0.5980528511821975
0.07404856208024797,0.5980528511821975
0.074061315880124,0.5980528511821975
0.07407407407407407,0.5980528511821975
0.0740868366643694,0.5980528511821975
0.07409960365328279,0.5980528511821975
0.0741123750430886,0.5980528511821975
0.07395276676435097,0.5966620305980529
0.07396551724137931,0.5966620305980529
0.07397827211588205,0.5966620305980529
0.07399103139013453,0.5966620305980529
0.07400379506641366,0.5966620305980529
0.07401656314699794,0.5966620305980529
0.07402933563416739,0.5966620305980529
0.07404211253020365,0.5966620305980529
0.07405489383738996,0.5966620305980529
0.07408046969435331,0.5966620305980529
0.07409326424870466,0.5966620305980529
0.07410606322335464,0.5966620305980529
0.07411886662059433,0.5966620305980529
0.07413167444271643,0.5966620305980529
0.0741444866920152,0.5966620305980529
0.07415730337078652,0.5966620305980529
0.0741701244813278,0.5966620305980529
0.0741829500259381,0.5966620305980529
0.07402282947077136,0.5952712100139083
0.074035633973361,0.5952712100139083
0.07387543252595155,0.5938803894297635
0.07388821595431735,0.5938803894297635
0.07372793354101766,0.5924895688456189
0.07374069586290462,0.5924895688456189
0.07376623376623377,0.5924895688456189
0.07377900935226879,0.5924895688456189
0.073791789364282,0.5924895688456189
0.07380457380457381,0.5924895688456189
0.07383015597920277,0.5924895688456189
0.07384295371814872,0.5924895688456189
0.07385575589459084,0.5924895688456189
0.07386856251083752,0.5924895688456189
0.07388137356919876,0.5924895688456189
0.07389418907198612,0.5924895688456189
0.07390700902151284,0.5924895688456189
0.0739198334200937,0.5924895688456189
0.07393266227004512,0.5924895688456189
0.07394549557368513,0.5924895688456189
0.073971175551311,0.5924895688456189
0.07398402222994095,0.5924895688456189
0.07399687337154769,0.5924895688456189
0.0740225890529974,0.5924895688456189
0.0740354535974974,0.5924895688456189
0.0740483226142882,0.5924895688456189
0.07390019127108328,0.5910987482614742
0.07391304347826087,0.5910987482614742
0.07392590015654897,0.5910987482614742
0.07393876130828114,0.5910987482614742
0.07395162693579259,0.5910987482614742
0.07396449704142012,0.5910987482614742
0.07397737162750218,0.5910987482614742
0.07399025069637884,0.5910987482614742
0.07400313425039177,0.5910987482614742
0.07401602229188436,0.5910987482614742
0.07402891482320154,0.5910987482614742
0.0740418118466899,0.5910987482614742
0.07405471336469768,0.5910987482614742
0.07406761937957476,0.5910987482614742
0.07408052989367266,0.5910987482614742
0.0740934449093445,0.5910987482614742
0.07410636442894507,0.5910987482614742
0.07411928845483083,0.5910987482614742
0.07413221698935984,0.5910987482614742
0.07415808759378817,0.5910987482614742
0.07417102966841187,0.5910987482614742
0.07418397626112759,0.5910987482614742
0.07419692737430168,0.5910987482614742
0.07420988301030208,0.5910987482614742
0.07422284317149842,0.5910987482614742
0.07423580786026202,0.5910987482614742
0.07424877707896575,0.5910987482614742
0.07426175082998428,0.5910987482614742
0.07427472911569381,0.5910987482614742
0.07428771193847229,0.5910987482614742
0.0743006993006993,0.5910987482614742
0.07431369120475607,0.5910987482614742
0.07432668765302554,0.5910987482614742
0.07433968864789225,0.5910987482614742
0.07435269419174248,0.5910987482614742
0.07436570428696412,0.5910987482614742
0.0743787189359468,0.5910987482614742
0.07439173814108174,0.5910987482614742
0.0744047619047619,0.5910987482614742
0.0744177902293819,0.5910987482614742
0.07443082311733801,0.5910987482614742
0.0744438605710282,0.5910987482614742
0.07445690259285213,0.5910987482614742
0.07430774623203645,0.5897079276773296
0.0743207712532866,0.5897079276773296
0.07433380084151472,0.5897079276773296
0.07434683499912327,0.5897079276773296
0.07435987372851631,0.5897079276773296
0.07437291703209963,0.5897079276773296
0.07438596491228071,0.5897079276773296
0.07439901737146867,0.5897079276773296
0.07441207441207441,0.5897079276773296
0.07442513603651045,0.5897079276773296
0.0742626404494382,0.588317107093185
0.07410008779631255,0.5869262865090403
0.07411310151036178,0.5869262865090403
0.074126119796241,0.5869262865090403
0.0741391426563598,0.5869262865090403
0.07415217009312951,0.5869262865090403
0.07416520210896309,0.5869262865090403
0.07417823870627527,0.5869262865090403
0.07419127988748242,0.5869262865090403
0.07421737601125572,0.5869262865090403
0.07423043095866315,0.5869262865090403
0.07424349049964814,0.5869262865090403
0.07425655463663558,0.5869262865090403
0.07426962337205209,0.5869262865090403
0.074282696708326,0.5869262865090403
0.07429577464788732,0.5869262865090403
0.07430885719316781,0.5869262865090403
0.07432194434660092,0.5869262865090403
0.07433503611062181,0.5869262865090403
0.07434813248766738,0.5869262865090403
0.07436123348017622,0.5869262865090403
0.07437433909058865,0.5869262865090403
0.07438744932134674,0.5869262865090403
0.07440056417489421,0.5869262865090403
0.0744136836536766,0.5869262865090403
0.07442680776014109,0.5869262865090403
0.07443993649673664,0.5869262865090403
0.0744530698659139,0.5869262865090403
0.07446620787012528,0.5869262865090403
0.07447935051182492,0.5869262865090403
0.07449249779346867,0.5869262865090403
0.07432909604519775,0.5855354659248957
0.07434222143740067,0.5855354659248957
0.0743553514659131,0.5855354659248957
0.07436848613319201,0.5855354659248957
0.07438162544169612,0.5855354659248957
0.07439476939388584,0.5855354659248957
0.0744079179922234,0.5855354659248957
0.0744210712391727,0.5855354659248957
0.07443422913719944,0.5855354659248957
0.074447391688771,0.5855354659248957
0.07428369296073577,0.5841446453407511
0.07429683353971343,0.5841446453407511
0.07413305024769994,0.5827538247566064
0.07414616881967794,0.5827538247566064
0.07398230088495575,0.5813630041724618
0.07399539741547176,0.5813630041724618
0.07400849858356941,0.5813630041724618
0.07402160439171242,0.5813630041724618
0.07403471484236628,0.5813630041724618
0.07404782993799823,0.5813630041724618
0.07406094968107725,0.5813630041724618
0.07407407407407407,0.5813630041724618
0.07408720311946118,0.5813630041724618
0.07410033681971281,0.5813630041724618
0.07411347517730496,0.5813630041724618
0.07412661819471537,0.5813630041724618
0.07413976587442356,0.5813630041724618
0.07415291821891076,0.5813630041724618
0.07416607523066004,0.5813630041724618
0.07417923691215617,0.5813630041724618
0.07419240326588569,0.5813630041724618
0.07420557429433694,0.5813630041724618
0.07421875,0.5813630041724618
0.07424511545293074,0.5813630041724618
0.07425830520518742,0.5813630041724618
0.07427149964463398,0.5813630041724618
0.07428469877376932,0.5813630041724618
0.07429790259509421,0.5813630041724618
0.0743111111111111,0.5813630041724618
0.07432432432432433,0.5813630041724618
0.0743375422372399,0.5813630041724618
0.0743507648523657,0.5813630041724618
0.07437722419928826,0.5813630041724618
0.07439046093610963,0.5813630041724618
0.07441694854904754,0.5813630041724618
0.07443019943019943,0.5813630041724618
0.07444345503116652,0.5813630041724618
0.07446998040263673,0.5813630041724618
0.07448325017818959,0.5813630041724618
0.0744965246836571,0.5813630041724618
0.07450980392156863,0.5813630041724618
0.07452308789445534,0.5813630041724618
0.07453637660485021,0.5813630041724618
0.07454967005528804,0.5813630041724618
0.07456296824830538,0.5813630041724618
0.07457627118644068,0.5813630041724618
0.07458957887223412,0.5813630041724618
0.07460289130822774,0.5813630041724618
0.07461620849696537,0.5813630041724618
0.07462953044099269,0.5813630041724618
0.07464285714285715,0.5813630041724618
0.07466952483029654,0.5813630041724618
0.07468286582097552,0.5813630041724618
0.07469621157969979,0.5813630041724618
0.07470956210902592,0.5813630041724618
0.07472291741151234,0.5813630041724618
0.0747362774897193,0.5813630041724618
0.07474964234620887,0.5813630041724618
0.07476301198354499,0.5813630041724618
0.07477638640429338,0.5813630041724618
0.07478976561102164,0.5813630041724618
0.07480314960629922,0.5813630041724618
0.07481653839269733,0.5813630041724618
0.07482993197278912,0.5813630041724618
0.07484333034914951,0.5813630041724618
0.0748567335243553,0.5813630041724618
0.07487014150098513,0.5813630041724618
0.0748835542816195,0.5813630041724618
0.07489697186884071,0.5813630041724618
0.07491039426523298,0.5813630041724618
0.07492382147338232,0.5813630041724618
0.07493725349587665,0.5813630041724618
0.07495069033530571,0.5813630041724618
0.07496413199426112,0.5813630041724618
0.07497757847533633,0.5813630041724618
0.07499102978112666,0.5813630041724618
0.07500448591422933,0.5813630041724618
0.07501794687724336,0.5813630041724618
0.0750314126727697,0.5813630041724618
0.07504488330341114,0.5813630041724618
0.0750583587717723,0.5813630041724618
0.07507183908045977,0.5813630041724618
0.07508532423208192,0.5813630041724618
0.07511230907457322,0.5813630041724618
0.07512580877066859,0.5813630041724618
0.075139313320151,0.5813630041724618
0.07515282272563827,0.5813630041724618
0.07516633698975005,0.5813630041724618
0.07517985611510791,0.5813630041724618
0.07519338010433531,0.5813630041724618
0.07520690896005758,0.5813630041724618
0.07522044268490193,0.5813630041724618
0.07523398128149748,0.5813630041724618
0.07506750675067507,0.5799721835883171
0.07508102268635218,0.5799721835883171
0.0750945434900054,0.5799721835883171
0.07510806916426513,0.5799721835883171
0.07512159971176365,0.5799721835883171
0.07513513513513513,0.5799721835883171
0.07514867543701567,0.5799721835883171
0.07498197548666186,0.5785813630041725
0.07500901550667148,0.5785813630041725
0.07502254283137962,0.5785813630041725
0.07503607503607504,0.5785813630041725
0.07504961212339888,0.5785813630041725
0.07506315409599422,0.5785813630041725
0.07507670095650605,0.5785813630041725
0.07509025270758123,0.5785813630041725
0.07492327134861888,0.5771905424200278
0.07493680028891296,0.5771905424200278
0.07495033411594726,0.5771905424200278
0.07496387283236994,0.5771905424200278
0.07497741644083107,0.5771905424200278
0.07499096494398265,0.5771905424200278
0.07500451834447858,0.5771905424200278
0.07501807664497469,0.5771905424200278
0.07503163984812873,0.5771905424200278
0.07504520795660036,0.5771905424200278
0.074877916440586,0.5757997218358831
0.07489146164978293,0.5757997218358831
0.07490501176044871,0.5757997218358831
0.0749185667752443,0.5757997218358831
0.07494569152787835,0.5757997218358831
0.07495926127104835,0.5757997218358831
0.07497283592901123,0.5757997218358831
0.0749864155044376,0.5757997218358831
0.075,0.5757997218358831
0.0750135894183729,0.5757997218358831
0.07504078303425775,0.5757997218358831
0.07505438723712836,0.5757997218358831
0.07506799637352675,0.5757997218358831
0.0750816104461371,0.5757997218358831
0.07509522945764556,0.5757997218358831
0.07510885341074021,0.5757997218358831
0.07494102703683542,0.5744089012517385
0.0749546279491833,0.5744089012517385
0.07496823379923762,0.5744089012517385
0.07498184458968772,0.5744089012517385
0.07499546032322499,0.5744089012517385
0.07482746095168907,0.5730180806675939
0.07484105358764759,0.5730180806675939
0.07485465116279069,0.5730180806675939
0.07486825367981101,0.5730180806675939
0.07470010905125408,0.5716272600834492
0.07471368842028722,0.5716272600834492
0.07474086197490452,0.5716272600834492
0.0747544561658785,0.5716272600834492
0.07476805530289249,0.5716272600834492
0.07478165938864628,0.5716272600834492
0.07479526842584168,0.5716272600834492
0.07480888241718238,0.5716272600834492
0.07482250136537412,0.5716272600834492
0.07483612527312454,0.5716272600834492
0.07484975414314332,0.5716272600834492
0.07486338797814207,0.5716272600834492
0.0748770267808344,0.5716272600834492
0.07489067055393586,0.5716272600834492
0.07490431930016403,0.5716272600834492
0.07491797302223842,0.5716272600834492
0.07493163172288059,0.5716272600834492
0.07494529540481401,0.5716272600834492
0.07495896407076418,0.5716272600834492
0.0749863163656267,0.5716272600834492
0.075,0.5716272600834492
0.07501368862931192,0.5716272600834492
0.07502738225629792,0.5716272600834492
0.07504108088369546,0.5716272600834492
0.07505478451424398,0.5716272600834492
0.07506849315068494,0.5716272600834492
0.07489952502740227,0.5702364394993046
0.0749132103051343,0.5702364394993046
0.07492690058479533,0.5702364394993046
0.07494059586912813,0.5702364394993046
0.07495429616087751,0.5702364394993046
0.07496800146279027,0.5702364394993046
0.07498171177761521,0.5702364394993046
0.07499542710810317,0.5702364394993046
0.07500914745700696,0.5702364394993046
0.07483989021043001,0.56884561891516
0.07485358711566618,0.56884561891516
0.07486728903532858,0.56884561891516
0.07488099597217136,0.56884561891516
0.07489470792895074,0.56884561891516
0.0749084249084249,0.56884561891516
0.0749221469133541,0.56884561891516
0.07493587394650054,0.56884561891516
0.07494960601062856,0.56884561891516
0.0749633431085044,0.56884561891516
0.07497708524289642,0.56884561891516
0.07499083241657499,0.56884561891516
0.0750045846323125,0.56884561891516
0.07503210420106403,0.56884561891516
0.07504587155963302,0.56884561891516
0.0750596439713709,0.56884561891516
0.07508720396548559,0.56884561891516
0.07510099155343371,0.56884561891516
0.0751285819250551,0.56884561891516
0.07514238471431196,0.56884561891516
0.07497243660418963,0.5674547983310153
0.07498621576916008,0.5674547983310153
0.075,0.5674547983310153
0.07501378929950359,0.5674547983310153
0.07502758367046708,0.5674547983310153
0.0750413831156888,0.5674547983310153
0.07487122884473878,0.5660639777468707
0.07488500459981601,0.5660639777468707
0.07489878542510121,0.5660639777468707
0.07491257132339407,0.5660639777468707
0.07492636229749632,0.5660639777468707
0.07494015835021174,0.5660639777468707
0.07495395948434623,0.5660639777468707
0.07496776570270768,0.5660639777468707
0.0748111295374977,0.564673157162726
0.07482491706597862,0.564673157162726
0.07483870967741936,0.564673157162726
0.07485250737463127,0.564673157162726
0.0748663101604278,0.564673157162726
0.0748801180376245,0.564673157162726
0.07489393100903892,0.564673157162726
0.07490774907749077,0.564673157162726
0.07492157224580182,0.564673157162726
0.07493540051679587,0.564673157162726
0.07494923389329887,0.564673157162726
0.07496307237813885,0.564673157162726
0.0749769159741459,0.564673157162726
0.07501847745750184,0.564673157162726
0.07503234152652005,0.564673157162726
0.07504621072088724,0.564673157162726
0.0750600850434461,0.564673157162726
0.07507396449704141,0.564673157162726
0.07508784908452007,0.564673157162726
0.07510173880873104,0.564673157162726
0.07511563367252544,0.564673157162726
0.07512953367875648,0.564673157162726
0.07514343883027948,0.564673157162726
0.07515734912995187,0.564673157162726
0.07517126458063321,0.564673157162726
0.07519911094647157,0.564673157162726
0.07521304186735828,0.564673157162726
0.07522697795071336,0.564673157162726
0.07524091919940697,0.564673157162726
0.0752548656163114,0.564673157162726
0.07526881720430108,0.564673157162726
0.07528277396625255,0.564673157162726
0.07529673590504452,0.564673157162726
0.07531070302355779,0.564673157162726
0.07532467532467532,0.564673157162726
0.07535263548626578,0.564673157162726
0.07536662335251532,0.564673157162726
0.07538061641292239,0.564673157162726
0.07539461467038068,0.564673157162726
0.07540861812778603,0.564673157162726
0.0754226267880364,0.564673157162726
0.07543664065403195,0.564673157162726
0.07545065972867497,0.564673157162726
0.07546468401486989,0.564673157162726
0.07547871351552334,0.564673157162726
0.0753068055039048,0.5632823365785814
0.07513483355030687,0.5618915159944368
0.07514880952380952,0.5618915159944368
0.07516279069767443,0.5618915159944368
0.07517677707480462,0.5618915159944368
0.07500465289410013,0.5605006954102921
0.07501861504095308,0.5605006954102921
0.07503258238689257,0.5605006954102921
0.07486033519553073,0.5591098748261474
0.07487427826410878,0.5591098748261474
0.07470193740685543,0.5577190542420027
0.07471585615800261,0.5577190542420027
0.07472978009690645,0.5577190542420027
0.07474370922646785,0.5577190542420027
0.07475764354958986,0.5577190542420027
0.0747715830691777,0.5577190542420027
0.07478552778813875,0.5577190542420027
0.07479947770938258,0.5577190542420027
0.0748134328358209,0.5577190542420027
0.0748273931703676,0.5577190542420027
0.07484135871593878,0.5577190542420027
0.07485532947545268,0.5577190542420027
0.07486930545182972,0.5577190542420027
0.07488328664799253,0.5577190542420027
0.07471049682480388,0.5563282336578581
0.07472445357743321,0.5563282336578581
0.07455156950672645,0.5549374130737135
0.0745655017753691,0.5549374130737135
0.07457943925233645,0.5549374130737135
0.07459338194054964,0.5549374130737135
0.07460732984293193,0.5549374130737135
0.07462128296240883,0.5549374130737135
0.07444818555929666,0.5535465924895688
0.07447604790419161,0.5535465924895688
0.07448998689874602,0.5535465924895688
0.0745178805467141,0.5535465924895688
0.0745318352059925,0.5535465924895688
0.07454579509271399,0.5535465924895688
0.07455976020981642,0.5535465924895688
0.07457373056023983,0.5535465924895688
0.07458770614692653,0.5535465924895688
0.07460168697282099,0.5535465924895688
0.07442819647544056,0.5521557719054242
0.07444215263453965,0.5521557719054242
0.07445611402850713,0.5521557719054242
0.07447008066028887,0.5521557719054242
0.07448405253283302,0.5521557719054242
0.07449802964908989,0.5521557719054242
0.07451201201201202,0.5521557719054242
0.07452599962455415,0.5521557719054242
0.0745399924896733,0.5521557719054242
0.07455399061032864,0.5521557719054242
0.07439413864362202,0.5507649513212796
0.07440811724915446,0.5507649513212796
0.0742341665100545,0.5493741307371349
0.07424812030075188,0.5493741307371349
0.07426207933822147,0.5493741307371349
0.07427604362542309,0.5493741307371349
0.07410193718262179,0.5479833101529903
0.07411587659894657,0.5479833101529903
0.07412982126058326,0.5479833101529903
0.07414377117049303,0.5479833101529903
0.07415772633163938,0.5479833101529903
0.07398343373493976,0.5465924895688457
0.07399736396158915,0.5465924895688457
0.07401129943502825,0.5465924895688457
0.07402524015822189,0.5465924895688457
0.07403918613413715,0.5465924895688457
0.07405313736574336,0.5465924895688457
0.07406709385601207,0.5465924895688457
0.07408105560791706,0.5465924895688457
0.07409502262443439,0.5465924895688457
0.07392042240241373,0.545201668984701
0.07393436439079593,0.545201668984701
0.07394831163931334,0.545201668984701
0.0739622641509434,0.545201668984701
0.07397622192866579,0.545201668984701
0.07399018497546243,0.545201668984701
0.07400415329431753,0.545201668984701
0.07403210576015108,0.545201668984701
0.07404608991310918,0.545201668984701
0.07406007935008502,0.545201668984701
0.07407407407407407,0.545201668984701
0.0740880740880741,0.545201668984701
0.07410207939508506,0.545201668984701
0.07411608999810929,0.545201668984701
0.07413010590015129,0.545201668984701
0.07414412710421789,0.545201668984701
0.07415815361331819,0.545201668984701
0.07417218543046358,0.545201668984701
0.07418622255866768,0.545201668984701
0.07401097861063789,0.5438108484005564
0.07402499053388868,0.5438108484005564
0.07403900776368112,0.5438108484005564
0.0740530303030303,0.5438108484005564
0.07406705815495358,0.5438108484005564
0.07408109132247064,0.5438108484005564
0.07409512980860337,0.5438108484005564
0.07410917361637605,0.5438108484005564
0.07393364928909953,0.5424200278164116
0.07394766780432309,0.5424200278164116
0.07397572078907436,0.5424200278164116
0.07398975526465566,0.5424200278164116
0.07400379506641366,0.5424200278164116
0.0740178401973809,0.5424200278164116
0.07403189066059225,0.5424200278164116
0.07406000759589822,0.5424200278164116
0.07407407407407407,0.5424200278164116
0.07408814589665653,0.5424200278164116
0.074102223066692,0.5424200278164116
0.07411630558722919,0.5424200278164116
0.07413039346131914,0.5424200278164116
0.0741444866920152,0.5424200278164116
0.07415858528237307,0.5424200278164116
0.07417268923545074,0.5424200278164116
0.07420091324200913,0.5424200278164116
0.07421503330161751,0.5424200278164116
0.07422915873620099,0.5424200278164116
0.07424328954882924,0.5424200278164116
0.07425742574257425,0.5424200278164116
0.07427156732051038,0.5424200278164116
0.07428571428571429,0.5424200278164116
0.074299866641265,0.5424200278164116
0.0743140243902439,0.5424200278164116
0.07432818753573471,0.5424200278164116
0.07434235608082349,0.5424200278164116
0.07435653002859867,0.5424200278164116
0.07420831743609309,0.541029207232267
0.07422247662659798,0.541029207232267
0.07423664122137405,0.541029207232267
0.07425081122351594,0.541029207232267
0.07426498663612066,0.541029207232267
0.07427916746228756,0.541029207232267
0.07429335370511841,0.541029207232267
0.07432174245319068,0.541029207232267
0.07433594496464743,0.541029207232267
0.07435015290519878,0.541029207232267
0.07436436627795832,0.541029207232267
0.07437858508604206,0.541029207232267
0.0742015681774718,0.5396383866481224
0.07421576128538639,0.5396383866481224
0.07422995982399082,0.5396383866481224
0.0742441637964026,0.5396383866481224
0.07425837320574162,0.5396383866481224
0.07427258805513016,0.5396383866481224
0.07409534750143595,0.5382475660639777
0.07410953657602451,0.5382475660639777
0.07412373108599885,0.5382475660639777
0.07413793103448275,0.5382475660639777
0.07415213642460242,0.5382475660639777
0.0741663472594864,0.5382475660639777
0.07418056354226567,0.5382475660639777
0.07419478527607362,0.5382475660639777
0.07420901246404601,0.5382475660639777
0.07422324510932106,0.5382475660639777
0.07404565509303664,0.5368567454798331
0.0740598618572525,0.5368567454798331
0.07407407407407407,0.5368567454798331
0.07408829174664107,0.5368567454798331
0.0741025148780956,0.5368567454798331
0.07411674347158217,0.5368567454798331
0.07413097753024775,0.5368567454798331
0.07414521705724164,0.5368567454798331
0.07415946205571566,0.5368567454798331
0.07417371252882399,0.5368567454798331
0.07399577167019028,0.5354659248956884
0.07400999615532487,0.5354659248956884
0.0740242261103634,0.5354659248956884
0.07403846153846154,0.5354659248956884
0.07405270244277745,0.5354659248956884
0.07408120069270734,0.5354659248956884
0.0741097208854668,0.5354659248956884
0.07412398921832884,0.5354659248956884
0.07413826304640862,0.5354659248956884
0.07415254237288135,0.5354659248956884
0.07416682720092467,0.5354659248956884
0.07418111753371869,0.5354659248956884
0.07419541337444595,0.5354659248956884
0.07420971472629144,0.5354659248956884
0.07422402159244265,0.5354659248956884
0.07423833397608948,0.5354659248956884
0.0742526518804243,0.5354659248956884
0.07426697530864197,0.5354659248956884
0.0742813042639398,0.5354659248956884
0.07429563874951756,0.5354659248956884
0.07430997876857749,0.5354659248956884
0.07432432432432433,0.5354659248956884
0.07433867541996525,0.5354659248956884
0.07435303205870993,0.5354659248956884
0.07417423218079969,0.5340751043115438
0.07399536321483771,0.5326842837273992
0.0740096618357488,0.5326842837273992
0.07402396598376498,0.5326842837273992
0.07403827566209163,0.5326842837273992
0.07405259087393658,0.5326842837273992
0.07406691162251015,0.5326842837273992
0.07408123791102514,0.5326842837273992
0.07409556974269685,0.5326842837273992
0.07410990712074303,0.5326842837273992
0.07412425004838398,0.5326842837273992
0.07413859852884243,0.5326842837273992
0.07415295256534365,0.5326842837273992
0.07416731216111541,0.5326842837273992
0.07398799147782296,0.5312934631432545
0.07400232468035645,0.5312934631432545
0.07401666343731834,0.5312934631432545
0.07403100775193798,0.5312934631432545
0.07404535762744718,0.5312934631432545
0.07407407407407407,0.5312934631432545
0.07411719053162592,0.5312934631432545
0.07413157384048127,0.5312934631432545
0.07414596273291925,0.5312934631432545
0.0741603572121918,0.5312934631432545
0.0741747572815534,0.5312934631432545
0.07418916294426102,0.5312934631432545
0.07420357420357421,0.5312934631432545
0.074217991062755,0.5312934631432545
0.07423241352506801,0.5312934631432545
0.07424684159378037,0.5312934631432545
0.07426127527216174,0.5312934631432545
0.07427571456348435,0.5312934631432545
0.07429015947102295,0.5312934631432545
0.07430460999805485,0.5312934631432545
0.07431906614785992,0.5312934631432545
0.07433352792372057,0.5312934631432545
0.07434799532892176,0.5312934631432545
0.07436246836675102,0.5312934631432545
0.07437694704049844,0.5312934631432545
0.07439143135345667,0.5312934631432545
0.07440592130892092,0.5312934631432545
0.07442041691018897,0.5312934631432545
0.07443491816056118,0.5312934631432545
0.07444942506334049,0.5312934631432545
0.07446393762183236,0.5312934631432545
0.0744784558393449,0.5312934631432545
0.07449297971918876,0.5312934631432545
0.0745075092646772,0.5312934631432545
0.07452204447912603,0.5312934631432545
0.07453658536585366,0.5312934631432545
0.07455113192818111,0.5312934631432545
0.07456568416943198,0.5312934631432545
0.07459480570201132,0.5312934631432545
0.074609375,0.5312934631432545
0.07462394999023246,0.5312934631432545
0.07463853067604533,0.5312934631432545
0.0746531170607778,0.5312934631432545
0.0746677091477717,0.5312934631432545
0.07468230694037145,0.5312934631432545
0.07469691044192413,0.5312934631432545
0.07471151965577938,0.5312934631432545
0.07472613458528951,0.5312934631432545
0.07474075523380944,0.5312934631432545
0.07475538160469668,0.5312934631432545
0.07477001370131141,0.5312934631432545
0.07478465152701644,0.5312934631432545
0.07479929508517721,0.5312934631432545
0.0746180963572268,0.5299026425591099
0.07463271302644466,0.5299026425591099
0.07464733542319749,0.5299026425591099
0.07466196355085244,0.5299026425591099
0.07467659741277931,0.5299026425591099
0.07469123701235052,0.5299026425591099
0.07470588235294118,0.5299026425591099
0.074720533437929,0.5299026425591099
0.07473519027069439,0.5299026425591099
0.07476452119309263,0.5299026425591099
0.07477919528949951,0.5299026425591099
0.07479387514723204,0.5299026425591099
0.07480856076968388,0.5299026425591099
0.07482325216025137,0.5299026425591099
0.07483794932233354,0.5299026425591099
0.07485265225933202,0.5299026425591099
0.07486736097465121,0.5299026425591099
0.07488207547169812,0.5299026425591099
0.07489679575388244,0.5299026425591099
0.07491152182461659,0.5299026425591099
0.07492625368731563,0.5299026425591099
0.07494099134539732,0.5299026425591099
0.07495573480228211,0.5299026425591099
0.07497048406139316,0.5299026425591099
0.07498523912615628,0.5299026425591099
0.075,0.5299026425591099
0.07501476668635558,0.5299026425591099
0.07502953918865696,0.5299026425591099
0.07484735079771519,0.5285118219749653
0.07486209613869188,0.5285118219749653
0.0748768472906404,0.5285118219749653
0.07489160425699645,0.5285118219749653
0.07470924502266903,0.5271210013908206
0.07472397476340693,0.5271210013908206
0.07454151055018735,0.5257301808066759
0.07435897435897436,0.5243393602225312
0.0743736437167094,0.5243393602225312
0.07419100236779795,0.5229485396383866
0.07420564436550227,0.5229485396383866
0.07422029214370311,0.5229485396383866
0.07423494570582428,0.5229485396383866
0.07424960505529225,0.5229485396383866
0.07426427019553625,0.5229485396383866
0.07429361786208259,0.5229485396383866
0.0741106719367589,0.521557719054242
0.07394226967180703,0.5201668984700973
0.07375914573858018,0.5187760778859527
0.0737737341772152,0.5187760778859527
0.07378832838773491,0.5187760778859527
0.07380292837356549,0.5187760778859527
0.07381753413813576,0.5187760778859527
0.07383214568487728,0.5187760778859527
0.07384676301722432,0.5187760778859527
0.07386138613861386,0.5187760778859527
0.0736779560308972,0.5173852573018081
0.07369255150554675,0.5173852573018081
0.07370715276401824,0.5173852573018081
0.07372175980975029,0.5173852573018081
0.07373637264618434,0.5173852573018081
0.07355273592386995,0.5159944367176634
0.07358191193970647,0.5159944367176634
0.07359650862924023,0.5159944367176634
0.07361111111111111,0.5159944367176634
0.07362571938876761,0.5159944367176634
0.07364033346566097,0.5159944367176634
0.07365495334524519,0.5159944367176634
0.07366957903097697,0.5159944367176634
0.07369884783472387,0.5159944367176634
0.0737134909596662,0.5159944367176634
0.07352941176470588,0.5146036161335188
0.07354402703239912,0.5146036161335188
0.073558648111332,0.5146036161335188
0.07357327500497117,0.5146036161335188
0.073587907716786,0.5146036161335188
0.07340362044957231,0.5132127955493742
0.07343283582089552,0.5132127955493742
0.07344745222929937,0.5132127955493742
0.07346207445749552,0.5132127955493742
0.07347670250896057,0.5132127955493742
0.07349133638717387,0.5132127955493742
0.07350597609561753,0.5132127955493742
0.07352062163777645,0.5132127955493742
0.0735352730171383,0.5132127955493742
0.07354993023719354,0.5132127955493742
0.0735645933014354,0.5132127955493742
0.07357926221335992,0.5132127955493742
0.07359393697646589,0.5132127955493742
0.07360861759425494,0.5132127955493742
0.07362330407023145,0.5132127955493742
0.07363799640790261,0.5132127955493742
0.07365269461077845,0.5132127955493742
0.07366739868237174,0.5132127955493742
0.07368210862619809,0.5132127955493742
0.07369682444577591,0.5132127955493742
0.07371154614462645,0.5132127955493742
0.07372627372627373,0.5132127955493742
0.07354116706634692,0.5118219749652295
0.07355586648011193,0.5118219749652295
0.07337065173930428,0.5104311543810849
0.07338532293541292,0.5104311543810849
0.0734,0.5104311543810849
0.07321464292858572,0.5090403337969402
0.07302921168467387,0.5076495132127955
0.07304382629577746,0.5076495132127955
0.07305844675740593,0.5076495132127955
0.07307307307307308,0.5076495132127955
0.07308770524629556,0.5076495132127955
0.07310234328059283,0.5076495132127955
0.07311698717948718,0.5076495132127955
0.07313163694650371,0.5076495132127955
0.07314629258517034,0.5076495132127955
0.07316095409901784,0.5076495132127955
0.07317562149157979,0.5076495132127955
0.07319029476639262,0.5076495132127955
0.0732196589769308,0.5076495132127955
0.07323434991974317,0.5076495132127955
0.07304836443909292,0.5062586926286509
0.07306302689682859,0.5062586926286509
0.07287693234290303,0.5048678720445062
0.07289156626506024,0.5048678720445062
0.072906206065475,0.5048678720445062
0.07292085174768984,0.5048678720445062
0.07293550331525014,0.5048678720445062
0.07295016077170419,0.5048678720445062
0.07296482412060301,0.5048678720445062
0.07279308264628996,0.5034770514603616
0.07280772325020113,0.5034770514603616
0.07282236974451821,0.5034770514603616
0.07283702213279677,0.5034770514603616
0.07265043268263233,0.502086230876217
0.07266505636070854,0.502086230876217
0.07267968592711899,0.502086230876217
0.07269432138542087,0.502086230876217
0.07270896273917422,0.502086230876217
0.07272360999194198,0.502086230876217
0.07273826314728994,0.502086230876217
0.07275292220878678,0.502086230876217
0.07276758718000403,0.502086230876217
0.07278225806451613,0.502086230876217
0.07279693486590039,0.502086230876217
0.072811617587737,0.502086230876217
0.07282630623360904,0.502086230876217
0.0728410008071025,0.502086230876217
0.07287040775131207,0.502086230876217
0.07288512012921462,0.502086230876217
0.07289983844911146,0.502086230876217
0.07291456271460312,0.502086230876217
0.07292929292929293,0.502086230876217
0.07294402909678722,0.502086230876217
0.07295877122069523,0.502086230876217
0.07277137659187387,0.5006954102920723
0.07278608976951072,0.5006954102920723
0.07280080889787664,0.5006954102920723
0.07281553398058252,0.5006954102920723
0.07283026502124217,0.5006954102920723
0.07284500202347227,0.5006954102920723
0.07265735681036227,0.4993045897079277
0.07267206477732793,0.4993045897079277
0.07268677870014173,0.4993045897079277
0.07270149858242203,0.4993045897079277
0.07271622442779016,0.4993045897079277
0.07252836304700162,0.49791376912378305
0.07255776246453181,0.49791376912378305
0.07257247111291304,0.49791376912378305
0.07238442822384428,0.4965229485396384
0.07239910768606773,0.4965229485396384
0.07241379310344828,0.4965229485396384
0.07242848447961046,0.4965229485396384
0.07224025974025974,0.4951321279554937
0.07225492185914349,0.4951321279554937
0.07226958993097848,0.4951321279554937
0.07228426395939086,0.4951321279554937
0.07229894394800974,0.4951321279554937
0.07231362990046719,0.4951321279554937
0.07232832182039821,0.4951321279554937
0.07235772357723577,0.4951321279554937
0.07216914006911974,0.4937413073713491
0.07218381455876373,0.4937413073713491
0.07219849501728696,0.4937413073713491
0.07221318144833198,0.4937413073713491
0.07222787385554426,0.4937413073713491
0.07224257224257224,0.4937413073713491
0.07225727661306737,0.4937413073713491
0.07227198697068404,0.4937413073713491
0.07228670331907962,0.4937413073713491
0.07230142566191446,0.4937413073713491
0.0723161540028519,0.4937413073713491
0.07233088834555827,0.4937413073713491
0.07234562869370287,0.4937413073713491
0.072360375050958,0.4937413073713491
0.07237512742099898,0.4937413073713491
0.07238988580750408,0.4937413073713491
0.0724046502141546,0.4937413073713491
0.07241942064463484,0.4937413073713491
0.07243419710263212,0.4937413073713491
0.07224489795918368,0.49235048678720444
0.0722743977133524,0.49235048678720444
0.07228915662650602,0.49235048678720444
0.07230392156862746,0.49235048678720444
0.07231869254341164,0.49235048678720444
0.0723334695545566,0.49235048678720444
0.07236304170073589,0.49235048678720444
0.07237783684318136,0.49235048678720444
0.07239263803680981,0.49235048678720444
0.07240744528533442,0.49235048678720444
0.07242225859247135,0.49235048678720444
0.07243707796193984,0.49235048678720444
0.07245190339746213,0.49235048678720444
0.07246673490276356,0.49235048678720444
0.07248157248157248,0.49235048678720444
0.07249641613762031,0.49235048678720444
0.07251126587464155,0.49235048678720444
0.0725261216963737,0.49235048678720444
0.07254098360655738,0.49235048678720444
0.07255585160893625,0.49235048678720444
0.07257072570725707,0.49235048678720444
0.07238056182079147,0.4909596662030598
0.07239540607054963,0.4909596662030598
0.0724102564102564,0.4909596662030598
0.07221994255231842,0.48956884561891517
0.07202955058485533,0.48817802503477054
0.07204433497536945,0.48817802503477054
0.0720591254362554,0.48817802503477054
0.07207392197125256,0.48817802503477054
0.07208872458410351,0.48817802503477054
0.07210353327855382,0.48817802503477054
0.0721331689272503,0.48817802503477054
0.07214799588900309,0.48817802503477054
0.07216282894736842,0.48817802503477054
0.07217766810610735,0.48817802503477054
0.07219251336898395,0.48817802503477054
0.07220736473976548,0.48817802503477054
0.07222222222222222,0.48817802503477054
0.0722370858201276,0.48817802503477054
0.07225195553725813,0.48817802503477054
0.07226683137739345,0.48817802503477054
0.07228171334431631,0.48817802503477054
0.07229660144181256,0.48817802503477054
0.0723114956736712,0.48817802503477054
0.07212033793529775,0.48678720445062584
0.07213520197856554,0.48678720445062584
0.07195876288659794,0.4853963838664812
0.071973602804702,0.4853963838664812
0.07198844884488449,0.4853963838664812
0.07200330101093459,0.4853963838664812
0.07181180354931903,0.48400556328233657
0.0718266253869969,0.48400556328233657
0.07184145334434351,0.48400556328233657
0.07166460140437836,0.48261474269819193
0.07167940508159472,0.48261474269819193
0.07169421487603306,0.48261474269819193
0.07170903079148584,0.48261474269819193
0.07172385283174866,0.48261474269819193
0.07173868100062022,0.48261474269819193
0.0717535153019024,0.48261474269819193
0.0717832023169218,0.48261474269819193
0.07159114421684254,0.4812239221140473
0.07160596026490067,0.4812239221140473
0.07162078244669841,0.4812239221140473
0.07163561076604555,0.4812239221140473
0.07165044522675502,0.4812239221140473
0.07166528583264292,0.4812239221140473
0.07168013258752849,0.4812239221140473
0.07169498549523415,0.4812239221140473
0.0717098445595855,0.4812239221140473
0.07172470978441128,0.4812239221140473
0.0717544587308171,0.4812239221140473
0.07176934246007052,0.4812239221140473
0.07178423236514522,0.4812239221140473
0.07179912844988587,0.4812239221140473
0.07181403071814031,0.4812239221140473
0.0718289391737596,0.4812239221140473
0.071843853820598,0.4812239221140473
0.07185877466251298,0.4812239221140473
0.07187370170336518,0.4812239221140473
0.0718886349470185,0.4812239221140473
0.07190357439733998,0.4812239221140473
0.07191852005819996,0.4812239221140473
0.07193347193347194,0.4812239221140473
0.07194843002703265,0.4812239221140473
0.07196339434276207,0.4812239221140473
0.07197836488454337,0.4812239221140473
0.071993341656263,0.4812239221140473
0.07200832466181062,0.4812239221140473
0.0720233139050791,0.4812239221140473
0.07203830938996461,0.4812239221140473
0.07205331112036652,0.4812239221140473
0.07206831910018746,0.4812239221140473
0.07208333333333333,0.4812239221140473
0.07209835382371327,0.4812239221140473
0.07211338057523968,0.4812239221140473
0.07212841359182823,0.4812239221140473
0.07214345287739783,0.4812239221140473
0.0721584984358707,0.4812239221140473
0.0721735502711723,0.4812239221140473
0.07218860838723137,0.4812239221140473
0.07220367278797997,0.4812239221140473
0.07221874347735337,0.4812239221140473
0.0722338204592902,0.4812239221140473
0.07224890373773231,0.4812239221140473
0.07226399331662489,0.4812239221140473
0.07207019009818258,0.47983310152990266
0.07208524864187213,0.47983310152990266
0.07210031347962383,0.47983310152990266
0.07211538461538461,0.47983310152990266
0.07213046205310475,0.47983310152990266
0.07214554579673776,0.47983310152990266
0.07216063585024053,0.47983310152990266
0.07196652719665272,0.47844228094575797
0.07198158610587989,0.47844228094575797
0.07199665131854333,0.47844228094575797
0.07201172283860163,0.47844228094575797
0.07202680067001675,0.47844228094575797
0.07204188481675393,0.47844228094575797
0.0718475073313783,0.47705146036161333
0.07186256023465326,0.47705146036161333
0.07187761944677284,0.47705146036161333
0.07189268497170405,0.47705146036161333
0.07190775681341718,0.47705146036161333
0.07192283497588593,0.47705146036161333
0.07193791946308725,0.47705146036161333
0.07195301027900147,0.47705146036161333
0.07196810742761225,0.47705146036161333
0.07198321091290662,0.47705146036161333
0.0719983207388749,0.47705146036161333
0.07201343690951081,0.47705146036161333
0.07181856362872742,0.4756606397774687
0.07183364839319471,0.4756606397774687
0.07184873949579831,0.4756606397774687
0.07186383694053372,0.4756606397774687
0.07187894073139975,0.4756606397774687
0.07189405087239857,0.4756606397774687
0.07190916736753575,0.4756606397774687
0.07171398527865405,0.47426981919332406
0.071729070256626,0.47426981919332406
0.07174416158215864,0.47426981919332406
0.07175925925925926,0.47426981919332406
0.07177436329193854,0.47426981919332406
0.07178947368421053,0.47426981919332406
0.07180459044009264,0.47426981919332406
0.07181971356360572,0.47426981919332406
0.07183484305877397,0.47426981919332406
0.07184997892962494,0.47426981919332406
0.07186512118018967,0.47426981919332406
0.07188026981450253,0.47426981919332406
0.0718954248366013,0.47426981919332406
0.07191058625052721,0.47426981919332406
0.07192575406032482,0.47426981919332406
0.0719409282700422,0.47426981919332406
0.07195610888373075,0.47426981919332406
0.07197129590544533,0.47426981919332406
0.07198648933924424,0.47426981919332406
0.07200168918918919,0.47426981919332406
0.0720168954593453,0.47426981919332406
0.07204732727656878,0.47426981919332406
0.0720625528317836,0.47426981919332406
0.07207778482350455,0.47426981919332406
0.07209302325581396,0.47426981919332406
0.07210826813279764,0.47426981919332406
0.07212351945854484,0.47426981919332406
0.0721387772371483,0.47426981919332406
0.07215404147270418,0.47426981919332406
0.07216931216931217,0.47426981919332406
0.07218458933107536,0.47426981919332406
0.07219987296210036,0.47426981919332406
0.07221516306649725,0.47426981919332406
0.07201864011861894,0.4728789986091794
0.07203389830508475,0.4728789986091794
0.07204916295825387,0.4728789986091794
0.07206443408223824,0.4728789986091794
0.07207971168115328,0.4728789986091794
0.0720949957591179,0.4728789986091794
0.07211028632025451,0.4728789986091794
0.07212558336868902,0.4728789986091794
0.07214088690855082,0.4728789986091794
0.07194397283531409,0.4714881780250348
0.07195924432180004,0.4714881780250348
0.07197452229299363,0.4714881780250348
0.07198980675302612,0.4714881780250348
0.07179269328802039,0.47009735744089015
0.07180794561291694,0.47009735744089015
0.0718232044198895,0.47009735744089015
0.0718384697130712,0.47009735744089015
0.07185374149659864,0.47009735744089015
0.07186901977461195,0.47009735744089015
0.07188430455125479,0.47009735744089015
0.07168687513295044,0.46870653685674546
0.07170212765957447,0.46870653685674546
0.0717173866780166,0.46870653685674546
0.07173265219242231,0.46870653685674546
0.0717479242069406,0.46870653685674546
0.07176320272572402,0.46870653685674546
0.07177848775292865,0.46870653685674546
0.0717937792927141,0.46870653685674546
0.07159599403366716,0.4673157162726008
0.07161125319693094,0.4673157162726008
0.07162651886591345,0.4673157162726008
0.07164179104477612,0.4673157162726008
0.07165706973768395,0.4673157162726008
0.07145904436860068,0.4659248956884562
0.07147429059099637,0.4659248956884562
0.07127614169867691,0.46453407510431155
0.0712913553895411,0.46453407510431155
0.0713065755764304,0.46453407510431155
0.07133703545493379,0.46453407510431155
0.07135227515488143,0.46453407510431155
0.07136752136752136,0.46453407510431155
0.07138277409702928,0.46453407510431155
0.07139803334758443,0.46453407510431155
0.07141329912336968,0.46453407510431155
0.07144385026737968,0.46453407510431155
0.07145913564398802,0.46453407510431155
0.07147442756259362,0.46453407510431155
0.07148972602739725,0.46453407510431155
0.07150503104260329,0.46453407510431155
0.0715203426124197,0.46453407510431155
0.07153566074105805,0.46453407510431155
0.0715509854327335,0.46453407510431155
0.07156631669166488,0.46453407510431155
0.07138263665594856,0.4631432545201669
0.07139794168096054,0.4631432545201669
0.07141325327042676,0.4631432545201669
0.07142857142857142,0.4631432545201669
0.0714438961596224,0.4631432545201669
0.07147456535737283,0.4631432545201669
0.07148990983254616,0.4631432545201669
0.07150526089757354,0.4631432545201669
0.07132116004296456,0.4617524339360223
0.07112161581435325,0.4603616133518776
0.07113690092413497,0.4603616133518776
0.07115219260533104,0.4603616133518776
0.07116749086218017,0.4603616133518776
0.07118279569892473,0.4603616133518776
0.07098300709830072,0.45897079276773295
0.07101355713363461,0.45897079276773295
0.07081360309944038,0.4575799721835883
0.07082884822389666,0.4575799721835883
0.07084409991386735,0.4575799721835883
0.07085935817359466,0.4575799721835883
0.07087462300732443,0.4575799721835883
0.07088989441930618,0.4575799721835883
0.0709051724137931,0.4575799721835883
0.07092045699504204,0.4575799721835883
0.0709357481673135,0.4575799721835883
0.07095104593487168,0.4575799721835883
0.07096635030198446,0.4575799721835883
0.07098166127292341,0.4575799721835883
0.07078118256365991,0.4561891515994437
0.07079646017699115,0.4561891515994437
0.07081174438687392,0.4561891515994437
0.07082703519758152,0.4561891515994437
0.07084233261339093,0.4561891515994437
0.07064160725858717,0.45479833101529904
0.07065687121866897,0.45479833101529904
0.07067214177652907,0.45479833101529904
0.07068741893644617,0.45479833101529904
0.07070270270270271,0.45479833101529904
0.07071799307958478,0.45479833101529904
0.07073329007138222,0.45479833101529904
0.07074859368238857,0.45479833101529904
0.0707639039169011,0.45479833101529904
0.07077922077922078,0.45479833101529904
0.07079454427365231,0.45479833101529904
0.07082521117608837,0.45479833101529904
0.07084055459272097,0.45479833101529904
0.07085590465872156,0.45479833101529904
0.07087126137841353,0.45479833101529904
0.07088662475612399,0.45479833101529904
0.07090199479618386,0.45479833101529904
0.07091737150292778,0.45479833101529904
0.07093275488069414,0.45479833101529904
0.07094814493382512,0.45479833101529904
0.07096354166666667,0.45479833101529904
0.07097894508356849,0.45479833101529904
0.07099435518888407,0.45479833101529904
0.07079261672095548,0.4534075104311544
0.07080799304952215,0.4534075104311544
0.07082337605909189,0.4534075104311544
0.07085416213866551,0.4534075104311544
0.07086956521739131,0.4534075104311544
0.07088497499456403,0.4534075104311544
0.07090039147455415,0.4534075104311544
0.07091581466173591,0.4534075104311544
0.07093124456048738,0.4534075104311544
0.07094668117519043,0.4534075104311544
0.07096212451023073,0.4534075104311544
0.07097757456999783,0.4534075104311544
0.07099303135888502,0.4534075104311544
0.07100849488128948,0.4534075104311544
0.07080610021786492,0.4520166898470097
0.07083696599825633,0.4520166898470097
0.07085240898190538,0.4520166898470097
0.0708678587003925,0.4520166898470097
0.07088331515812432,0.4520166898470097
0.07091424830896792,0.4520166898470097
0.07092972501091227,0.4520166898470097
0.07094520846976643,0.4520166898470097
0.07096069868995633,0.4520166898470097
0.07097619567591178,0.4520166898470097
0.0709916994320664,0.4520166898470097
0.07100720996285777,0.4520166898470097
0.07102272727272728,0.4520166898470097
0.07103825136612021,0.4520166898470097
0.07105378224748579,0.4520166898470097
0.07106931992127706,0.4520166898470097
0.07108486439195101,0.4520166898470097
0.07110041566396849,0.4520166898470097
0.0711159737417943,0.4520166898470097
0.07113153862989713,0.4520166898470097
0.07114711033274956,0.4520166898470097
0.07116268885482811,0.4520166898470097
0.07117827420061323,0.4520166898470097
0.07119386637458927,0.4520166898470097
0.07120946538124452,0.4520166898470097
0.07124068391056554,0.4520166898470097
0.07103705327778996,0.4506258692628651
0.07105263157894737,0.4506258692628651
0.07106821671419171,0.4506258692628651
0.07108380868802106,0.4506258692628651
0.07109940750493746,0.4506258692628651
0.07111501316944688,0.4506258692628651
0.07113062568605928,0.4506258692628651
0.07114624505928854,0.4506258692628651
0.07116187129365253,0.4506258692628651
0.07117750439367311,0.4506258692628651
0.07119314436387607,0.4506258692628651
0.07120879120879121,0.4506258692628651
0.0712244449329523,0.4506258692628651
0.0712401055408971,0.4506258692628651
0.07125577303716736,0.4506258692628651
0.07127144742630884,0.4506258692628651
0.07128712871287128,0.4506258692628651
0.07130281690140845,0.4506258692628651
0.0713185119964781,0.4506258692628651
0.071334214002642,0.4506258692628651
0.07134992292446597,0.4506258692628651
0.07136563876651983,0.4506258692628651
0.0713813615333774,0.4506258692628651
0.07139709122961657,0.4506258692628651
0.07141282785981927,0.4506258692628651
0.07142857142857142,0.4506258692628651
0.07144432194046306,0.4506258692628651
0.07146007940008822,0.4506258692628651
0.071475843812045,0.4506258692628651
0.07149161518093557,0.4506258692628651
0.07150739351136615,0.4506258692628651
0.07152317880794702,0.4506258692628651
0.07153897107529256,0.4506258692628651
0.0715547703180212,0.4506258692628651
0.07157057654075547,0.4506258692628651
0.07158638974812197,0.4506258692628651
0.07160220994475137,0.4506258692628651
0.07139699381078692,0.44923504867872044
0.07141277912889675,0.44923504867872044
0.07142857142857142,0.44923504867872044
0.0714443707144437,0.44923504867872044
0.0714759902633326,0.44923504867872044
0.07149181053563523,0.44923504867872044
0.07150763781270755,0.44923504867872044
0.07152347209920283,0.44923504867872044
0.07153931339977852,0.44923504867872044
0.07155516171909615,0.44923504867872044
0.07157101706182141,0.44923504867872044
0.07158687943262411,0.44923504867872044
0.07160274883617823,0.44923504867872044
0.07161862527716187,0.44923504867872044
0.07163450876025726,0.44923504867872044
0.07165039929015084,0.44923504867872044
0.07166629687153317,0.44923504867872044
0.07168220150909897,0.44923504867872044
0.07169811320754717,0.44923504867872044
0.07149200710479574,0.4478442280945758
0.07150788363313347,0.4478442280945758
0.07152376721457131,0.4478442280945758
0.07153965785381027,0.4478442280945758
0.07155555555555555,0.4478442280945758
0.07157146032451656,0.4478442280945758
0.07158737216540685,0.4478442280945758
0.07139679715302491,0.44645340751043117
0.071412680756396,0.44645340751043117
0.07142857142857142,0.44645340751043117
0.0714444691742711,0.44645340751043117
0.07146037399821906,0.44645340751043117
0.07147628590514363,0.44645340751043117
0.07149220489977728,0.44645340751043117
0.07150813098685677,0.44645340751043117
0.07152406417112299,0.44645340751043117
0.0713171383998217,0.44506258692628653
0.07133303611234953,0.44506258692628653
0.0713489409141583,0.44506258692628653
0.07136485280999108,0.44506258692628653
0.07138077180459514,0.44506258692628653
0.071173583221776,0.44367176634214184
0.0711894666369114,0.44367176634214184
0.07120535714285714,0.44367176634214184
0.07122125474436258,0.44367176634214184
0.07125307125307126,0.44367176634214184
0.07126899016979446,0.44367176634214184
0.07128491620111732,0.44367176634214184
0.07130084935181046,0.44367176634214184
0.07131678962664878,0.44367176634214184
0.07133273703041144,0.44367176634214184
0.07112502795795124,0.4422809457579972
0.07114093959731543,0.4422809457579972
0.07093309465204743,0.44089012517385257
0.07094897045658012,0.44089012517385257
0.07096485336915155,0.44089012517385257
0.0709807433945365,0.44089012517385257
0.07099664053751399,0.44089012517385257
0.07101254480286738,0.44089012517385257
0.07102845619538427,0.44089012517385257
0.07104437471985657,0.44089012517385257
0.07106030038108048,0.44089012517385257
0.0710762331838565,0.44089012517385257
0.07109217313298946,0.44089012517385257
0.07110812023328847,0.44089012517385257
0.07112407448956698,0.44089012517385257
0.07114003590664272,0.44089012517385257
0.07115600448933783,0.44089012517385257
0.07117198024247867,0.44089012517385257
0.07118796317089603,0.44089012517385257
0.07120395327942498,0.44089012517385257
0.07121995057290496,0.44089012517385257
0.07123595505617977,0.44089012517385257
0.07125196673409755,0.44089012517385257
0.07126798561151079,0.44089012517385257
0.07128401169327636,0.44089012517385257
0.07130004498425552,0.44089012517385257
0.07131608548931384,0.44089012517385257
0.07133213321332134,0.44089012517385257
0.07134818816115238,0.44089012517385257
0.07136425033768573,0.44089012517385257
0.07138031974780455,0.44089012517385257
0.0713963963963964,0.44089012517385257
0.07141248028835323,0.44089012517385257
0.07142857142857142,0.44089012517385257
0.07144466982195177,0.44089012517385257
0.07146077547339946,0.44089012517385257
0.07147688838782412,0.44089012517385257
0.07149300857013983,0.44089012517385257
0.07150913602526505,0.44089012517385257
0.07152527075812275,0.44089012517385257
0.07154141277364026,0.44089012517385257
0.07155756207674943,0.44089012517385257
0.07157371867238654,0.44089012517385257
0.07158988256549233,0.44089012517385257
0.07160605376101198,0.44089012517385257
0.07162223226389516,0.44089012517385257
0.07163841807909604,0.44089012517385257
0.07165461121157324,0.44089012517385257
0.07167081166628984,0.44089012517385257
0.07168701944821348,0.44089012517385257
0.07170323456231621,0.44089012517385257
0.07171945701357466,0.44089012517385257
0.0717356868069699,0.44089012517385257
0.07175192394748756,0.44089012517385257
0.07176816844011773,0.44089012517385257
0.07178442028985507,0.44089012517385257
0.07180067950169876,0.44089012517385257
0.07181694608065246,0.44089012517385257
0.07183322003172445,0.44089012517385257
0.07184950135992747,0.44089012517385257
0.07186579007027885,0.44089012517385257
0.07188208616780045,0.44089012517385257
0.07189838965751871,0.44089012517385257
0.07191470054446461,0.44089012517385257
0.0719310188336737,0.44089012517385257
0.07194734453018611,0.44089012517385257
0.07196367763904654,0.44089012517385257
0.07198001816530426,0.44089012517385257
0.07199636611401317,0.44089012517385257
0.07201272149023172,0.44089012517385257
0.07202908429902295,0.44089012517385257
0.07204545454545455,0.44089012517385257
0.07206183223459878,0.44089012517385257
0.07207821737153251,0.44089012517385257
0.07186718216966113,0.43949930458970793
0.0718835304822566,0.43949930458970793
0.07189988623435722,0.43949930458970793
0.07191624943104233,0.43949930458970793
0.07193262007739586,0.43949930458970793
0.07194899817850638,0.43949930458970793
0.07196538373946709,0.43949930458970793
0.07198177676537586,0.43949930458970793
0.07199817726133516,0.43949930458970793
0.07201458523245215,0.43949930458970793
0.07203100068383861,0.43949930458970793
0.07181942544459645,0.4381084840055633
0.07183580387685291,0.4381084840055633
0.07162408759124088,0.43671766342141866
0.07164042892995665,0.43671766342141866
0.07165677772706527,0.43671766342141866
0.07167313398767405,0.43671766342141866
0.07168949771689498,0.43671766342141866
0.07170586891984472,0.43671766342141866
0.07172224760164458,0.43671766342141866
0.07173863376742061,0.43671766342141866
0.07175502742230347,0.43671766342141866
0.07177142857142857,0.43671766342141866
0.07178783721993598,0.43671766342141866
0.0718042533729705,0.43671766342141866
0.07183710821322352,0.43671766342141866
0.07185354691075514,0.43671766342141866
0.07186999313344014,0.43671766342141866
0.07188644688644688,0.43671766342141866
0.07190290817494847,0.43671766342141866
0.07191937700412276,0.43671766342141866
0.07193585337915234,0.43671766342141866
0.07195233730522456,0.43671766342141866
0.07196882878753151,0.43671766342141866
0.07198532783127005,0.43671766342141866
0.07200183444164182,0.43671766342141866
0.07201834862385322,0.43671766342141866
0.07203487038311539,0.43671766342141866
0.07205139972464433,0.43671766342141866
0.07206793665366078,0.43671766342141866
0.07208448117539026,0.43671766342141866
0.07210103329506315,0.43671766342141866
0.07211759301791457,0.43671766342141866
0.07213416034918448,0.43671766342141866
0.07215073529411764,0.43671766342141866
0.07216731785796368,0.43671766342141866
0.072183908045977,0.43671766342141866
0.07220050586341688,0.43671766342141866
0.07221711131554738,0.43671766342141866
0.07223372440763745,0.43671766342141866
0.07225034514496088,0.43671766342141866
0.07228360957642725,0.43671766342141866
0.07230025328114206,0.43671766342141866
0.07231690465223399,0.43671766342141866
0.07233356369500116,0.43671766342141866
0.07235023041474654,0.43671766342141866
0.07236690481677806,0.43671766342141866
0.07238358690640849,0.43671766342141866
0.0724002766889555,0.43671766342141866
0.0724169741697417,0.43671766342141866
0.07243367935409457,0.43671766342141866
0.07245039224734656,0.43671766342141866
0.07248384118190213,0.43671766342141866
0.07250057723389518,0.43671766342141866
0.07251732101616629,0.43671766342141866
0.07253407253407253,0.43671766342141866
0.07255083179297597,0.43671766342141866
0.0725675987982436,0.43671766342141866
0.07260115606936417,0.43671766342141866
0.07261794634597594,0.43671766342141866
0.07263474439046957,0.43671766342141866
0.07266836380467484,0.43671766342141866
0.07268518518518519,0.43671766342141866
0.07270201435517482,0.43671766342141866
0.07271885132005558,0.43671766342141866
0.07273569608524438,0.43671766342141866
0.07275254865616311,0.43671766342141866
0.0727694090382387,0.43671766342141866
0.0727862772369031,0.43671766342141866
0.07280315325759332,0.43671766342141866
0.0728200371057514,0.43671766342141866
0.0728538283062645,0.43671766342141866
0.0728707356695289,0.43671766342141866
0.07290457394938472,0.43671766342141866
0.07292150487691593,0.43671766342141866
0.07293844367015098,0.43671766342141866
0.07295539033457249,0.43671766342141866
0.07297234487566814,0.43671766342141866
0.07275685727568573,0.43532684283727396
0.07254126947221576,0.4339360222531293
0.07255813953488371,0.4339360222531293
0.07257501744591766,0.4339360222531293
0.07235923685435086,0.4325452016689847
0.07237607633232487,0.4325452016689847
0.07240977881257275,0.4325452016689847
0.07242664182580345,0.4325452016689847
0.07244351269508502,0.4325452016689847
0.07222739981360671,0.43115438108484005
0.07224423211372641,0.43115438108484005
0.07226107226107226,0.43115438108484005
0.07227792026113312,0.43115438108484005
0.07229477611940298,0.43115438108484005
0.07231163984138092,0.43115438108484005
0.07232851143257116,0.43115438108484005
0.07234539089848308,0.43115438108484005
0.07236227824463119,0.43115438108484005
0.07237917347653514,0.43115438108484005
0.07239607659971976,0.43115438108484005
0.07241298761971501,0.43115438108484005
0.07242990654205607,0.43115438108484005
0.07244683337228325,0.43115438108484005
0.07246376811594203,0.43115438108484005
0.07248071077858312,0.43115438108484005
0.0724976613657624,0.43115438108484005
0.07251461988304093,0.43115438108484005
0.07253158633598503,0.43115438108484005
0.07256554307116105,0.43115438108484005
0.07258253336455163,0.43115438108484005
0.07259953161592506,0.43115438108484005
0.07261653783087374,0.43115438108484005
0.07263355201499531,0.43115438108484005
0.07265057417389266,0.43115438108484005
0.07266760431317393,0.43115438108484005
0.07268464243845252,0.43115438108484005
0.07270168855534709,0.43115438108484005
0.07271874266948158,0.43115438108484005
0.07273580478648521,0.43115438108484005
0.07275287491199249,0.43115438108484005
0.07276995305164319,0.43115438108484005
0.07278703921108241,0.43115438108484005
0.07280413339596055,0.43115438108484005
0.07282123561193328,0.43115438108484005
0.07283834586466166,0.43115438108484005
0.07285546415981199,0.43115438108484005
0.07287259050305595,0.43115438108484005
0.07288972490007053,0.43115438108484005
0.0729068673565381,0.43115438108484005
0.07292401787814631,0.43115438108484005
0.07294117647058823,0.43115438108484005
0.07295834313956225,0.43115438108484005
0.07297551789077213,0.43115438108484005
0.072992700729927,0.43115438108484005
0.0730098916627414,0.43115438108484005
0.07302709069493522,0.43115438108484005
0.07304429783223375,0.43115438108484005
0.07306151308036767,0.43115438108484005
0.07307873644507308,0.43115438108484005
0.07309596793209149,0.43115438108484005
0.07311320754716981,0.43115438108484005
0.0731304552960604,0.43115438108484005
0.07291175082586125,0.4297635605006954
0.07292895916922351,0.4297635605006954
0.07294617563739376,0.4297635605006954
0.07272727272727272,0.4283727399165508
0.07274444969296173,0.4283727399165508
0.07276163477439168,0.4283727399165508
0.07277882797731569,0.4283727399165508
0.07279602930749232,0.4283727399165508
0.07281323877068557,0.4283727399165508
0.0728476821192053,0.4283727399165508
0.07286491601608706,0.4283727399165508
0.07288215806909608,0.4283727399165508
0.07289940828402366,0.4283727399165508
0.07291666666666667,0.4283727399165508
0.07293393322282737,0.4283727399165508
0.07271435338702037,0.42698191933240615
0.07273158019426676,0.42698191933240615
0.07274881516587678,0.42698191933240615
0.07276605830765584,0.42698191933240615
0.07278330962541489,0.42698191933240615
0.07280056912497036,0.42698191933240615
0.07258064516129033,0.42559109874826145
0.07259786476868327,0.42559109874826145
0.07261509254864737,0.42559109874826145
0.07263232850700213,0.42559109874826145
0.07264957264957266,0.42559109874826145
0.0726668249821895,0.42559109874826145
0.07268408551068883,0.42559109874826145
0.07270135424091233,0.42559109874826145
0.07271863117870722,0.42559109874826145
0.07273591632992632,0.42559109874826145
0.07275320970042796,0.42559109874826145
0.0727705112960761,0.42559109874826145
0.07278782112274025,0.42559109874826145
0.0728051391862955,0.42559109874826145
0.07282246549262256,0.42559109874826145
0.0728398000476077,0.42559109874826145
0.07285714285714286,0.42559109874826145
0.0728744939271255,0.42559109874826145
0.07289185326345879,0.42559109874826145
0.07290922087205147,0.42559109874826145
0.07292659675881792,0.42559109874826145
0.07294398092967819,0.42559109874826145
0.07296137339055794,0.42559109874826145
0.0729787741473885,0.42559109874826145
0.07279236276849642,0.4242002781641168
0.0728097397947004,0.4242002781641168
0.07282712511938873,0.4242002781641168
0.07284451874850728,0.4242002781641168
0.07286192068800765,0.4242002781641168
0.07289674952198853,0.4242002781641168
0.07291417642840067,0.4242002781641168
0.07293161166905787,0.4242002781641168
0.0729490552499402,0.4242002781641168
0.0729665071770335,0.4242002781641168
0.07274467575975113,0.4228094575799722
0.07276208712302537,0.4228094575799722
0.07277950682307877,0.4228094575799722
0.07279693486590039,0.4228094575799722
0.07281437125748504,0.4228094575799722
0.07283181600383325,0.4228094575799722
0.07284926911095135,0.4228094575799722
0.07262703739213806,0.42141863699582754
0.07264444977223687,0.42141863699582754
0.0724220623501199,0.4200278164116829
0.07243943391700648,0.4200278164116829
0.07245681381957773,0.4200278164116829
0.0724742020638349,0.4200278164116829
0.07249159865578493,0.4200278164116829
0.07226890756302522,0.41863699582753827
0.07228626320845341,0.41863699582753827
0.0723036271919289,0.41863699582753827
0.0723209995194618,0.41863699582753827
0.07233838019706801,0.41863699582753827
0.07235576923076924,0.41863699582753827
0.07237316662659293,0.41863699582753827
0.0723905723905724,0.41863699582753827
0.07240798652874669,0.41863699582753827
0.07242540904716073,0.41863699582753827
0.07244283995186522,0.41863699582753827
0.07221954742416947,0.4172461752433936
0.07223693715386467,0.4172461752433936
0.07227174174897615,0.4172461752433936
0.07228915662650602,0.4172461752433936
0.07230657989877079,0.4172461752433936
0.07232401157184185,0.4172461752433936
0.07234145165179648,0.4172461752433936
0.07211770381090207,0.41585535465924894
0.0721351025331725,0.41585535465924894
0.07215250965250965,0.41585535465924894
0.07216992517499396,0.41585535465924894
0.07218734910671173,0.41585535465924894
0.07196329389036464,0.4144645340751043
0.07198067632850241,0.4144645340751043
0.07199806716598212,0.4144645340751043
0.07201546640889318,0.4144645340751043
0.07203287406333092,0.4144645340751043
0.07205029013539652,0.4144645340751043
0.0720677146311971,0.4144645340751043
0.07208514755684567,0.4144645340751043
0.07210258891846116,0.4144645340751043
0.07213749697409828,0.4144645340751043
0.07215496368038742,0.4144645340751043
0.0721724388471785,0.4144645340751043
0.07218992248062016,0.4144645340751043
0.07220741458686697,0.4144645340751043
0.07222491517207949,0.4144645340751043
0.07224242424242425,0.4144645340751043
0.07225994180407372,0.4144645340751043
0.07227746786320641,0.4144645340751043
0.0722950024260068,0.4144645340751043
0.07206988595001214,0.41307371349095967
0.0720873786407767,0.41307371349095967
0.07212238950947061,0.41307371349095967
0.07213990769978139,0.41307371349095967
0.07215743440233237,0.41307371349095967
0.07217496962332928,0.41307371349095967
0.07219251336898395,0.41307371349095967
0.07221006564551423,0.41307371349095967
0.07222762645914396,0.41307371349095967
0.07224519581610314,0.41307371349095967
0.07226277372262774,0.41307371349095967
0.07228036018495984,0.41307371349095967
0.07229795520934762,0.41307371349095967
0.0723331709693132,0.41307371349095967
0.07235079171741779,0.41307371349095967
0.07236842105263158,0.41307371349095967
0.07238605898123325,0.41307371349095967
0.07240370550950756,0.41307371349095967
0.07242136064374542,0.41307371349095967
0.0724390243902439,0.41307371349095967
0.07245669675530617,0.41307371349095967
0.07247437774524158,0.41307371349095967
0.07224798633146204,0.41168289290681503
0.072265625,0.41168289290681503
0.07228327228327229,0.41168289290681503
0.0723009281875916,0.41168289290681503
0.07231859271927682,0.41168289290681503
0.07233626588465299,0.41168289290681503
0.07235394769005134,0.41168289290681503
0.07237163814180929,0.41168289290681503
0.07238933724627049,0.41168289290681503
0.07240704500978473,0.41168289290681503
0.0724247614387081,0.41168289290681503
0.07219774840920215,0.4102920723226704
0.07221542227662178,0.4102920723226704
0.07223310479921645,0.4102920723226704
0.07225079598334558,0.4102920723226704
0.07226849583537481,0.4102920723226704
0.07228620436167606,0.4102920723226704
0.07230392156862746,0.4102920723226704
0.07232164746261338,0.4102920723226704
0.07233938205002452,0.4102920723226704
0.07211184694628403,0.4089012517385257
0.07212953876349362,0.4089012517385257
0.07214723926380368,0.4089012517385257
0.07216494845360824,0.4089012517385257
0.07193714706604469,0.40751043115438107
0.07195481335952848,0.40751043115438107
0.07197248833210514,0.40751043115438107
0.07199017199017199,0.40751043115438107
0.0717621037109855,0.40611961057023643
0.07177974434611603,0.40611961057023643
0.07179739365625769,0.40611961057023643
0.07156910969011314,0.4047287899860918
0.07158671586715867,0.4047287899860918
0.07160433070866142,0.4047287899860918
0.07137583066699484,0.40333796940194716
0.07139340226489414,0.40333796940194716
0.07116473774932283,0.4019471488178025
0.07118226600985221,0.4019471488178025
0.07119980290711998,0.4019471488178025
0.07121734844751108,0.4019471488178025
0.07123490263741682,0.4019471488178025
0.07125246548323472,0.4019471488178025
0.07128761716822891,0.4019471488178025
0.07130520602023192,0.4019471488178025
0.07132280355380059,0.4019471488178025
0.07134040977536411,0.4019471488178025
0.07135802469135802,0.4019471488178025
0.07137564830822425,0.4019471488178025
0.07139328063241107,0.4019471488178025
0.07141092167037312,0.4019471488178025
0.07142857142857142,0.4019471488178025
0.07144622991347342,0.4019471488178025
0.07146389713155292,0.4019471488178025
0.07148157308929014,0.4019471488178025
0.07149925779317169,0.4019471488178025
0.07151695124969067,0.4019471488178025
0.07128712871287128,0.40055632823365783
0.07105719237435008,0.3991655076495132
0.07107478949975235,0.3991655076495132
0.07109239534307654,0.3991655076495132
0.07111000991080277,0.3991655076495132
0.07112763320941759,0.3991655076495132
0.07114526524541398,0.3991655076495132
0.07116290602529135,0.3991655076495132
0.07118055555555555,0.3991655076495132
0.07119821384271893,0.3991655076495132
0.07121588089330025,0.3991655076495132
0.07098535616778356,0.39777468706536856
0.07075471698113207,0.3963838664812239
0.07077228706232928,0.3963838664812239
0.07078986587183309,0.3963838664812239
0.07080745341614907,0.3963838664812239
0.07059408401690281,0.3949930458970793
0.07061163600198907,0.3949930458970793
0.07062919671723451,0.3949930458970793
0.07064676616915423,0.3949930458970793
0.07066434436426972,0.3949930458970793
0.070681931309109,0.3949930458970793
0.07069952701020663,0.3949930458970793
0.07071713147410359,0.3949930458970793
0.07073474470734745,0.3949930458970793
0.07075236671649228,0.3949930458970793
0.07076999750809868,0.3949930458970793
0.0707876370887338,0.3949930458970793
0.07080528546497133,0.3949930458970793
0.07082294264339152,0.3949930458970793
0.0708406086305812,0.3949930458970793
0.07085828343313373,0.3949930458970793
0.07087596705764912,0.3949930458970793
0.0708936595107339,0.3949930458970793
0.07091136079900125,0.3949930458970793
0.07067932067932067,0.39360222531293465
0.07069697726704971,0.39360222531293465
0.07071464267866066,0.39360222531293465
0.07073231692076981,0.39360222531293465
0.07075,0.39360222531293465
0.07076769192298074,0.39360222531293465
0.07078539269634818,0.39360222531293465
0.07080310232674505,0.39360222531293465
0.07082082082082082,0.39360222531293465
0.07083854818523154,0.39360222531293465
0.07085628442663996,0.39360222531293465
0.07062359128474831,0.39221140472878996
0.07064128256513026,0.39221140472878996
0.07065898271109998,0.39221140472878996
0.07067669172932331,0.39221140472878996
0.0706944096264728,0.39221140472878996
0.07046138415245737,0.3908205841446453
0.07047905693503888,0.3908205841446453
0.07049673858504767,0.3908205841446453
0.07051442910915935,0.3908205841446453
0.07053212851405623,0.3908205841446453
0.07054983680642732,0.3908205841446453
0.07056755399296835,0.3908205841446453
0.07058528008038181,0.3908205841446453
0.07060301507537689,0.3908205841446453
0.07062075898466952,0.3908205841446453
0.0706385118149824,0.3908205841446453
0.070656273573045,0.3908205841446453
0.07067404426559357,0.3908205841446453
0.07044025157232704,0.3894297635605007
0.07045797684952189,0.3894297635605007
0.0704757110495847,0.3894297635605007
0.07049345417925479,0.3894297635605007
0.07051120624527826,0.3894297635605007
0.07052896725440806,0.3894297635605007
0.07054673721340388,0.3894297635605007
0.07056451612903226,0.3894297635605007
0.07058230400806655,0.3894297635605007
0.07060010085728693,0.3894297635605007
0.07061790668348046,0.3894297635605007
0.07063572149344097,0.3894297635605007
0.07065354529396922,0.3894297635605007
0.0706713780918728,0.3894297635605007
0.07068921989396618,0.3894297635605007
0.0707070707070707,0.3894297635605007
0.07072493053801465,0.3894297635605007
0.07074279939363315,0.3894297635605007
0.07076067728076826,0.3894297635605007
0.07077856420626896,0.3894297635605007
0.07079646017699115,0.3894297635605007
0.07081436519979767,0.3894297635605007
0.07083227928155832,0.3894297635605007
0.0708502024291498,0.3894297635605007
0.07086813464945584,0.3894297635605007
0.07063291139240506,0.38803894297635605
0.07065079767029628,0.38803894297635605
0.07066869300911854,0.38803894297635605
0.0706865974157588,0.38803894297635605
0.070704510897111,0.38803894297635605
0.07072243346007605,0.38803894297635605
0.07074036511156187,0.38803894297635605
0.07075830585848339,0.38803894297635605
0.07077625570776255,0.38803894297635605
0.07079421466632835,0.38803894297635605
0.07081218274111675,0.38803894297635605
0.07083015993907082,0.38803894297635605
0.07084814626714069,0.38803894297635605
0.07086614173228346,0.38803894297635605
0.07063008130081301,0.3866481223922114
0.07064803049555274,0.3866481223922114
0.07066598881545501,0.3866481223922114
0.0706839562674803,0.3866481223922114
0.07070193285859613,0.3866481223922114
0.07073791348600508,0.3866481223922114
0.07075591753626877,0.3866481223922114
0.07077393075356415,0.3866481223922114
0.07079195314489432,0.3866481223922114
0.070828025477707,0.3866481223922114
0.07084607543323139,0.3866481223922114
0.07086413459087433,0.3866481223922114
0.07088220295767465,0.3866481223922114
0.0709002805406784,0.3866481223922114
0.07091836734693878,0.3866481223922114
0.0709364633835162,0.3866481223922114
0.0709545686574783,0.3866481223922114
0.07097268317589993,0.3866481223922114
0.07100893997445722,0.3866481223922114
0.07102708226877874,0.3866481223922114
0.0710452338359315,0.3866481223922114
0.07106339468302658,0.3866481223922114
0.07108156481718231,0.3866481223922114
0.0710997442455243,0.3866481223922114
0.07111793297518547,0.3866481223922114
0.07113613101330604,0.3866481223922114
0.07115433836703353,0.3866481223922114
0.07117255504352278,0.3866481223922114
0.07119078104993598,0.3866481223922114
0.07120901639344263,0.3866481223922114
0.07122726108121957,0.3866481223922114
0.07124551512045105,0.3866481223922114
0.07126377851832863,0.3866481223922114
0.07130033341882534,0.3866481223922114
0.07131862493586455,0.3866481223922114
0.07133692584039004,0.3866481223922114
0.07135523613963039,0.3866481223922114
0.07137355584082157,0.3866481223922114
0.07139188495120699,0.3866481223922114
0.07141022347803751,0.3866481223922114
0.07142857142857142,0.3866481223922114
0.07144692881007453,0.3866481223922114
0.07146529562982006,0.3866481223922114
0.07148367189508871,0.3866481223922114
0.07150205761316872,0.3866481223922114
0.0715204527913558,0.3866481223922114
0.07153885743695317,0.3866481223922114
0.07155727155727155,0.3866481223922114
0.07157569515962925,0.3866481223922114
0.07159412825135204,0.3866481223922114
0.0716125708397733,0.3866481223922114
0.07163102293223396,0.3866481223922114
0.07164948453608247,0.3866481223922114
0.07166795565867491,0.3866481223922114
0.07168643630737494,0.3866481223922114
0.07170492648955377,0.3866481223922114
0.0717234262125903,0.3866481223922114
0.07148387096774193,0.3852573018080668
0.07150232318017553,0.3852573018080668
0.07152078492124968,0.3852573018080668
0.07153925619834711,0.3852573018080668
0.07155773701885818,0.3852573018080668
0.07157622739018088,0.3852573018080668
0.07159472731972086,0.3852573018080668
0.07161323681489142,0.3852573018080668
0.07163175588311352,0.3852573018080668
0.07165028453181584,0.3852573018080668
0.07166882276843467,0.3852573018080668
0.07168737060041408,0.3852573018080668
0.0717059280352058,0.3852573018080668
0.07172449508026929,0.3852573018080668
0.07174307174307175,0.3852573018080668
0.07176165803108808,0.3852573018080668
0.07178025395180099,0.3852573018080668
0.07179885951270087,0.3852573018080668
0.07181747472128597,0.3852573018080668
0.07183609958506224,0.3852573018080668
0.07185473411154344,0.3852573018080668
0.07187337830825116,0.3852573018080668
0.07189203218271477,0.3852573018080668
0.07191069574247144,0.3852573018080668
0.07192936899506622,0.3852573018080668
0.07194805194805194,0.3852573018080668
0.07196674460898934,0.3852573018080668
0.07198544698544698,0.3852573018080668
0.07174421627242007,0.38386648122392214
0.07150286011440457,0.38247566063977745
0.07152145643693109,0.38247566063977745
0.0712799167533819,0.3810848400556328
0.0712984647410877,0.3810848400556328
0.07131702238417491,0.3810848400556328
0.07133558969018484,0.3810848400556328
0.07135416666666666,0.3810848400556328
0.07137275332117739,0.3810848400556328
0.07139134966128191,0.3810848400556328
0.07114933541829555,0.3796940194714882
0.07090719499478623,0.37830319888734354
0.07092568448500652,0.37830319888734354
0.07094418362023996,0.37830319888734354
0.07096269240803549,0.37830319888734354
0.0709812108559499,0.37830319888734354
0.0709997389715479,0.37830319888734354
0.07101827676240209,0.37830319888734354
0.07103682423609298,0.37830319888734354
0.07105538140020899,0.37830319888734354
0.07107394826234649,0.37830319888734354
0.07109252483010978,0.37830319888734354
0.07111111111111111,0.37830319888734354
0.07112970711297072,0.37830319888734354
0.07114831284331677,0.37830319888734354
0.07090528519099948,0.3769123783031989
0.07092384192619733,0.3769123783031989
0.07096098455092956,0.3769123783031989
0.07097957045573598,0.3769123783031989
0.07099816609903065,0.3769123783031989
0.0710167714884696,0.3769123783031989
0.0710353866317169,0.3769123783031989
0.07105401153644468,0.3769123783031989
0.07109129066107031,0.3769123783031989
0.07110994489635267,0.3769123783031989
0.07112860892388452,0.3769123783031989
0.07114728275137831,0.3769123783031989
0.07116596638655462,0.3769123783031989
0.0711846598371421,0.3769123783031989
0.07120336311087756,0.3769123783031989
0.07122207621550591,0.3769123783031989
0.07124079915878023,0.3769123783031989
0.07125953194846174,0.3769123783031989
0.07127827459231983,0.3769123783031989
0.07129702709813207,0.3769123783031989
0.07131578947368421,0.3769123783031989
0.0713345617267702,0.3769123783031989
0.07135334386519221,0.3769123783031989
0.0713721358967606,0.3769123783031989
0.07112750263435196,0.37552155771905427
0.07114624505928854,0.37552155771905427
0.07116499736425935,0.37552155771905427
0.07118375955707883,0.37552155771905427
0.07120253164556962,0.37552155771905427
0.07122131363756265,0.37552155771905427
0.0712401055408971,0.37552155771905427
0.07125890736342043,0.37552155771905427
0.07101372756071805,0.3741307371349096
0.07103247953525219,0.3741307371349096
0.07078711040676175,0.37273991655076494
0.07080581241743725,0.37273991655076494
0.0708245243128964,0.37273991655076494
0.07057890563045202,0.3713490959666203
0.07059756742464304,0.3713490959666203
0.07035175879396985,0.36995827538247567
0.0701058201058201,0.36856745479833103
0.06985975125694628,0.3671766342141864
0.0698782424563261,0.3671766342141864
0.0698967434471803,0.3671766342141864
0.06965042372881355,0.3657858136300417
0.06966887417218542,0.3657858136300417
0.06968733439321674,0.3657858136300417
0.06970580439968195,0.3657858136300417
0.06972428419936373,0.3657858136300417
0.06974277380005303,0.3657858136300417
0.06976127320954907,0.3657858136300417
0.06977978243565933,0.3657858136300417
0.06979830148619957,0.3657858136300417
0.0698168303689939,0.3657858136300417
0.06983536909187467,0.3657858136300417
0.0698539176626826,0.3657858136300417
0.06987247608926674,0.3657858136300417
0.06989104437948446,0.3657858136300417
0.06990962254120149,0.3657858136300417
0.06992821058229194,0.3657858136300417
0.0699468085106383,0.3657858136300417
0.06996541633413142,0.3657858136300417
0.06998403406067057,0.3657858136300417
0.07000266169816342,0.3657858136300417
0.07002129925452609,0.3657858136300417
0.07003994673768309,0.3657858136300417
0.07005860415556739,0.3657858136300417
0.07007727151612043,0.3657858136300417
0.07009594882729211,0.3657858136300417
0.07011463609704079,0.3657858136300417
0.07013333333333334,0.3657858136300417
0.0701520405441451,0.3657858136300417
0.07017075773745998,0.3657858136300417
0.07018948492127035,0.3657858136300417
0.07020822210357715,0.3657858136300417
0.07022696929238985,0.3657858136300417
0.0702457264957265,0.3657858136300417
0.07026449372161368,0.3657858136300417
0.07028327097808658,0.3657858136300417
0.07003475006682705,0.36439499304589706
0.07005347593582888,0.36439499304589706
0.0700722118213426,0.36439499304589706
0.07009095773140717,0.36439499304589706
0.07010971367407011,0.36439499304589706
0.07012847965738758,0.36439499304589706
0.07014725568942437,0.36439499304589706
0.07016604177825388,0.36439499304589706
0.0701848379319582,0.36439499304589706
0.06993569131832797,0.36300417246175243
0.06995443580809435,0.36300417246175243
0.06997319034852546,0.36300417246175243
0.06999195494770716,0.36300417246175243
0.0700107296137339,0.36300417246175243
0.0697612020391736,0.3616133518776078
0.06977992485238863,0.3616133518776078
0.0697986577181208,0.3616133518776078
0.06981740064446831,0.3616133518776078
0.069836153639538,0.3616133518776078
0.06985491671144546,0.3616133518776078
0.06987368986831496,0.3616133518776078
0.06989247311827956,0.3616133518776078
0.06991126646948104,0.3616133518776078
0.06993006993006994,0.3616133518776078
0.06994888350820554,0.3616133518776078
0.06996770721205597,0.3616133518776078
0.06998654104979811,0.3616133518776078
0.07000538502961766,0.3616133518776078
0.07002423915970914,0.3616133518776078
0.07004310344827586,0.3616133518776078
0.07006197790353004,0.3616133518776078
0.07008086253369272,0.3616133518776078
0.0700997573469938,0.3616133518776078
0.07011866235167206,0.3616133518776078
0.07013757755597518,0.3616133518776078
0.07015650296815974,0.3616133518776078
0.0699055330634278,0.36022253129346316
0.0699244060475162,0.36022253129346316
0.06994328922495274,0.36022253129346316
0.06996218260399784,0.36022253129346316
0.06998108619292083,0.36022253129346316
0.07,0.36022253129346316
0.07001892403352257,0.36022253129346316
0.07003785830178474,0.36022253129346316
0.07005680281309169,0.36022253129346316
0.07007575757575757,0.36022253129346316
0.07009472259810555,0.36022253129346316
0.07011369788846779,0.36022253129346316
0.07013268345518549,0.36022253129346316
0.07015167930660889,0.36022253129346316
0.07017068545109727,0.36022253129346316
0.07018970189701897,0.36022253129346316
0.07020872865275142,0.36022253129346316
0.07022776572668113,0.36022253129346316
0.07024681312720368,0.36022253129346316
0.07026587086272382,0.36022253129346316
0.07028493894165536,0.36022253129346316
0.07030401737242128,0.36022253129346316
0.0703231061634537,0.36022253129346316
0.07034220532319392,0.36022253129346316
0.07036131486009237,0.36022253129346316
0.07038043478260869,0.36022253129346316
0.07039956509921175,0.36022253129346316
0.07041870581837956,0.36022253129346316
0.0704378569485994,0.36022253129346316
0.07045701849836779,0.36022253129346316
0.07047619047619047,0.36022253129346316
0.07049537289058247,0.36022253129346316
0.07024230873945005,0.3588317107093185
0.06998910675381263,0.3574408901251738
0.07000817216017434,0.3574408901251738
0.07002724795640326,0.3574408901251738
0.06977378032161352,0.3560500695410292
0.06952017448200655,0.35465924895688455
0.06953913280610853,0.35465924895688455
0.06955810147299508,0.35465924895688455
0.06930422919508868,0.3532684283727399
0.06932314410480349,0.3532684283727399
0.06934206934206934,0.3532684283727399
0.0693799508331057,0.3532684283727399
0.06939890710382514,0.3532684283727399
0.06941787373599344,0.3532684283727399
0.06943685073810825,0.3532684283727399
0.0694558381186765,0.3532684283727399
0.06947483588621445,0.3532684283727399
0.0694938440492476,0.3532684283727399
0.06951286261631089,0.3532684283727399
0.06953189159594854,0.3532684283727399
0.06955093099671412,0.3532684283727399
0.06956998082717064,0.3532684283727399
0.06958904109589041,0.3532684283727399
0.0696081118114552,0.3532684283727399
0.06962719298245613,0.3532684283727399
0.06964628461749384,0.3532684283727399
0.06966538672517827,0.3532684283727399
0.06968449931412894,0.3532684283727399
0.06970362239297476,0.3532684283727399
0.0697227559703541,0.3532684283727399
0.06946732564524986,0.3518776077885953
0.06948640483383686,0.3518776077885953
0.06950549450549451,0.3518776077885953
0.06952459466886507,0.3518776077885953
0.06954370533260033,0.3518776077885953
0.06956282650536157,0.3518776077885953
0.06958195819581958,0.3518776077885953
0.06960110041265474,0.3518776077885953
0.06962025316455696,0.3518776077885953
0.06963941646022571,0.3518776077885953
0.06965859030837004,0.3518776077885953
0.06967777471770863,0.3518776077885953
0.0696969696969697,0.3518776077885953
0.06971617525489116,0.3518776077885953
0.0697353914002205,0.3518776077885953
0.06975461814171492,0.3518776077885953
0.0697738554881412,0.3518776077885953
0.06979310344827586,0.3518776077885953
0.06981236203090507,0.3518776077885953
0.06983163124482474,0.3518776077885953
0.06985091109884042,0.3518776077885953
0.06987020160176746,0.3518776077885953
0.06988950276243094,0.3518776077885953
0.06990881458966565,0.3518776077885953
0.0699281370923162,0.3518776077885953
0.06994747027923694,0.3518776077885953
0.06996681415929204,0.3518776077885953
0.06998616874135546,0.3518776077885953
0.070005534034311,0.3518776077885953
0.07002491004705232,0.3518776077885953
0.07004429678848284,0.3518776077885953
0.07006369426751592,0.3518776077885953
0.0700831024930748,0.3518776077885953
0.07010252147409254,0.3518776077885953
0.0701219512195122,0.3518776077885953
0.07014139173828667,0.3518776077885953
0.0701608430393788,0.3518776077885953
0.07018030513176145,0.3518776077885953
0.07019977802441732,0.3518776077885953
0.07021926172633916,0.3518776077885953
0.0702387562465297,0.3518776077885953
0.07025826159400167,0.3518776077885953
0.07027777777777777,0.3518776077885953
0.07029730480689081,0.3518776077885953
0.07031684269038355,0.3518776077885953
0.07033639143730887,0.3518776077885953
0.0703559510567297,0.3518776077885953
0.07037552155771905,0.3518776077885953
0.07039510294936005,0.3518776077885953
0.0704146952407459,0.3518776077885953
0.07043429844097995,0.3518776077885953
0.07017543859649122,0.35048678720445064
0.0701949860724234,0.35048678720445064
0.07021454444134856,0.35048678720445064
0.07023411371237458,0.35048678720445064
0.07025369389461945,0.35048678720445064
0.07027328499721137,0.35048678720445064
0.07029288702928871,0.35048678720445064
0.07003348214285714,0.34909596662030595
0.07005302818866871,0.34909596662030595
0.07007258514796204,0.34909596662030595
0.06981290142418319,0.3477051460361613
0.06983240223463687,0.3477051460361613
0.06985191394244203,0.3477051460361613
0.06987143655673561,0.3477051460361613
0.0698909700866648,0.3477051460361613
0.06991051454138703,0.3477051460361613
0.06993006993006994,0.3477051460361613
0.06994963626189143,0.3477051460361613
0.06996921354603974,0.3477051460361613
0.06998880179171332,0.3477051460361613
0.07000840100812097,0.3477051460361613
0.0700280112044818,0.3477051460361613
0.07004763239002522,0.3477051460361613
0.07006726457399103,0.3477051460361613
0.07008690776562938,0.3477051460361613
0.07010656197420079,0.3477051460361613
0.07012622720897616,0.3477051460361613
0.07014590347923681,0.3477051460361613
0.0701655907942745,0.3477051460361613
0.07018528916339135,0.3477051460361613
0.07020499859590003,0.3477051460361613
0.0702247191011236,0.3477051460361613
0.07024445068839562,0.3477051460361613
0.07026419336706015,0.3477051460361613
0.07028394714647175,0.3477051460361613
0.0703037120359955,0.3477051460361613
0.07032348804500703,0.3477051460361613
0.07034327518289252,0.3477051460361613
0.07036307345904869,0.3477051460361613
0.07038288288288289,0.3477051460361613
0.07040270346381301,0.3477051460361613
0.07042253521126761,0.3477051460361613
0.07044237813468583,0.3477051460361613
0.07046223224351747,0.3477051460361613
0.07048209754722301,0.3477051460361613
0.07050197405527354,0.3477051460361613
0.07023977433004232,0.3463143254520167
0.07025959367945823,0.3463143254520167
0.07027942421676546,0.3463143254520167
0.07029926595143987,0.3463143254520167
0.07033898305084746,0.3463143254520167
0.07035885843458604,0.3463143254520167
0.07037874505370266,0.3463143254520167
0.07039864291772689,0.3463143254520167
0.0704185520361991,0.3463143254520167
0.07043847241867043,0.3463143254520167
0.07045840407470289,0.3463143254520167
0.07047834701386924,0.3463143254520167
0.07049830124575311,0.3463143254520167
0.07051826677994902,0.3463143254520167
0.07053824362606233,0.3463143254520167
0.07055823179370926,0.3463143254520167
0.070578231292517,0.3463143254520167
0.07059824213212362,0.3463143254520167
0.07033465683494045,0.34492350486787204
0.07035460992907801,0.34492350486787204
0.07037457434733257,0.34492350486787204
0.07039455009934714,0.34492350486787204
0.0704145371947757,0.34492350486787204
0.07043453564328316,0.34492350486787204
0.07045454545454545,0.34492350486787204
0.0704745666382495,0.34492350486787204
0.07049459920409323,0.34492350486787204
0.07023030992323002,0.3435326842837274
0.07025028441410694,0.3435326842837274
0.07027027027027027,0.3435326842837274
0.07029026750142288,0.3435326842837274
0.07031027611727868,0.3435326842837274
0.07033029612756264,0.3435326842837274
0.07035032754201083,0.3435326842837274
0.07037037037037037,0.3435326842837274
0.07039042462239954,0.3435326842837274
0.07041049030786774,0.3435326842837274
0.07043056743655546,0.3435326842837274
0.07045065601825443,0.3435326842837274
0.07047075606276748,0.3435326842837274
0.07049086757990868,0.3435326842837274
0.07051099057950329,0.3435326842837274
0.07053112507138778,0.3435326842837274
0.07055127106540988,0.3435326842837274
0.07057142857142858,0.3435326842837274
0.07059159759931409,0.3435326842837274
0.07034601086645696,0.34214186369958277
0.07036613272311212,0.34214186369958277
0.0703862660944206,0.34214186369958277
0.07040641099026904,0.34214186369958277
0.07042656742055539,0.34214186369958277
0.070446735395189,0.34214186369958277
0.07046691492409052,0.34214186369958277
0.07048710601719198,0.34214186369958277
0.0705073086844368,0.34214186369958277
0.07052752293577981,0.34214186369958277
0.07054774878118726,0.34214186369958277
0.07056798623063683,0.34214186369958277
0.07058823529411765,0.34214186369958277
0.07060849598163031,0.34214186369958277
0.07062876830318691,0.34214186369958277
0.07064905226881103,0.34214186369958277
0.07066934788853778,0.34214186369958277
0.07040229885057471,0.34075104311543813
0.07042253521126761,0.34075104311543813
0.07044278320874066,0.34075104311543813
0.07046304285303423,0.34075104311543813
0.07048331415420023,0.34075104311543813
0.07050359712230216,0.34075104311543813
0.07023603914795624,0.33936022253129344
0.07025626259717824,0.33936022253129344
0.07027649769585254,0.33936022253129344
0.07029674445404782,0.33936022253129344
0.07002881844380403,0.3379694019471488
0.07004900547708273,0.3379694019471488
0.07006920415224914,0.3379694019471488
0.07008941447937699,0.3379694019471488
0.07010963646855164,0.3379694019471488
0.07012987012987013,0.3379694019471488
0.0701501154734411,0.3379694019471488
0.07017037250938493,0.3379694019471488
0.07021092169893095,0.3379694019471488
0.06994219653179191,0.33657858136300417
0.06996241688349233,0.33657858136300417
0.06998264893001735,0.33657858136300417
0.07000289268151577,0.33657858136300417
0.07002314814814815,0.33657858136300417
0.07004341534008683,0.33657858136300417
0.07006369426751592,0.33657858136300417
0.07008398494063134,0.33657858136300417
0.07010428736964079,0.33657858136300417
0.07012460156476384,0.33657858136300417
0.06985507246376811,0.33518776077885953
0.06989559164733179,0.33518776077885953
0.06991586887148245,0.33518776077885953
0.06993615786419037,0.33518776077885953
0.06995645863570392,0.33518776077885953
0.06997677119628339,0.33518776077885953
0.06999709555620098,0.33518776077885953
0.07001743172574085,0.33518776077885953
0.07003777971519907,0.33518776077885953
0.07005813953488373,0.33518776077885953
0.07007851119511486,0.33518776077885953
0.07009889470622455,0.33518776077885953
0.07011929007855688,0.33518776077885953
0.07013969732246798,0.33518776077885953
0.07018054746651135,0.33518776077885953
0.07020099038741626,0.33518776077885953
0.07022144522144522,0.33518776077885953
0.07024191197901486,0.33518776077885953
0.07026239067055394,0.33518776077885953
0.07028288130650336,0.33518776077885953
0.07030338389731622,0.33518776077885953
0.07032389845345784,0.33518776077885953
0.07034442498540572,0.33518776077885953
0.07036496350364964,0.33518776077885953
0.07038551401869159,0.33518776077885953
0.07040607654104587,0.33518776077885953
0.07042665108123904,0.33518776077885953
0.07044723764981,0.33518776077885953
0.07046783625730994,0.33518776077885953
0.0701959637320854,0.3337969401947149
0.07021650087770626,0.3337969401947149
0.07023705004389816,0.3337969401947149
0.0702576112412178,0.3337969401947149
0.07027818448023426,0.3337969401947149
0.070298769771529,0.3337969401947149
0.07031936712569586,0.3337969401947149
0.07033997655334115,0.3337969401947149
0.07006742890647903,0.33240611961057026
0.07008797653958944,0.33240611961057026
0.07010853622763273,0.33240611961057026
0.0698356807511737,0.33101529902642557
0.06985617845611976,0.33101529902642557
0.06987668819729888,0.33101529902642557
0.0698972099853157,0.33101529902642557
0.0699177438307873,0.33101529902642557
0.06964443138407288,0.32962447844228093
0.06966490299823633,0.32962447844228093
0.069685386650985,0.32962447844228093
0.06970588235294117,0.32962447844228093
0.06972639011473963,0.32962447844228093
0.06974690994702766,0.32962447844228093
0.06976744186046512,0.32962447844228093
0.06978798586572438,0.32962447844228093
0.06980854197349043,0.32962447844228093
0.06982911019446081,0.32962447844228093
0.06984969053934571,0.32962447844228093
0.06987028301886793,0.32962447844228093
0.0698908876437629,0.32962447844228093
0.06991150442477877,0.32962447844228093
0.0699321333726763,0.32962447844228093
0.06995277449822905,0.32962447844228093
0.06997342781222321,0.32962447844228093
0.06999409332545777,0.32962447844228093
0.0700354609929078,0.32962447844228093
0.0700561631687851,0.32962447844228093
0.0700768775872265,0.32962447844228093
0.07009760425909495,0.32962447844228093
0.07011834319526628,0.32962447844228093
0.07013909440662917,0.32962447844228093
0.07015985790408526,0.32962447844228093
0.070180633698549,0.32962447844228093
0.07020142180094786,0.32962447844228093
0.07022222222222223,0.32962447844228093
0.07024303497332543,0.32962447844228093
0.07026386006522384,0.32962447844228093
0.07028469750889679,0.32962447844228093
0.07000889943636902,0.3282336578581363
0.07002967359050445,0.3282336578581363
0.06975363609379638,0.32684283727399166
0.06977434679334917,0.32684283727399166
0.06979506979506979,0.32684283727399166
0.06981580510992276,0.32684283727399166
0.06983655274888559,0.32684283727399166
0.06985731272294887,0.32684283727399166
0.06987808504311627,0.32684283727399166
0.06989886972040452,0.32684283727399166
0.0699196667658435,0.32684283727399166
0.06994047619047619,0.32684283727399166
0.06996129800535873,0.32684283727399166
0.06998213222156045,0.32684283727399166
0.07000297885016384,0.32684283727399166
0.0700238379022646,0.32684283727399166
0.07004470938897168,0.32684283727399166
0.07006559332140727,0.32684283727399166
0.07008648971070683,0.32684283727399166
0.07010739856801909,0.32684283727399166
0.07012831990450612,0.32684283727399166
0.07014925373134329,0.32684283727399166
0.07019115890083633,0.32684283727399166
0.07021213026590976,0.32684283727399166
0.07023311416616856,0.32684283727399166
0.07025411061285501,0.32684283727399166
0.06997607655502393,0.325452016689847
0.06999700867484296,0.325452016689847
0.07001795332136446,0.325452016689847
0.07003891050583658,0.325452016689847
0.07005988023952096,0.325452016689847
0.07008086253369272,0.325452016689847
0.0701018573996405,0.325452016689847
0.07012286484866646,0.325452016689847
0.07014388489208633,0.325452016689847
0.07016491754122939,0.325452016689847
0.07018596280743851,0.325452016689847
0.0702070207020702,0.325452016689847
0.0702280912364946,0.325452016689847
0.07024917442209547,0.325452016689847
0.07027027027027027,0.325452016689847
0.07029137879243016,0.325452016689847
0.0703125,0.325452016689847
0.0703336339044184,0.325452016689847
0.0703547805171377,0.325452016689847
0.07037593984962406,0.325452016689847
0.0703971119133574,0.325452016689847
0.07041829671983148,0.325452016689847
0.07043949428055388,0.325452016689847
0.07046070460704607,0.325452016689847
0.07048192771084337,0.325452016689847
0.07050316360349503,0.325452016689847
0.0705244122965642,0.325452016689847
0.07054567380162798,0.325452016689847
0.07026537997587455,0.3240611961057024
0.07028657616892911,0.3240611961057024
0.07030778515389258,0.3240611961057024
0.07032900694234832,0.3240611961057024
0.07035024154589371,0.3240611961057024
0.07037148897614014,0.3240611961057024
0.07039274924471299,0.3240611961057024
0.07011181625868843,0.3226703755215577
0.07013301088270858,0.3226703755215577
0.07015421832476565,0.3226703755215577
0.06987295825771325,0.32127955493741306
0.06989409984871407,0.32127955493741306
0.06991525423728813,0.32127955493741306
0.06993642143505904,0.32127955493741306
0.06995760145366445,0.32127955493741306
0.06997879430475613,0.32127955493741306
0.0696969696969697,0.3198887343532684
0.06971809639284632,0.3198887343532684
0.06973923590054579,0.3198887343532684
0.0694570821959357,0.3184979137691238
0.06947815533980582,0.3184979137691238
0.06949924127465858,0.3184979137691238
0.06952034001214329,0.3184979137691238
0.06954145156392347,0.3184979137691238
0.0695625759416768,0.3184979137691238
0.0695837131570951,0.3184979137691238
0.0696048632218845,0.3184979137691238
0.06962602614776528,0.3184979137691238
0.06964720194647202,0.3184979137691238
0.06966839062975358,0.3184979137691238
0.0696895922093731,0.3184979137691238
0.06971080669710807,0.3184979137691238
0.0697320341047503,0.3184979137691238
0.06977452772699573,0.3184979137691238
0.0697957939652545,0.3184979137691238
0.06981707317073171,0.3184979137691238
0.06983836535529125,0.3184979137691238
0.06985967053081148,0.3184979137691238
0.06988098870918523,0.3184979137691238
0.0699023199023199,0.3184979137691238
0.06992366412213741,0.3184979137691238
0.06994502138057422,0.3184979137691238
0.06996639168958142,0.3184979137691238
0.06998777506112469,0.3184979137691238
0.07000917150718435,0.3184979137691238
0.07003058103975535,0.3184979137691238
0.06976744186046512,0.31710709318497915
0.06978879706152434,0.31710709318497915
0.06981016533986528,0.31710709318497915
0.06983154670750383,0.31710709318497915
0.06985294117647059,0.31710709318497915
0.0698743487588109,0.31710709318497915
0.06989576946658492,0.31710709318497915
0.06991720331186753,0.31710709318497915
0.06993865030674846,0.31710709318497915
0.06996011046333231,0.31710709318497915
0.06998158379373849,0.31710709318497915
0.07000307031010132,0.31710709318497915
0.07002457002457002,0.31710709318497915
0.07004608294930875,0.31710709318497915
0.07006760909649662,0.31710709318497915
0.0700891484783277,0.31710709318497915
0.06980319803198032,0.3157162726008345
0.06982466933251308,0.3157162726008345
0.06984615384615385,0.3157162726008345
0.06986765158510311,0.3157162726008345
0.06988916256157636,0.3157162726008345
0.06991068678780413,0.3157162726008345
0.06993222427603205,0.3157162726008345
0.06995377503852081,0.3157162726008345
0.06997533908754625,0.3157162726008345
0.06999691643539932,0.3157162726008345
0.07001850709438619,0.3157162726008345
0.07004011107682814,0.3157162726008345
0.07006172839506172,0.3157162726008345
0.07008335906143871,0.3157162726008345
0.07010500308832612,0.3157162726008345
0.07012666048810627,0.3157162726008345
0.07014833127317677,0.3157162726008345
0.07017001545595054,0.3157162726008345
0.07019171304885591,0.3157162726008345
0.07021342406433653,0.3157162726008345
0.07023514851485149,0.3157162726008345
0.06994738471061591,0.3143254520166898
0.06996904024767801,0.3143254520166898
0.06999070919789409,0.3143254520166898
0.07001239157372986,0.3143254520166898
0.06972420204524327,0.3129346314325452
0.06974581525108493,0.3129346314325452
0.06976744186046512,0.3129346314325452
0.06978908188585609,0.3129346314325452
0.06981073533974558,0.3129346314325452
0.06983240223463687,0.3129346314325452
0.06985408258304875,0.3129346314325452
0.06987577639751552,0.3129346314325452
0.06989748369058714,0.3129346314325452
0.06991920447482909,0.3129346314325452
0.06996268656716417,0.3129346314325452
0.06998444790046657,0.3129346314325452
0.07000622277535781,0.3129346314325452
0.0700280112044818,0.3129346314325452
0.07007162877608222,0.3129346314325452
0.07009345794392523,0.3129346314325452
0.07011530071673419,0.3129346314325452
0.07013715710723192,0.3129346314325452
0.06984720922980979,0.31154381084840055
0.06986899563318777,0.31154381084840055
0.06989079563182528,0.31154381084840055
0.06960049937578028,0.3101529902642559
0.06962222916016235,0.3101529902642559
0.06964397251717676,0.3101529902642559
0.0696657294595439,0.3101529902642559
0.0696875,0.3101529902642559
0.06939668646452016,0.3087621696801113
0.06941838649155722,0.3087621696801113
0.06944010009383797,0.3087621696801113
0.06946182728410513,0.3087621696801113
0.06948356807511737,0.3087621696801113
0.06950532247964934,0.3087621696801113
0.0695270905104917,0.3087621696801113
0.06954887218045112,0.3087621696801113
0.06957066750235036,0.3087621696801113
0.06927899686520377,0.30737134909596664
0.06930072122922547,0.30737134909596664
0.06932245922208281,0.30737134909596664
0.06934421085660496,0.30737134909596664
0.06936597614563716,0.30737134909596664
0.06938775510204082,0.30737134909596664
0.06940954773869347,0.30737134909596664
0.06943135406848884,0.30737134909596664
0.06945317410433689,0.30737134909596664
0.06947500785916379,0.30737134909596664
0.06949685534591195,0.30737134909596664
0.06951871657754011,0.30737134909596664
0.06954059156702329,0.30737134909596664
0.06956248032735285,0.30737134909596664
0.06958438287153652,0.30737134909596664
0.06960629921259842,0.30737134909596664
0.06962822936357908,0.30737134909596664
0.06965017333753545,0.30737134909596664
0.06967213114754098,0.30737134909596664
0.06969410280668559,0.30737134909596664
0.06971608832807571,0.30737134909596664
0.06973808772483434,0.30737134909596664
0.06976010101010101,0.30737134909596664
0.06978212819703189,0.30737134909596664
0.06948831332912192,0.30598052851182195
0.06951026856240126,0.30598052851182195
0.0695322376738306,0.30598052851182195
0.06955422067657287,0.30598052851182195
0.06957621758380772,0.30598052851182195
0.06959822840873141,0.30598052851182195
0.06962025316455696,0.30598052851182195
0.06932573599240266,0.3045897079276773
0.06934768841038633,0.3045897079276773
0.0693696547355084,0.3045897079276773
0.06939163498098859,0.3045897079276773
0.0694136291600634,0.3045897079276773
0.06943563728598605,0.3045897079276773
0.06945765937202664,0.3045897079276773
0.06947969543147207,0.3045897079276773
0.06950174547762615,0.3045897079276773
0.06952380952380953,0.3045897079276773
0.06954588758335979,0.3045897079276773
0.06956797966963152,0.3045897079276773
0.06959008579599618,0.3045897079276773
0.06961220597584233,0.3045897079276773
0.06963434022257552,0.3045897079276773
0.0693384223918575,0.3031988873435327
0.06936048361438116,0.3031988873435327
0.06938255887969447,0.3031988873435327
0.06942675159235669,0.3031988873435327
0.06944886906658171,0.3031988873435327
0.06947100063734862,0.3031988873435327
0.06949314631813835,0.3031988873435327
0.06919642857142858,0.30180806675938804
0.06889952153110047,0.3004172461752434
0.06892150606253988,0.3004172461752434
0.06894350462815194,0.3004172461752434
0.06896551724137931,0.3004172461752434
0.06898754391568189,0.3004172461752434
0.06900958466453674,0.3004172461752434
0.06903163950143816,0.3004172461752434
0.06905370843989769,0.3004172461752434
0.0690757914934442,0.3004172461752434
0.0690978886756238,0.3004172461752434
0.0688,0.29902642559109877
0.06882202304737516,0.29902642559109877
0.06884406019852705,0.29902642559109877
0.06886611146700833,0.29902642559109877
0.06888817686638898,0.29902642559109877
0.06891025641025642,0.29902642559109877
0.06893235011221545,0.29902642559109877
0.0689544579858884,0.29902642559109877
0.06897658004491498,0.29902642559109877
0.0689987163029525,0.29902642559109877
0.06902086677367576,0.29902642559109877
0.06904303147077713,0.29902642559109877
0.06906521040796659,0.29902642559109877
0.06908740359897173,0.29902642559109877
0.06910961105753777,0.29902642559109877
0.06913183279742766,0.29902642559109877
0.06917631917631918,0.29902642559109877
0.06919858384293531,0.29902642559109877
0.06922086284610432,0.29902642559109877
0.06926546391752578,0.29902642559109877
0.06928778601353529,0.29902642559109877
0.06931012250161186,0.29902642559109877
0.06933247339567881,0.29902642559109877
0.06935483870967742,0.29902642559109877
0.06937721845756696,0.29902642559109877
0.06939961265332473,0.29902642559109877
0.06942202131094607,0.29902642559109877
0.06944444444444445,0.29902642559109877
0.06946688206785137,0.29902642559109877
0.06948933419521655,0.29902642559109877
0.06951180084060782,0.29902642559109877
0.06953428201811125,0.29902642559109877
0.06955677774183112,0.29902642559109877
0.06925566343042071,0.29763560500695413
0.06927808352217546,0.29763560500695413
0.06930051813471502,0.29763560500695413
0.06932296728215095,0.29763560500695413
0.06934543097861309,0.29763560500695413
0.06936790923824959,0.29763560500695413
0.06906614785992218,0.29624478442280944
0.06908855011352578,0.29624478442280944
0.0691109669046074,0.29624478442280944
0.0691333982473223,0.29624478442280944
0.06915584415584415,0.29624478442280944
0.06885352387138681,0.2948539638386648
0.06887589343729694,0.2948539638386648
0.06889827754306142,0.2948539638386648
0.06892067620286085,0.2948539638386648
0.0689430894308943,0.2948539638386648
0.06896551724137931,0.2948539638386648
0.06898795964855191,0.2948539638386648
0.06901041666666667,0.2948539638386648
0.06903288830999674,0.2948539638386648
0.06905537459283388,0.2948539638386648
0.06907787552948844,0.2948539638386648
0.06910039113428944,0.2948539638386648
0.0691229214215846,0.2948539638386648
0.06914546640574037,0.2948539638386648
0.06916802610114192,0.2948539638386648
0.06919060052219321,0.2948539638386648
0.06921318968331701,0.2948539638386648
0.06923579359895493,0.2948539638386648
0.06925841228356747,0.2948539638386648
0.06928104575163399,0.2948539638386648
0.06930369401765282,0.2948539638386648
0.06932635709614127,0.2948539638386648
0.06934903500163558,0.2948539638386648
0.0693717277486911,0.2948539638386648
0.06939443535188217,0.2948539638386648
0.06941715782580223,0.2948539638386648
0.06943989518506387,0.2948539638386648
0.06946264744429882,0.2948539638386648
0.06948541461815798,0.2948539638386648
0.06950819672131148,0.2948539638386648
0.06920301738274844,0.29346314325452016
0.0692257217847769,0.29346314325452016
0.06924844108959632,0.29346314325452016
0.06927117531188444,0.29346314325452016
0.06929392446633825,0.29346314325452016
0.06931668856767412,0.29346314325452016
0.06933946763062768,0.29346314325452016
0.06936226166995398,0.29346314325452016
0.06938507070042749,0.29346314325452016
0.0694078947368421,0.29346314325452016
0.06943073379401118,0.29346314325452016
0.06945358788676761,0.29346314325452016
0.06947645702996379,0.29346314325452016
0.06949934123847168,0.29346314325452016
0.06952224052718287,0.29346314325452016
0.06954515491100857,0.29346314325452016
0.06956808440487966,0.29346314325452016
0.0695910290237467,0.29346314325452016
0.06961398878258,0.29346314325452016
0.06963696369636964,0.29346314325452016
0.06965995378012545,0.29346314325452016
0.06968295904887714,0.29346314325452016
0.06970597951767427,0.29346314325452016
0.06972901520158625,0.29346314325452016
0.06975206611570248,0.29346314325452016
0.06977513227513228,0.29346314325452016
0.06979821369500497,0.29346314325452016
0.06982131039046989,0.29346314325452016
0.06984442237669646,0.29346314325452016
0.06986754966887417,0.29346314325452016
0.06989069228221265,0.29346314325452016
0.06991385023194169,0.29346314325452016
0.06993702353331123,0.29346314325452016
0.06996021220159152,0.29346314325452016
0.06998341625207297,0.29346314325452016
0.07000663570006636,0.29346314325452016
0.07002987056090275,0.29346314325452016
0.07005312084993359,0.29346314325452016
0.07007638658253072,0.29346314325452016
0.07009966777408638,0.29346314325452016
0.0701229644400133,0.29346314325452016
0.07014627659574468,0.29346314325452016
0.07016960425673428,0.29346314325452016
0.07019294743845642,0.29346314325452016
0.07021630615640599,0.29346314325452016
0.06990679094540612,0.29207232267037553
0.06995336442371752,0.29207232267037553
0.06997667444185271,0.29207232267037553
0.07,0.29207232267037553
0.07002334111370456,0.29207232267037553
0.07004669779853236,0.29207232267037553
0.07007007007007007,0.29207232267037553
0.07009345794392523,0.29207232267037553
0.07011686143572621,0.29207232267037553
0.07014028056112225,0.29207232267037553
0.0701637153357835,0.29207232267037553
0.07018716577540107,0.29207232267037553
0.07021063189568706,0.29207232267037553
0.07023411371237458,0.29207232267037553
0.0702576112412178,0.29207232267037553
0.07028112449799197,0.29207232267037553
0.07030465349849348,0.29207232267037553
0.07032819825853985,0.29207232267037553
0.07035175879396985,0.29207232267037553
0.07037533512064344,0.29207232267037553
0.07039892725444184,0.29207232267037553
0.07042253521126761,0.29207232267037553
0.07044615900704461,0.29207232267037553
0.07046979865771812,0.29207232267037553
0.07051712558764271,0.29207232267037553
0.07020490426603963,0.2906815020862309
0.07022849462365591,0.2906815020862309
0.07025210084033613,0.2906815020862309
0.0699394754539341,0.28929068150208626
0.06996300033636058,0.28929068150208626
0.06998654104979811,0.28929068150208626
0.06967351060249075,0.28789986091794156
0.06936026936026936,0.2865090403337969
0.06938363085213876,0.2865090403337969
0.06940700808625337,0.2865090403337969
0.0694304010785305,0.2865090403337969
0.06913996627318718,0.2851182197496523
0.06916329284750337,0.2851182197496523
0.06918663516706042,0.2851182197496523
0.06920999324780554,0.2851182197496523
0.06923336710570753,0.2851182197496523
0.06925675675675676,0.2851182197496523
0.06928016221696519,0.2851182197496523
0.06930358350236647,0.2851182197496523
0.0693270206290159,0.2851182197496523
0.06935047361299053,0.2851182197496523
0.06937394247038917,0.2851182197496523
0.06939742721733243,0.2851182197496523
0.06942092786996275,0.2851182197496523
0.06944444444444445,0.2851182197496523
0.06946797695696375,0.2851182197496523
0.06949152542372881,0.2851182197496523
0.06951508986096983,0.2851182197496523
0.06953867028493894,0.2851182197496523
0.06956226671191042,0.2851182197496523
0.06958587915818058,0.2851182197496523
0.06960950764006792,0.2851182197496523
0.06963315217391304,0.2851182197496523
0.06965681277607882,0.2851182197496523
0.06968048946295037,0.2851182197496523
0.06970418225093505,0.2851182197496523
0.06972789115646258,0.2851182197496523
0.06941136440966315,0.28372739916550765
0.06945863125638406,0.28372739916550765
0.069141689373297,0.282336578581363
0.06916524701873936,0.282336578581363
0.06918882072256305,0.282336578581363
0.06921241050119331,0.282336578581363
0.0688949522510232,0.2809457579972184
0.06891845786421016,0.2809457579972184
0.0689419795221843,0.2809457579972184
0.06896551724137931,0.2809457579972184
0.06898907103825136,0.2809457579972184
0.06901264092927913,0.2809457579972184
0.06903622693096377,0.2809457579972184
0.06905982905982906,0.2809457579972184
0.06908344733242135,0.2809457579972184
0.06910708176530961,0.2809457579972184
0.06913073237508556,0.2809457579972184
0.06915439917836358,0.2809457579972184
0.06917808219178082,0.2809457579972184
0.06920178143199726,0.2809457579972184
0.06922549691569568,0.2809457579972184
0.06924922865958176,0.2809457579972184
0.06927297668038408,0.2809457579972184
0.06929674099485421,0.2809457579972184
0.06932052161976665,0.2809457579972184
0.06934431857191899,0.2809457579972184
0.06936813186813187,0.2809457579972184
0.06939196152524905,0.2809457579972184
0.06941580756013746,0.2809457579972184
0.06943966998968717,0.2809457579972184
0.06946354883081156,0.2809457579972184
0.0694874441004472,0.2809457579972184
0.06951135581555402,0.2809457579972184
0.06953528399311532,0.2809457579972184
0.06955922865013774,0.2809457579972184
0.0695831898036514,0.2809457579972184
0.06960716747070986,0.2809457579972184
0.06963116166839022,0.2809457579972184
0.0696551724137931,0.2809457579972184
0.06967919972404277,0.2809457579972184
0.06970324361628709,0.2809457579972184
0.06972730410769762,0.2809457579972184
0.06975138121546962,0.2809457579972184
0.06977547495682211,0.2809457579972184
0.06979958534899793,0.2809457579972184
0.06982371240926374,0.2809457579972184
0.0698478561549101,0.2809457579972184
0.06987201660325147,0.2809457579972184
0.0698961937716263,0.2809457579972184
0.06992038767739703,0.2809457579972184
0.06994459833795014,0.2809457579972184
0.06996882577069623,0.2809457579972184
0.06999306999306999,0.2809457579972184
0.07001733102253033,0.2809457579972184
0.07004160887656033,0.2809457579972184
0.07006590357266736,0.2809457579972184
0.07009021512838307,0.2809457579972184
0.07011454356126345,0.2809457579972184
0.07013888888888889,0.2809457579972184
0.07016325112886419,0.2809457579972184
0.07018763029881862,0.2809457579972184
0.07021202641640598,0.2809457579972184
0.0702364394993046,0.2809457579972184
0.07026086956521739,0.2809457579972184
0.07028531663187196,0.2809457579972184
0.07030978071702054,0.2809457579972184
0.07033426183844012,0.2809457579972184
0.07035876001393243,0.2809457579972184
0.07038327526132404,0.2809457579972184
0.07040780759846636,0.2809457579972184
0.07043235704323571,0.2809457579972184
0.07045692361353331,0.2809457579972184
0.07048150732728542,0.2809457579972184
0.07050610820244328,0.2809457579972184
0.07053072625698324,0.2809457579972184
0.07020607754104087,0.2795549374130737
0.07023060796645703,0.2795549374130737
0.07025515554002097,0.2795549374130737
0.06993006993006994,0.27816411682892905
0.06995452955578874,0.27816411682892905
0.06997900629811056,0.27816411682892905
0.07000350017500875,0.27816411682892905
0.0700280112044818,0.27816411682892905
0.07005253940455342,0.27816411682892905
0.0700770847932726,0.27816411682892905
0.07010164738871363,0.27816411682892905
0.06977559607293128,0.2767732962447844
0.06980007015082428,0.2767732962447844
0.06982456140350878,0.2767732962447844
0.06984906984906986,0.2767732962447844
0.06987359550561797,0.2767732962447844
0.06989813839128908,0.2767732962447844
0.06992269852424456,0.2767732962447844
0.06994727592267136,0.2767732962447844
0.069971870604782,0.2767732962447844
0.06999648258881463,0.2767732962447844
0.07002111189303308,0.2767732962447844
0.07004575853572685,0.2767732962447844
0.07007042253521127,0.2767732962447844
0.0700951039098274,0.2767732962447844
0.07011980267794221,0.2767732962447844
0.07014451885794853,0.2767732962447844
0.07016925246826516,0.2767732962447844
0.07019400352733686,0.2767732962447844
0.07021877205363444,0.2767732962447844
0.07024355806565478,0.2767732962447844
0.0702683615819209,0.2767732962447844
0.07029318262098198,0.2767732962447844
0.07031802120141342,0.2767732962447844
0.07034287734181689,0.2767732962447844
0.07036775106082037,0.2767732962447844
0.07039264237707818,0.2767732962447844
0.07041755130927105,0.2767732962447844
0.07044247787610619,0.2767732962447844
0.07046742209631728,0.2767732962447844
0.07049238398866454,0.2767732962447844
0.07016300496102056,0.2753824756606398
0.07018787663948954,0.2753824756606398
0.07021276595744681,0.2753824756606398
0.07023767293366442,0.2753824756606398
0.07026259758694109,0.2753824756606398
0.07028753993610223,0.2753824756606398
0.06995738636363637,0.27399165507649514
0.0699822380106572,0.27399165507649514
0.06965174129353234,0.2726008344923505
0.06967650195520796,0.2726008344923505
0.06970128022759602,0.2726008344923505
0.06972607612949129,0.2726008344923505
0.06975088967971531,0.2726008344923505
0.06977572089711641,0.2726008344923505
0.0698005698005698,0.2726008344923505
0.06946918418240114,0.2712100139082058
0.06949394155381326,0.2712100139082058
0.06951871657754011,0.2712100139082058
0.0695435092724679,0.2712100139082058
0.06956831965750981,0.2712100139082058
0.069593147751606,0.2712100139082058
0.06961799357372367,0.2712100139082058
0.06964285714285715,0.2712100139082058
0.06931046802429439,0.2698191933240612
0.06936002860207365,0.2698191933240612
0.06938483547925609,0.2698191933240612
0.06940966010733453,0.2698191933240612
0.06907659269863994,0.26842837273991654
0.06910132474042248,0.26842837273991654
0.06912607449856734,0.26842837273991654
0.06915084199211752,0.26842837273991654
0.06917562724014337,0.26842837273991654
0.06920043026174257,0.26842837273991654
0.06922525107604018,0.26842837273991654
0.06925008970218874,0.26842837273991654
0.06927494615936827,0.26842837273991654
0.06929982046678636,0.26842837273991654
0.06932471264367816,0.26842837273991654
0.0693496227093065,0.26842837273991654
0.0693745506829619,0.26842837273991654
0.0693994965839626,0.26842837273991654
0.06942446043165468,0.26842837273991654
0.06944944224541202,0.26842837273991654
0.06911447084233262,0.2670375521557719
0.06913935902052575,0.2670375521557719
0.069164265129683,0.2670375521557719
0.06918918918918919,0.2670375521557719
0.0692141312184571,0.2670375521557719
0.06923909123692752,0.2670375521557719
0.06926406926406926,0.2670375521557719
0.06928906531937928,0.2670375521557719
0.06895306859205776,0.26564673157162727
0.06897797038642109,0.26564673157162727
0.06900289017341041,0.26564673157162727
0.06902782797253343,0.26564673157162727
0.0690527838033261,0.26564673157162727
0.06907775768535263,0.26564673157162727
0.0691027496382055,0.26564673157162727
0.06912775968150561,0.26564673157162727
0.06915278783490224,0.26564673157162727
0.06917783411807316,0.26564673157162727
0.06920289855072463,0.26564673157162727
0.06922798115259152,0.26564673157162727
0.06925308194343727,0.26564673157162727
0.06927820094305405,0.26564673157162727
0.0693033381712627,0.26564673157162727
0.06932849364791288,0.26564673157162727
0.06935366739288308,0.26564673157162727
0.06901561932437342,0.26425591098748263
0.0690406976744186,0.26425591098748263
0.06906579425663395,0.26425591098748263
0.06909090909090909,0.26425591098748263
0.06911604219716261,0.26425591098748263
0.06914119359534207,0.26425591098748263
0.0691663633054241,0.26425591098748263
0.06919155134741442,0.26425591098748263
0.0692167577413479,0.26425591098748263
0.06887755102040816,0.26286509040333794
0.06890266131972293,0.26286509040333794
0.06892778993435449,0.26286509040333794
0.06895293688434878,0.26286509040333794
0.06897810218978102,0.26286509040333794
0.06900328587075576,0.26286509040333794
0.06902848794740686,0.26286509040333794
0.06907894736842106,0.26286509040333794
0.06910420475319927,0.26286509040333794
0.06912948061448428,0.26286509040333794
0.06915477497255763,0.26286509040333794
0.0691800878477306,0.26286509040333794
0.0692054192603442,0.26286509040333794
0.06923076923076923,0.26286509040333794
0.06925613777940638,0.26286509040333794
0.06928152492668621,0.26286509040333794
0.06930693069306931,0.26286509040333794
0.06933235509904623,0.26286509040333794
0.0689908256880734,0.2614742698191933
0.06901615271659324,0.2614742698191933
0.06904149834741094,0.2614742698191933
0.06906686260102865,0.2614742698191933
0.06909224549797868,0.2614742698191933
0.06911764705882353,0.2614742698191933
0.0687752850312615,0.26008344923504867
0.06880058866813833,0.26008344923504867
0.06882591093117409,0.26008344923504867
0.06885125184094257,0.26008344923504867
0.06887661141804788,0.26008344923504867
0.06890198968312454,0.26008344923504867
0.06892738665683745,0.26008344923504867
0.068952802359882,0.26008344923504867
0.06897823681298414,0.26008344923504867
0.06900369003690036,0.26008344923504867
0.06902916205241787,0.26008344923504867
0.0690546528803545,0.26008344923504867
0.06908016254155892,0.26008344923504867
0.06910569105691057,0.26008344923504867
0.06913123844731978,0.26008344923504867
0.06915680473372782,0.26008344923504867
0.06918238993710692,0.26008344923504867
0.0692079940784604,0.26008344923504867
0.06923361717882266,0.26008344923504867
0.06925925925925926,0.26008344923504867
0.06928492034086699,0.26008344923504867
0.06931060044477391,0.26008344923504867
0.06933629959213941,0.26008344923504867
0.0693620178041543,0.26008344923504867
0.06941351150705272,0.26008344923504867
0.0694392870404753,0.26008344923504867
0.06946508172362556,0.26008344923504867
0.0694908955778521,0.26008344923504867
0.06951672862453531,0.26008344923504867
0.0695425808850874,0.26008344923504867
0.06956845238095238,0.26008344923504867
0.06959434313360625,0.26008344923504867
0.06962025316455696,0.26008344923504867
0.0696461824953445,0.26008344923504867
0.06967213114754098,0.26008344923504867
0.06969809914275066,0.26008344923504867
0.06972408650260999,0.26008344923504867
0.06975009324878777,0.26008344923504867
0.06977611940298507,0.26008344923504867
0.06980216498693542,0.26008344923504867
0.06982823002240478,0.26008344923504867
0.06985431453119163,0.26008344923504867
0.06988041853512705,0.26008344923504867
0.06990654205607477,0.26008344923504867
0.06993268511593119,0.26008344923504867
0.06995884773662552,0.26008344923504867
0.07001123174840884,0.26008344923504867
0.0700374531835206,0.26008344923504867
0.07008995502248876,0.26008344923504867
0.07011623547056618,0.26008344923504867
0.07014253563390847,0.26008344923504867
0.0701688555347092,0.26008344923504867
0.0701951951951952,0.26008344923504867
0.06984603830266617,0.25869262865090403
0.06987227648384674,0.25869262865090403
0.06952273581360391,0.2573018080667594
0.06954887218045112,0.2573018080667594
0.06957502820609252,0.2573018080667594
0.06960120391271633,0.2573018080667594
0.06962739932254422,0.2573018080667594
0.06965361445783133,0.2573018080667594
0.0696798493408663,0.2573018080667594
0.06970610399397137,0.2573018080667594
0.06973237843950245,0.2573018080667594
0.06975867269984917,0.2573018080667594
0.06940777065258392,0.25591098748261476
0.06943396226415094,0.25591098748261476
0.06946017365043412,0.25591098748261476
0.06948640483383686,0.25591098748261476
0.06951265583679637,0.25591098748261476
0.06953892668178382,0.25591098748261476
0.06956521739130435,0.25591098748261476
0.06959152798789713,0.25591098748261476
0.06961785849413545,0.25591098748261476
0.0696442089326268,0.25591098748261476
0.06967057932601288,0.25591098748261476
0.06972338006820765,0.25591098748261476
0.06974981046247157,0.25591098748261476
0.06977626090254077,0.25591098748261476
0.06980273141122914,0.25591098748261476
0.0698292220113852,0.25591098748261476
0.06985573272589218,0.25591098748261476
0.06988226357766807,0.25591098748261476
0.06990881458966565,0.25591098748261476
0.06993538578487267,0.25591098748261476
0.0699619771863118,0.25591098748261476
0.0699885888170407,0.25591098748261476
0.0700152207001522,0.25591098748261476
0.07004187285877427,0.25591098748261476
0.07006854531607007,0.25591098748261476
0.0700952380952381,0.25591098748261476
0.0701219512195122,0.25591098748261476
0.07014868471216165,0.25591098748261476
0.07017543859649122,0.25591098748261476
0.07020221289584128,0.25591098748261476
0.07022900763358779,0.25591098748261476
0.07025582283314243,0.25591098748261476
0.07028265851795264,0.25591098748261476
0.07030951471150172,0.25591098748261476
0.07033639143730887,0.25591098748261476
0.07036328871892926,0.25591098748261476
0.0703902065799541,0.25591098748261476
0.07041714504401071,0.25591098748261476
0.07044410413476264,0.25591098748261476
0.07047108387590961,0.25591098748261476
0.07049808429118774,0.25591098748261476
0.07052510540436949,0.25591098748261476
0.0705521472392638,0.25591098748261476
0.07057920981971615,0.25591098748261476
0.07060629316960859,0.25591098748261476
0.07063339731285989,0.25591098748261476
0.07027649769585254,0.2545201668984701
0.07030349596619286,0.2545201668984701
0.07033051498847041,0.2545201668984701
0.07035755478662054,0.2545201668984701
0.07038461538461538,0.2545201668984701
0.07041169680646403,0.2545201668984701
0.07043879907621248,0.2545201668984701
0.07046592221794377,0.2545201668984701
0.07049306625577811,0.2545201668984701
0.07052023121387284,0.2545201668984701
0.07054741711642251,0.2545201668984701
0.07057462398765908,0.2545201668984701
0.07060185185185185,0.2545201668984701
0.07062910073330761,0.2545201668984701
0.07065637065637066,0.2545201668984701
0.07068366164542295,0.2545201668984701
0.07071097372488408,0.2545201668984701
0.07073830691921144,0.2545201668984701
0.07076566125290024,0.2545201668984701
0.07079303675048355,0.2545201668984701
0.0708204334365325,0.2545201668984701
0.0704879938032533,0.25312934631432543
0.07051530414567997,0.25312934631432543
0.07054263565891473,0.25312934631432543
0.07056998836758434,0.25312934631432543
0.07059736229635376,0.25312934631432543
0.07062475746992627,0.25312934631432543
0.07065217391304347,0.25312934631432543
0.07067961165048543,0.25312934631432543
0.0707070707070707,0.25312934631432543
0.07073455110765643,0.25312934631432543
0.07076205287713841,0.25312934631432543
0.07078957604045119,0.25312934631432543
0.07081712062256809,0.25312934631432543
0.07084468664850137,0.25312934631432543
0.07087227414330217,0.25312934631432543
0.07089988313206078,0.25312934631432543
0.07092751363990647,0.25312934631432543
0.0709551656920078,0.25312934631432543
0.07098283931357255,0.25312934631432543
0.07101053452984783,0.25312934631432543
0.07103825136612021,0.25312934631432543
0.07106598984771574,0.25312934631432543
0.07109375,0.25312934631432543
0.07112153184837827,0.25312934631432543
0.07114933541829555,0.25312934631432543
0.07117716073523661,0.25312934631432543
0.07120500782472614,0.25312934631432543
0.07123287671232877,0.25312934631432543
0.07126076742364917,0.25312934631432543
0.07092476489028213,0.2517385257301808
0.07095256762054096,0.2517385257301808
0.07098039215686275,0.2517385257301808
0.07100823852491173,0.2517385257301808
0.07103610675039246,0.2517385257301808
0.07106399685904986,0.2517385257301808
0.07109190887666929,0.2517385257301808
0.07111984282907662,0.2517385257301808
0.07075471698113207,0.25034770514603616
0.07078254030672435,0.25034770514603616
0.07081038552321008,0.25034770514603616
0.07083825265643448,0.25034770514603616
0.07086614173228346,0.25034770514603616
0.07089405277668373,0.25034770514603616
0.07092198581560284,0.25034770514603616
0.07094994087504927,0.25034770514603616
0.07097791798107256,0.25034770514603616
0.07100591715976332,0.25034770514603616
0.07103393843725335,0.25034770514603616
0.07106198183971575,0.25034770514603616
0.07109004739336493,0.25034770514603616
0.07111813512445674,0.25034770514603616
0.07114624505928854,0.25034770514603616
0.0711743772241993,0.25034770514603616
0.07120253164556962,0.25034770514603616
0.07123070834982193,0.25034770514603616
0.07086302454473475,0.24895688456189152
0.07089108910891088,0.24895688456189152
0.07091917591125198,0.24895688456189152
0.07094728497820056,0.24895688456189152
0.07097541633624108,0.24895688456189152
0.07100357001190004,0.24895688456189152
0.07103174603174603,0.24895688456189152
0.07105994442238983,0.24895688456189152
0.07108816521048451,0.24895688456189152
0.07111640842272547,0.24895688456189152
0.07114467408585055,0.24895688456189152
0.07117296222664016,0.24895688456189152
0.07120127287191726,0.24895688456189152
0.07122960604854756,0.24895688456189152
0.07125796178343949,0.24895688456189152
0.07088809239346874,0.24756606397774686
0.07091633466135458,0.24756606397774686
0.07094459944200877,0.24756606397774686
0.07097288676236045,0.24756606397774686
0.07100119664938173,0.24756606397774686
0.0710295291300878,0.24756606397774686
0.07105788423153693,0.24756606397774686
0.07108626198083066,0.24756606397774686
0.07111466240511387,0.24756606397774686
0.07114308553157474,0.24756606397774686
0.07117153138744502,0.24756606397774686
0.0712,0.24756606397774686
0.07122849139655862,0.24756606397774686
0.07085668534827862,0.24617524339360222
0.07088506207448939,0.24617524339360222
0.07091346153846154,0.24617524339360222
0.07094188376753507,0.24617524339360222
0.07056936647955092,0.24478442280945759
0.07059767348576013,0.24478442280945759
0.0702247191011236,0.24339360222531292
0.0702529104777198,0.24339360222531292
0.07028112449799197,0.24339360222531292
0.07030936118923263,0.24339360222531292
0.07033762057877814,0.24339360222531292
0.07036590269400884,0.24339360222531292
0.07039420756234915,0.24339360222531292
0.07042253521126761,0.24339360222531292
0.07004830917874397,0.24200278164116829
0.06967378171566653,0.24061196105702365
0.06970185334407736,0.24061196105702365
0.06972994760177348,0.24061196105702365
0.06975806451612904,0.24061196105702365
0.06978620411456232,0.24061196105702365
0.06981436642453591,0.24061196105702365
0.06984255147355672,0.24061196105702365
0.06987075928917609,0.24061196105702365
0.0694949494949495,0.23922114047287898
0.06952303961196443,0.23922114047287898
0.06955115244642135,0.23922114047287898
0.06957928802588997,0.23922114047287898
0.06960744637798462,0.23922114047287898
0.06963562753036437,0.23922114047287898
0.06966383151073309,0.23922114047287898
0.06969205834683954,0.23922114047287898
0.06931495743818403,0.23783031988873435
0.06934306569343066,0.23783031988873435
0.0693711967545639,0.23783031988873435
0.06939935064935066,0.23783031988873435
0.06942752740560293,0.23783031988873435
0.0694557270511779,0.23783031988873435
0.06948394961397805,0.23783031988873435
0.06951219512195123,0.23783031988873435
0.06954046360309069,0.23783031988873435
0.0691619202603743,0.2364394993045897
0.06919006919006919,0.2364394993045897
0.06921824104234528,0.2364394993045897
0.06924643584521385,0.2364394993045897
0.06886715566422168,0.23504867872044508
0.0688952303302079,0.23504867872044508
0.06892332789559544,0.23504867872044508
0.0689514483884129,0.23504867872044508
0.06897959183673469,0.23504867872044508
0.0690077582686811,0.23504867872044508
0.0690359477124183,0.23504867872044508
0.06906416019615856,0.23504867872044508
0.06909239574816026,0.23504867872044508
0.0687116564417178,0.2336578581363004
0.06873977086743044,0.2336578581363004
0.0683585755218993,0.23226703755215578
0.06797706797706797,0.23087621696801114
0.0680049160180254,0.23087621696801114
0.0680327868852459,0.23087621696801114
0.06806068060680606,0.23087621696801114
0.06808859721082855,0.23087621696801114
0.06770619614279852,0.22948539638386647
0.06773399014778325,0.22948539638386647
0.06776180698151951,0.22948539638386647
0.06778964667214461,0.22948539638386647
0.06781750924784218,0.22948539638386647
0.0678453947368421,0.22948539638386647
0.06787330316742081,0.22948539638386647
0.06790123456790123,0.22948539638386647
0.06792918896665294,0.22948539638386647
0.06795716639209226,0.22948539638386647
0.06798516687268233,0.22948539638386647
0.06801319043693323,0.22948539638386647
0.06804123711340206,0.22948539638386647
0.06806930693069307,0.22948539638386647
0.0680973999174577,0.22948539638386647
0.06812551610239471,0.22948539638386647
0.06815365551425032,0.22948539638386647
0.06776859504132231,0.22809457579972184
0.06779661016949153,0.22809457579972184
0.06782464846980976,0.22809457579972184
0.06785270997103848,0.22809457579972184
0.06788079470198675,0.22809457579972184
0.06749482401656315,0.2267037552155772
0.06752278376139188,0.2267037552155772
0.06713634479900539,0.22531293463143254
0.06716417910447761,0.22531293463143254
0.06719203649937786,0.22531293463143254
0.06721991701244813,0.22531293463143254
0.06724782067247821,0.22531293463143254
0.06727574750830564,0.22531293463143254
0.06733167082294264,0.22531293463143254
0.06735966735966736,0.22531293463143254
0.06738768718801996,0.22531293463143254
0.06741573033707865,0.22531293463143254
0.06702747710241465,0.2239221140472879
0.06705539358600583,0.2239221140472879
0.06708333333333333,0.2239221140472879
0.06711129637348895,0.2239221140472879
0.06713928273561301,0.2239221140472879
0.06716729244889445,0.2239221140472879
0.06719532554257095,0.2239221140472879
0.06722338204592902,0.2239221140472879
0.06725146198830409,0.2239221140472879
0.06727956539908066,0.2239221140472879
0.0673076923076923,0.2239221140472879
0.06733584274362192,0.2239221140472879
0.06736401673640167,0.2239221140472879
0.06739221431561322,0.2239221140472879
0.06742043551088778,0.2239221140472879
0.06744868035190615,0.2239221140472879
0.067476948868399,0.2239221140472879
0.06750524109014674,0.2239221140472879
0.06753355704697987,0.2239221140472879
0.06756189676877886,0.2239221140472879
0.0675902602854744,0.2239221140472879
0.06761864762704746,0.2239221140472879
0.06764705882352941,0.2239221140472879
0.0676754939050021,0.2239221140472879
0.06770395290159797,0.2239221140472879
0.06773243584350021,0.2239221140472879
0.06776094276094276,0.2239221140472879
0.06778947368421052,0.2239221140472879
0.06739679865206402,0.22253129346314326
0.067425200168563,0.22253129346314326
0.06745362563237774,0.22253129346314326
0.06748207507380852,0.22253129346314326
0.06751054852320675,0.22253129346314326
0.0675390460109751,0.22253129346314326
0.06756756756756757,0.22253129346314326
0.06759611322348964,0.22253129346314326
0.0676246830092984,0.22253129346314326
0.06765327695560254,0.22253129346314326
0.0676818950930626,0.22253129346314326
0.06771053745239103,0.22253129346314326
0.06773920406435224,0.22253129346314326
0.0677678949597628,0.22253129346314326
0.06737288135593221,0.2211404728789986
0.06740144128868164,0.2211404728789986
0.06743002544529263,0.2211404728789986
0.06745863385659737,0.2211404728789986
0.06748726655348047,0.2211404728789986
0.06751592356687898,0.2211404728789986
0.0675446049277825,0.2211404728789986
0.06757331066723332,0.2211404728789986
0.06760204081632654,0.2211404728789986
0.06765957446808511,0.2211404728789986
0.06768837803320563,0.2211404728789986
0.06771720613287904,0.2211404728789986
0.06774605879846612,0.2211404728789986
0.06777493606138107,0.2211404728789986
0.06780383795309168,0.2211404728789986
0.06783276450511945,0.2211404728789986
0.0678617157490397,0.2211404728789986
0.06789069171648164,0.2211404728789986
0.06791969243912858,0.2211404728789986
0.06794871794871794,0.2211404728789986
0.06797776827704147,0.2211404728789986
0.06800684345594525,0.2211404728789986
0.06803594351732992,0.2211404728789986
0.06806506849315068,0.2211404728789986
0.06809421841541756,0.2211404728789986
0.06812339331619537,0.2211404728789986
0.06815259322760395,0.2211404728789986
0.06775300171526587,0.21974965229485396
0.06778206778206779,0.21974965229485396
0.06781115879828326,0.21974965229485396
0.0678402747960498,0.21974965229485396
0.06743986254295532,0.21835883171070933
0.06746884400515686,0.21835883171070933
0.06749785038693035,0.21835883171070933
0.0675268817204301,0.21835883171070933
0.06755593803786575,0.21835883171070933
0.06758501937150237,0.21835883171070933
0.06761412575366063,0.21835883171070933
0.06721240844463593,0.21696801112656466
0.06724137931034482,0.21696801112656466
0.06683915480810694,0.21557719054242003
0.06686798964624677,0.21557719054242003
0.06689684937419077,0.21557719054242003
0.06692573402417962,0.21557719054242003
0.06695464362850972,0.21557719054242003
0.06698357821953328,0.21557719054242003
0.06704152249134948,0.21557719054242003
0.06707053223712678,0.21557719054242003
0.0670995670995671,0.21557719054242003
0.0671286271113036,0.21557719054242003
0.067157712305026,0.21557719054242003
0.06718682271348071,0.21557719054242003
0.06721595836947095,0.21557719054242003
0.06724511930585683,0.21557719054242003
0.06727430555555555,0.21557719054242003
0.06730351715154147,0.21557719054242003
0.06733275412684622,0.21557719054242003
0.06736201651455889,0.21557719054242003
0.06739130434782609,0.21557719054242003
0.06698564593301436,0.2141863699582754
0.0670147954743255,0.2141863699582754
0.06660861993905094,0.21279554937413073
0.0666376306620209,0.21279554937413073
0.06666666666666667,0.21279554937413073
0.06669572798605057,0.21279554937413073
0.06672481465329264,0.21279554937413073
0.06675392670157068,0.21279554937413073
0.06678306416412047,0.21279554937413073
0.06637554585152838,0.2114047287899861
0.06596767147225863,0.21001390820584145
0.0659965034965035,0.21001390820584145
0.0660253607345868,0.21001390820584145
0.06605424321959755,0.21001390820584145
0.06608315098468272,0.21001390820584145
0.06611208406304729,0.21001390820584145
0.06614104248795445,0.21001390820584145
0.06617002629272568,0.21001390820584145
0.0661990355107409,0.21001390820584145
0.0662280701754386,0.21001390820584145
0.06625713032031592,0.21001390820584145
0.06628621597892889,0.21001390820584145
0.0663153271848924,0.21001390820584145
0.06634446397188049,0.21001390820584145
0.06637362637362637,0.21001390820584145
0.06640281442392261,0.21001390820584145
0.0664320281566212,0.21001390820584145
0.0664612676056338,0.21001390820584145
0.06649053280493175,0.21001390820584145
0.06651982378854626,0.21001390820584145
0.06654914059056853,0.21001390820584145
0.06657848324514991,0.21001390820584145
0.06660785178650198,0.21001390820584145
0.06663724624889673,0.21001390820584145
0.06666666666666667,0.21001390820584145
0.06669611307420495,0.21001390820584145
0.06672558550596554,0.21001390820584145
0.06675508399646331,0.21001390820584145
0.06678460858027421,0.21001390820584145
0.0668141592920354,0.21001390820584145
0.06684373616644533,0.21001390820584145
0.06687333923826395,0.21001390820584145
0.0669029685423128,0.21001390820584145
0.06693262411347518,0.21001390820584145
0.06696230598669622,0.21001390820584145
0.06699201419698314,0.21001390820584145
0.06702174877940524,0.21001390820584145
0.06705150976909414,0.21001390820584145
0.0670812972012439,0.21001390820584145
0.06711111111111111,0.21001390820584145
0.06714095153401511,0.21001390820584145
0.06717081850533808,0.21001390820584145
0.06720071206052515,0.21001390820584145
0.06723063223508459,0.21001390820584145
0.06726057906458797,0.21001390820584145
0.06729055258467023,0.21001390820584145
0.06732055283102988,0.21001390820584145
0.06735057983942908,0.21001390820584145
0.06738063364569388,0.21001390820584145
0.06741071428571428,0.21001390820584145
0.06744082179544439,0.21001390820584145
0.06747095621090259,0.21001390820584145
0.06750111756817166,0.21001390820584145
0.06753130590339892,0.21001390820584145
0.06756152125279642,0.21001390820584145
0.067591763652641,0.21001390820584145
0.06762203313927452,0.21001390820584145
0.06765232974910394,0.21001390820584145
0.06768265351860152,0.21001390820584145
0.06729475100942127,0.2086230876216968
0.06732495511669659,0.2086230876216968
0.0673551863493489,0.2086230876216968
0.0673854447439353,0.2086230876216968
0.06741573033707865,0.2086230876216968
0.06744604316546762,0.2086230876216968
0.06747638326585695,0.2086230876216968
0.0675067506750675,0.2086230876216968
0.0675371454299865,0.2086230876216968
0.06756756756756757,0.2086230876216968
0.067598017124831,0.2086230876216968
0.06762849413886383,0.2086230876216968
0.06765899864682003,0.2086230876216968
0.06768953068592058,0.2086230876216968
0.06772009029345373,0.2086230876216968
0.06729900632339657,0.20723226703755215
0.06687754179846363,0.20584144645340752
0.06690777576853527,0.20584144645340752
0.06693803708729082,0.20584144645340752
0.0665158371040724,0.20445062586926285
0.06654594839293798,0.20445062586926285
0.06657608695652174,0.20445062586926285
0.0666062528318985,0.20445062586926285
0.06663644605621033,0.20445062586926285
0.06666666666666667,0.20445062586926285
0.06669691470054447,0.20445062586926285
0.06672719019518839,0.20445062586926285
0.0667574931880109,0.20445062586926285
0.0667878237164925,0.20445062586926285
0.06681818181818182,0.20445062586926285
0.06684856753069578,0.20445062586926285
0.06642402183803457,0.20305980528511822
0.06645425580336822,0.20305980528511822
0.06648451730418943,0.20305980528511822
0.06651480637813212,0.20305980528511822
0.06654512306289881,0.20305980528511822
0.06657546739626083,0.20305980528511822
0.0666058394160584,0.20305980528511822
0.06617982656321314,0.20166898470097358
0.06621004566210045,0.20166898470097358
0.06624029237094564,0.20166898470097358
0.06627056672760512,0.20166898470097358
0.06630086877000457,0.20166898470097358
0.06633119853613907,0.20166898470097358
0.06636155606407322,0.20166898470097358
0.06639194139194139,0.20166898470097358
0.06642235455794777,0.20166898470097358
0.06645279560036664,0.20166898470097358
0.06648326455754242,0.20166898470097358
0.06651376146788991,0.20166898470097358
0.06654428636989444,0.20166898470097358
0.06657483930211203,0.20166898470097358
0.0666054203031695,0.20166898470097358
0.0661764705882353,0.20027816411682892
0.06620689655172414,0.20027816411682892
0.06623735050597976,0.20027816411682892
0.06626783248964566,0.20027816411682892
0.06629834254143646,0.20027816411682892
0.06632888070013819,0.20027816411682892
0.0663594470046083,0.20027816411682892
0.06639004149377593,0.20027816411682892
0.06642066420664207,0.20027816411682892
0.06645131518227965,0.20027816411682892
0.06602031394275161,0.19888734353268428
0.06605080831408776,0.19888734353268428
0.06608133086876156,0.19888734353268428
0.06611188164586222,0.19888734353268428
0.06614246068455135,0.19888734353268428
0.06617306802406293,0.19888734353268428
0.06620370370370371,0.19888734353268428
0.06623436776285317,0.19888734353268428
0.06626506024096386,0.19888734353268428
0.06629578117756142,0.19888734353268428
0.06586270871985157,0.19749652294853964
0.06589327146171693,0.19749652294853964
0.06592386258124419,0.19749652294853964
0.06595448211797492,0.19749652294853964
0.06598513011152417,0.19749652294853964
0.06601580660158066,0.19749652294853964
0.06604651162790698,0.19749652294853964
0.06561191251744998,0.19610570236439498
0.06564245810055866,0.19610570236439498
0.0656730321378668,0.19610570236439498
0.06570363466915191,0.19610570236439498
0.06573426573426573,0.19610570236439498
0.06576492537313433,0.19610570236439498
0.06579561362575828,0.19610570236439498
0.06582633053221289,0.19610570236439498
0.06539000467071462,0.19471488178025034
0.06542056074766354,0.19471488178025034
0.06545114539504442,0.19471488178025034
0.06548175865294668,0.19471488178025034
0.06551240056153486,0.19471488178025034
0.06554307116104868,0.19471488178025034
0.06557377049180328,0.19471488178025034
0.06560449859418932,0.19471488178025034
0.06563525550867323,0.19471488178025034
0.06566604127579738,0.19471488178025034
0.0656968559361802,0.19471488178025034
0.06572769953051644,0.19471488178025034
0.06575857209957726,0.19471488178025034
0.06578947368421052,0.19471488178025034
0.06582040432534085,0.19471488178025034
0.0658513640639699,0.19471488178025034
0.06588235294117648,0.19471488178025034
0.06591337099811675,0.19471488178025034
0.06547338671691004,0.1933240611961057
0.06550424128180961,0.1933240611961057
0.06553512494106553,0.1933240611961057
0.06556603773584906,0.1933240611961057
0.06559697970740916,0.1933240611961057
0.06562795089707271,0.1933240611961057
0.06565895134624469,0.1933240611961057
0.06568998109640832,0.1933240611961057
0.0657210401891253,0.1933240611961057
0.06575212866603596,0.1933240611961057
0.06578324656885944,0.1933240611961057
0.06581439393939394,0.1933240611961057
0.06584557081951682,0.1933240611961057
0.06587677725118483,0.1933240611961057
0.06590801327643434,0.1933240611961057
0.0659392789373814,0.1933240611961057
0.06597057427622212,0.1933240611961057
0.06600189933523266,0.1933240611961057
0.0660332541567696,0.1933240611961057
0.06606463878326996,0.1933240611961057
0.06609605325725154,0.1933240611961057
0.06612749762131304,0.1933240611961057
0.06615897191813422,0.1933240611961057
0.06619047619047619,0.1933240611961057
0.06622201048118151,0.1933240611961057
0.06625357483317446,0.1933240611961057
0.06628516928946114,0.1933240611961057
0.06631679389312978,0.1933240611961057
0.06634844868735083,0.1933240611961057
0.06638013371537727,0.1933240611961057
0.06593406593406594,0.19193324061196107
0.06596558317399617,0.19193324061196107
0.06599713055954089,0.19193324061196107
0.0660287081339713,0.19193324061196107
0.06606031594064146,0.19193324061196107
0.06609195402298851,0.19193324061196107
0.06612362242453282,0.19193324061196107
0.06615532118887824,0.19193324061196107
0.06618705035971223,0.19193324061196107
0.06621880998080615,0.19193324061196107
0.06625060009601537,0.19193324061196107
0.06580211335254563,0.1905424200278164
0.06583373378183566,0.1905424200278164
0.06586538461538462,0.1905424200278164
0.0658970658970659,0.1905424200278164
0.06592877767083734,0.1905424200278164
0.06596051998074146,0.1905424200278164
0.06599229287090559,0.1905424200278164
0.06602409638554217,0.1905424200278164
0.06605593056894889,0.1905424200278164
0.06608779546550893,0.1905424200278164
0.06611969111969113,0.1905424200278164
0.06615161757605022,0.1905424200278164
0.06618357487922705,0.1905424200278164
0.06621556307394877,0.1905424200278164
0.06624758220502901,0.1905424200278164
0.06627963231736816,0.1905424200278164
0.06631171345595353,0.1905424200278164
0.06634382566585957,0.1905424200278164
0.06637596899224807,0.1905424200278164
0.0664081434803684,0.1905424200278164
0.06644034917555772,0.1905424200278164
0.06598738476467735,0.18915159944367177
0.06601941747572816,0.18915159944367177
0.06605148130160272,0.18915159944367177
0.06608357628765792,0.18915159944367177
0.06611570247933884,0.18915159944367177
0.06614785992217899,0.18915159944367177
0.06618004866180048,0.18915159944367177
0.06621226874391431,0.18915159944367177
0.06624452021432051,0.18915159944367177
0.06627680311890838,0.18915159944367177
0.06630911750365676,0.18915159944367177
0.06634146341463415,0.18915159944367177
0.06637384089799903,0.18915159944367177
0.06640625,0.18915159944367177
0.06643869076697606,0.18915159944367177
0.06647116324535679,0.18915159944367177
0.06650366748166259,0.18915159944367177
0.06653620352250489,0.18915159944367177
0.06656877141458639,0.18915159944367177
0.06611165523996082,0.18776077885952713
0.06614404703576678,0.18776077885952713
0.0661764705882353,0.18776077885952713
0.06620892594409024,0.18776077885952713
0.0662414131501472,0.18776077885952713
0.0662739322533137,0.18776077885952713
0.06630648330058939,0.18776077885952713
0.06633906633906633,0.18776077885952713
0.06637168141592921,0.18776077885952713
0.06591244466305952,0.18636995827538247
0.06594488188976377,0.18636995827538247
0.06597735105859183,0.18636995827538247
0.06600985221674877,0.18636995827538247
0.06604238541153278,0.18636995827538247
0.06607495069033531,0.18636995827538247
0.06610754810064134,0.18636995827538247
0.06614017769002961,0.18636995827538247
0.06617283950617284,0.18636995827538247
0.06620553359683795,0.18636995827538247
0.0657439446366782,0.18497913769123783
0.06577645895153314,0.18497913769123783
0.06580900544285008,0.18497913769123783
0.06584158415841584,0.18497913769123783
0.06587419514611194,0.18497913769123783
0.06590683845391476,0.18497913769123783
0.06593951412989589,0.18497913769123783
0.06597222222222222,0.18497913769123783
0.06600496277915632,0.18497913769123783
0.0660377358490566,0.18497913769123783
0.06607054148037754,0.18497913769123783
0.06610337972166998,0.18497913769123783
0.06613625062158131,0.18497913769123783
0.06616915422885572,0.18497913769123783
0.06620209059233449,0.18497913769123783
0.06623505976095617,0.18497913769123783
0.06626806178375685,0.18497913769123783
0.06630109670987039,0.18497913769123783
0.06633416458852869,0.18497913769123783
0.06636726546906188,0.18497913769123783
0.06640039940089865,0.18497913769123783
0.06643356643356643,0.18497913769123783
0.06646676661669165,0.18497913769123783
0.0665,0.18497913769123783
0.06653326663331666,0.18497913769123783
0.06656656656656657,0.18497913769123783
0.06659989984977466,0.18497913769123783
0.06663326653306613,0.18497913769123783
0.06666666666666667,0.18497913769123783
0.0667001003009027,0.18497913769123783
0.06673356748620171,0.18497913769123783
0.06676706827309237,0.18497913769123783
0.06680060271220492,0.18497913769123783
0.06633165829145729,0.1835883171070932
0.06636500754147813,0.1835883171070932
0.06639839034205232,0.1835883171070932
0.06643180674383492,0.1835883171070932
0.06646525679758308,0.1835883171070932
0.06649874055415617,0.1835883171070932
0.06653225806451613,0.1835883171070932
0.06656580937972768,0.1835883171070932
0.06659939455095863,0.1835883171070932
0.06663301362948006,0.1835883171070932
0.06666666666666667,0.1835883171070932
0.06670035371399696,0.1835883171070932
0.06673407482305359,0.1835883171070932
0.06676783004552352,0.1835883171070932
0.06680161943319839,0.1835883171070932
0.06683544303797469,0.1835883171070932
0.06636271529888552,0.18219749652294853
0.06588950836289914,0.1808066759388039
0.06592292089249494,0.1808066759388039
0.06595636732623034,0.1808066759388039
0.06598984771573604,0.1808066759388039
0.06602336211274759,0.1808066759388039
0.06605691056910569,0.1808066759388039
0.06609049313675648,0.1808066759388039
0.06612410986775177,0.1808066759388039
0.06615776081424936,0.1808066759388039
0.06619144602851323,0.1808066759388039
0.06622516556291391,0.1808066759388039
0.06625891946992865,0.1808066759388039
0.06629270780214176,0.1808066759388039
0.0663265306122449,0.1808066759388039
0.06636038795303727,0.1808066759388039
0.06639427987742594,0.1808066759388039
0.06642820643842616,0.1808066759388039
0.06646216768916155,0.1808066759388039
0.06649616368286446,0.1808066759388039
0.06653019447287616,0.1808066759388039
0.06656426011264721,0.1808066759388039
0.06608606557377049,0.17941585535465926
0.06611993849308047,0.17941585535465926
0.06615384615384616,0.17941585535465926
0.06618778860954336,0.17941585535465926
0.0662217659137577,0.17941585535465926
0.0662557781201849,0.17941585535465926
0.06628982528263104,0.17941585535465926
0.06632390745501285,0.17941585535465926
0.06635802469135803,0.17941585535465926
0.06587750900669069,0.1780250347705146
0.06591143151390319,0.1780250347705146
0.06594538897475528,0.1780250347705146
0.06597938144329897,0.1780250347705146
0.06601340897369778,0.1780250347705146
0.06604747162022703,0.1780250347705146
0.06608156943727414,0.1780250347705146
0.06611570247933884,0.1780250347705146
0.06614987080103359,0.1780250347705146
0.0656670113753878,0.17663421418636996
0.06570098292809105,0.17663421418636996
0.06573498964803312,0.17663421418636996
0.06576903158984981,0.17663421418636996
0.06580310880829016,0.17663421418636996
0.06531881804043546,0.17524339360222532
0.06535269709543569,0.17524339360222532
0.06538661131292164,0.17524339360222532
0.06542056074766354,0.17524339360222532
0.06545454545454546,0.17524339360222532
0.06548856548856549,0.17524339360222532
0.0655226209048362,0.17524339360222532
0.06555671175858481,0.17524339360222532
0.06559083810515356,0.17524339360222532
0.065625,0.17524339360222532
0.06565919749869724,0.17524339360222532
0.06569343065693431,0.17524339360222532
0.06572769953051644,0.17524339360222532
0.06576200417536535,0.17524339360222532
0.06579634464751959,0.17524339360222532
0.06583072100313479,0.17524339360222532
0.06534239414532149,0.17385257301808066
0.0653765690376569,0.17385257301808066
0.06541077969649398,0.17385257301808066
0.06544502617801047,0.17385257301808066
0.06547930853850184,0.17385257301808066
0.06551362683438156,0.17385257301808066
0.06554798112218144,0.17385257301808066
0.06558237145855195,0.17385257301808066
0.06561679790026247,0.17385257301808066
0.06568575932737783,0.17385257301808066
0.06572029442691903,0.17385257301808066
0.06575486586007365,0.17385257301808066
0.06578947368421052,0.17385257301808066
0.06582411795681938,0.17385257301808066
0.06585879873551106,0.17385257301808066
0.06589351607801792,0.17385257301808066
0.06592827004219409,0.17385257301808066
0.06596306068601583,0.17385257301808066
0.06599788806758183,0.17385257301808066
0.06603275224511358,0.17385257301808066
0.0660676532769556,0.17385257301808066
0.06610259122157588,0.17385257301808066
0.06613756613756613,0.17385257301808066
0.06617257808364214,0.17385257301808066
0.06567796610169492,0.17246175243393602
0.06571277159512454,0.17246175243393602
0.06574761399787911,0.17246175243393602
0.06578249336870026,0.17246175243393602
0.06581740976645435,0.17246175243393602
0.06585236325013277,0.17246175243393602
0.06588735387885228,0.17246175243393602
0.0659223817118554,0.17246175243393602
0.06595744680851064,0.17246175243393602
0.06599254922831294,0.17246175243393602
0.06549520766773163,0.17107093184979139
0.06553010122535961,0.17107093184979139
0.06556503198294243,0.17107093184979139
0.0656,0.17107093184979139
0.06563500533617929,0.17107093184979139
0.06567004805125468,0.17107093184979139
0.06570512820512821,0.17107093184979139
0.06574024585783003,0.17107093184979139
0.06577540106951872,0.17107093184979139
0.06581059390048154,0.17107093184979139
0.0658458244111349,0.17107093184979139
0.06588109266202463,0.17107093184979139
0.06591639871382636,0.17107093184979139
0.06595174262734585,0.17107093184979139
0.06598712446351931,0.17107093184979139
0.06602254428341385,0.17107093184979139
0.06605800214822771,0.17107093184979139
0.0660934981192907,0.17107093184979139
0.06612903225806452,0.17107093184979139
0.06616460462614308,0.17107093184979139
0.06620021528525297,0.17107093184979139
0.06569736133548734,0.16968011126564672
0.06573275862068965,0.16968011126564672
0.06522911051212937,0.16828929068150209
0.06526429341963323,0.16828929068150209
0.0652995143011333,0.16828929068150209
0.06533477321814254,0.16828929068150209
0.06537007023230686,0.16828929068150209
0.0654054054054054,0.16828929068150209
0.06544077879935101,0.16828929068150209
0.06547619047619048,0.16828929068150209
0.06497022198159177,0.16689847009735745
0.06500541711809317,0.16689847009735745
0.06504065040650407,0.16689847009735745
0.0650759219088937,0.16689847009735745
0.06511123168746609,0.16689847009735745
0.06514657980456026,0.16689847009735745
0.06518196632265073,0.16689847009735745
0.06521739130434782,0.16689847009735745
0.06525285481239804,0.16689847009735745
0.06528835690968444,0.16689847009735745
0.06477953184540011,0.16550764951321278
0.06481481481481481,0.16550764951321278
0.06485013623978202,0.16550764951321278
0.0648854961832061,0.16550764951321278
0.06437534097108565,0.16411682892906815
0.06441048034934498,0.16411682892906815
0.06444565811032223,0.16411682892906815
0.06448087431693988,0.16411682892906815
0.06451612903225806,0.16411682892906815
0.06455142231947483,0.16411682892906815
0.06403940886699508,0.1627260083449235
0.06407447973713033,0.1627260083449235
0.06410958904109589,0.1627260083449235
0.06414473684210527,0.1627260083449235
0.0641799232035107,0.1627260083449235
0.06421514818880351,0.1627260083449235
0.0642504118616145,0.1627260083449235
0.06428571428571428,0.1627260083449235
0.06432105552501374,0.1627260083449235
0.06435643564356436,0.1627260083449235
0.06439185470555861,0.1627260083449235
0.0644273127753304,0.1627260083449235
0.06446280991735537,0.1627260083449235
0.06449834619625137,0.1627260083449235
0.06453392167677882,0.1627260083449235
0.06456953642384106,0.1627260083449235
0.06460519050248481,0.1627260083449235
0.06408839779005525,0.16133518776077885
0.06412382531785517,0.16133518776077885
0.06415929203539823,0.16133518776077885
0.06419479800774765,0.16133518776077885
0.06423034330011074,0.16133518776077885
0.06426592797783934,0.16133518776077885
0.06430155210643015,0.16133518776077885
0.06433721575152523,0.16133518776077885
0.06381798002219756,0.1599443671766342
0.06385341476957246,0.1599443671766342
0.06388888888888888,0.1599443671766342
0.06392440244580322,0.1599443671766342
0.06395995550611791,0.1599443671766342
0.06399554813578186,0.1599443671766342
0.06403118040089087,0.1599443671766342
0.06406685236768803,0.1599443671766342
0.0641025641025641,0.1599443671766342
0.06413831567205801,0.1599443671766342
0.06361607142857142,0.15855354659248957
0.06365159128978225,0.15855354659248957
0.06368715083798883,0.15855354659248957
0.06372275013974288,0.15855354659248957
0.06375838926174497,0.15855354659248957
0.063794068270845,0.15855354659248957
0.06382978723404255,0.15855354659248957
0.06386554621848739,0.15855354659248957
0.06390134529147982,0.15855354659248957
0.06393718452047112,0.15855354659248957
0.06397306397306397,0.15855354659248957
0.06400898371701291,0.15855354659248957
0.06404494382022471,0.15855354659248957
0.06408094435075885,0.15855354659248957
0.06411698537682789,0.15855354659248957
0.06415306696679797,0.15855354659248957
0.06418918918918919,0.15855354659248957
0.06422535211267606,0.15855354659248957
0.06426155580608793,0.15855354659248957
0.06429780033840947,0.15855354659248957
0.06433408577878104,0.15855354659248957
0.06437041219649915,0.15855354659248957
0.06384180790960452,0.1571627260083449
0.06387789711701526,0.1571627260083449
0.06391402714932126,0.1571627260083449
0.06395019807583475,0.1571627260083449
0.06398640996602492,0.1571627260083449
0.06402266288951841,0.1571627260083449
0.06405895691609978,0.1571627260083449
0.06409529211571185,0.1571627260083449
0.0641316685584563,0.1571627260083449
0.06416808631459398,0.1571627260083449
0.06420454545454546,0.1571627260083449
0.06424104604889141,0.1571627260083449
0.06427758816837315,0.1571627260083449
0.064314171883893,0.1571627260083449
0.06435079726651481,0.1571627260083449
0.06438746438746439,0.1571627260083449
0.06442417331812998,0.1571627260083449
0.0638904734740445,0.15577190542420027
0.0639269406392694,0.15577190542420027
0.06396344945745289,0.15577190542420027
0.064,0.15577190542420027
0.06407322654462243,0.15577190542420027
0.06410990269032628,0.15577190542420027
0.06414662084765177,0.15577190542420027
0.06418338108882521,0.15577190542420027
0.06422018348623854,0.15577190542420027
0.0642570281124498,0.15577190542420027
0.0642939150401837,0.15577190542420027
0.064330844342332,0.15577190542420027
0.06436781609195402,0.15577190542420027
0.06440483036227718,0.15577190542420027
0.06444188722669736,0.15577190542420027
0.0644789867587795,0.15577190542420027
0.06451612903225806,0.15577190542420027
0.06455331412103746,0.15577190542420027
0.06459054209919261,0.15577190542420027
0.06462781304096941,0.15577190542420027
0.06466512702078522,0.15577190542420027
0.06470248411322935,0.15577190542420027
0.06473988439306358,0.15577190542420027
0.06477732793522267,0.15577190542420027
0.06481481481481481,0.15577190542420027
0.06485234510712218,0.15577190542420027
0.06488991888760139,0.15577190542420027
0.06492753623188406,0.15577190542420027
0.06496519721577726,0.15577190542420027
0.06500290191526407,0.15577190542420027
0.06504065040650407,0.15577190542420027
0.06507844276583381,0.15577190542420027
0.06511627906976744,0.15577190542420027
0.0651541593949971,0.15577190542420027
0.06519208381839348,0.15577190542420027
0.06523005241700641,0.15577190542420027
0.06526806526806526,0.15577190542420027
0.0653061224489796,0.15577190542420027
0.06534422403733955,0.15577190542420027
0.06538237011091652,0.15577190542420027
0.06542056074766354,0.15577190542420027
0.06545879602571596,0.15577190542420027
0.06549707602339182,0.15577190542420027
0.0649502633118783,0.15438108484005564
0.06498829039812647,0.15438108484005564
0.06502636203866433,0.15438108484005564
0.06506447831184056,0.15438108484005564
0.06510263929618769,0.15438108484005564
0.06514084507042253,0.15438108484005564
0.06517909571344686,0.15438108484005564
0.06521739130434782,0.15438108484005564
0.06525573192239859,0.15438108484005564
0.06470588235294118,0.15299026425591097
0.06474396703943497,0.15299026425591097
0.06478209658421673,0.15299026425591097
0.06423099587507367,0.15159944367176634
0.06426886792452831,0.15159944367176634
0.06430678466076696,0.15159944367176634
0.06434474616292798,0.15159944367176634
0.06438275251033668,0.15159944367176634
0.0644208037825059,0.15159944367176634
0.06449704142011835,0.15159944367176634
0.0645352279455299,0.15159944367176634
0.06457345971563981,0.15159944367176634
0.06461173681090694,0.15159944367176634
0.06465005931198102,0.15159944367176634
0.06468842729970327,0.15159944367176634
0.06472684085510688,0.15159944367176634
0.0647653000594177,0.15159944367176634
0.06480380499405469,0.15159944367176634
0.06484235574063058,0.15159944367176634
0.06488095238095239,0.15159944367176634
0.06491959499702203,0.15159944367176634
0.06495828367103695,0.15159944367176634
0.06499701848539058,0.15159944367176634
0.06503579952267304,0.15159944367176634
0.06507462686567164,0.15159944367176634
0.06511350059737156,0.15159944367176634
0.06515242080095636,0.15159944367176634
0.0651913875598086,0.15159944367176634
0.06523040095751047,0.15159944367176634
0.06526946107784432,0.15159944367176634
0.06530856800479329,0.15159944367176634
0.06474820143884892,0.1502086230876217
0.0647870425914817,0.1502086230876217
0.06422569027611044,0.14881780250347706
0.06426426426426426,0.14881780250347706
0.06430288461538461,0.14881780250347706
0.06434155141310884,0.14881780250347706
0.06438026474127558,0.14881780250347706
0.06441902468392535,0.14881780250347706
0.06445783132530121,0.14881780250347706
0.06389391199517781,0.1474269819193324
0.06336753168376584,0.14603616133518776
0.06340579710144928,0.14603616133518776
0.0634441087613293,0.14603616133518776
0.06348246674727932,0.14603616133518776
0.06352087114337568,0.14603616133518776
0.0635593220338983,0.14603616133518776
0.06359781950333132,0.14603616133518776
0.06363636363636363,0.14603616133518776
0.06367495451788963,0.14603616133518776
0.06371359223300971,0.14603616133518776
0.06375227686703097,0.14603616133518776
0.0637910085054678,0.14603616133518776
0.06382978723404255,0.14603616133518776
0.06326034063260341,0.14464534075104313
0.06329884357881924,0.14464534075104313
0.06333739342265529,0.14464534075104313
0.06337599024984765,0.14464534075104313
0.06341463414634146,0.14464534075104313
0.06345332519829164,0.14464534075104313
0.06349206349206349,0.14464534075104313
0.06353084911423336,0.14464534075104313
0.06356968215158924,0.14464534075104313
0.06360856269113149,0.14464534075104313
0.06364749082007344,0.14464534075104313
0.06368646662584201,0.14464534075104313
0.06372549019607843,0.14464534075104313
0.06376456161863887,0.14464534075104313
0.0638036809815951,0.14464534075104313
0.06384284837323512,0.14464534075104313
0.06388206388206388,0.14464534075104313
0.06392132759680394,0.14464534075104313
0.06396063960639606,0.14464534075104313
0.064,0.14464534075104313
0.06403940886699508,0.14464534075104313
0.0640788662969809,0.14464534075104313
0.06411837237977805,0.14464534075104313
0.06415792720542875,0.14464534075104313
0.06419753086419754,0.14464534075104313
0.06423718344657196,0.14464534075104313
0.06427688504326329,0.14464534075104313
0.06431663574520717,0.14464534075104313
0.06435643564356436,0.14464534075104313
0.06439628482972136,0.14464534075104313
0.06381660470879802,0.14325452016689846
0.0638561686298822,0.14325452016689846
0.06389578163771713,0.14325452016689846
0.06393544382371198,0.14325452016689846
0.06397515527950311,0.14325452016689846
0.06401491609695463,0.14325452016689846
0.0640547263681592,0.14325452016689846
0.0640945861854387,0.14325452016689846
0.06413449564134496,0.14325452016689846
0.06417445482866044,0.14325452016689846
0.064214463840399,0.14325452016689846
0.06425452276980662,0.14325452016689846
0.06429463171036205,0.14325452016689846
0.06433479075577764,0.14325452016689846
0.064375,0.14325452016689846
0.06441525953721075,0.14325452016689846
0.06445556946182729,0.14325452016689846
0.06449592986850344,0.14325452016689846
0.06453634085213032,0.14325452016689846
0.064576802507837,0.14325452016689846
0.06461731493099122,0.14325452016689846
0.06465787821720025,0.14325452016689846
0.06469849246231156,0.14325452016689846
0.06473915776241358,0.14325452016689846
0.06477987421383648,0.14325452016689846
0.06482064191315293,0.14325452016689846
0.06486146095717885,0.14325452016689846
0.06490233144297416,0.14325452016689846
0.06494325346784363,0.14325452016689846
0.06498422712933755,0.14325452016689846
0.06502525252525253,0.14325452016689846
0.06506632975363234,0.14325452016689846
0.06510745891276865,0.14325452016689846
0.06514864010120178,0.14325452016689846
0.06518987341772152,0.14325452016689846
0.06523115896136795,0.14325452016689846
0.06527249683143219,0.14325452016689846
0.0653138871274572,0.14325452016689846
0.06535532994923858,0.14325452016689846
0.0653968253968254,0.14325452016689846
0.06543837357052097,0.14325452016689846
0.06547997457088366,0.14325452016689846
0.06552162849872774,0.14325452016689846
0.06556333545512412,0.14325452016689846
0.06560509554140127,0.14325452016689846
0.06564690885914595,0.14325452016689846
0.06568877551020408,0.14325452016689846
0.0650925335035099,0.14186369958275383
0.06513409961685823,0.14186369958275383
0.06517571884984026,0.14186369958275383
0.06521739130434782,0.14186369958275383
0.06525911708253358,0.14186369958275383
0.06530089628681178,0.14186369958275383
0.06534272901985906,0.14186369958275383
0.06538461538461539,0.14186369958275383
0.06478511866581142,0.1404728789986092
0.06482670089858793,0.1404728789986092
0.06486833654463713,0.1404728789986092
0.06426735218508997,0.13908205841446453
0.06430868167202572,0.13908205841446453
0.06435006435006435,0.13908205841446453
0.0643915003219575,0.13908205841446453
0.06443298969072164,0.13908205841446453
0.06447453255963895,0.13908205841446453
0.06451612903225806,0.13908205841446453
0.0645577792123951,0.13908205841446453
0.06459948320413436,0.13908205841446453
0.06464124111182935,0.13908205841446453
0.0646830530401035,0.13908205841446453
0.06472491909385113,0.13908205841446453
0.06476683937823834,0.13908205841446453
0.06480881399870382,0.13908205841446453
0.0648508430609598,0.13908205841446453
0.06489292667099286,0.13908205841446453
0.06493506493506493,0.13908205841446453
0.0649772579597141,0.13908205841446453
0.06501950585175553,0.13908205841446453
0.06506180871828236,0.13908205841446453
0.06510416666666667,0.13908205841446453
0.06514657980456026,0.13908205841446453
0.0651890482398957,0.13908205841446453
0.06523157208088715,0.13908205841446453
0.06527415143603134,0.13908205841446453
0.06531678641410843,0.13908205841446453
0.06535947712418301,0.13908205841446453
0.06540222367560497,0.13908205841446453
0.06544502617801047,0.13908205841446453
0.06548788474132286,0.13908205841446453
0.0655307994757536,0.13908205841446453
0.06557377049180328,0.13908205841446453
0.06561679790026247,0.13908205841446453
0.06565988181221274,0.13908205841446453
0.0657030223390276,0.13908205841446453
0.06574621959237344,0.13908205841446453
0.06578947368421052,0.13908205841446453
0.06583278472679395,0.13908205841446453
0.06587615283267458,0.13908205841446453
0.06591957811470006,0.13908205841446453
0.06596306068601583,0.13908205841446453
0.066006600660066,0.13908205841446453
0.06605019815059446,0.13908205841446453
0.06609385327164574,0.13908205841446453
0.06547619047619048,0.1376912378303199
0.06551952349437459,0.1376912378303199
0.06556291390728476,0.1376912378303199
0.06560636182902585,0.1376912378303199
0.0656498673740053,0.1376912378303199
0.06569343065693431,0.1376912378303199
0.06573705179282868,0.1376912378303199
0.06578073089700996,0.1376912378303199
0.06582446808510638,0.1376912378303199
0.06520292747837658,0.13630041724617525
0.06524633821571238,0.13630041724617525
0.06528980679546968,0.13630041724617525
0.06533333333333333,0.13630041724617525
0.06537691794529686,0.13630041724617525
0.06542056074766354,0.13630041724617525
0.06546426185704743,0.13630041724617525
0.06550802139037433,0.13630041724617525
0.06555183946488294,0.13630041724617525
0.06559571619812583,0.13630041724617525
0.06563965170797052,0.13630041724617525
0.06501340482573727,0.1349095966620306
0.06505700871898056,0.1349095966620306
0.06510067114093959,0.1349095966620306
0.0651443922095366,0.1349095966620306
0.06518817204301075,0.1349095966620306
0.0652320107599193,0.1349095966620306
0.06527590847913863,0.1349095966620306
0.06531986531986532,0.1349095966620306
0.06536388140161725,0.1349095966620306
0.06540795684423466,0.1349095966620306
0.06545209176788123,0.1349095966620306
0.06549628629304524,0.1349095966620306
0.06554054054054054,0.1349095966620306
0.06558485463150777,0.1349095966620306
0.06495263870094722,0.13351877607788595
0.06499661475964794,0.13351877607788595
0.06504065040650407,0.13351877607788595
0.06508474576271187,0.13351877607788595
0.06512890094979647,0.13351877607788595
0.06517311608961303,0.13351877607788595
0.06521739130434782,0.13351877607788595
0.06526172671651938,0.13351877607788595
0.0653061224489796,0.13351877607788595
0.0653505786249149,0.13351877607788595
0.0653950953678474,0.13351877607788595
0.065439672801636,0.13351877607788595
0.06548431105047749,0.13351877607788595
0.06552901023890785,0.13351877607788595
0.06557377049180328,0.13351877607788595
0.06561859193438141,0.13351877607788595
0.06566347469220246,0.13351877607788595
0.06570841889117043,0.13351877607788595
0.06575342465753424,0.13351877607788595
0.06579849211788896,0.13351877607788595
0.06584362139917696,0.13351877607788595
0.06520247083047358,0.13212795549374132
0.06524725274725275,0.13212795549374132
0.06529209621993128,0.13212795549374132
0.06533700137551582,0.13212795549374132
0.06469373709566414,0.13073713490959665
0.06473829201101929,0.13073713490959665
0.0647829083390765,0.13073713490959665
0.06482758620689655,0.13073713490959665
0.06487232574189096,0.13073713490959665
0.06422651933701658,0.12934631432545202
0.06427090532135453,0.12934631432545202
0.06431535269709543,0.12934631432545202
0.0643598615916955,0.12934631432545202
0.06440443213296398,0.12934631432545202
0.06444906444906445,0.12934631432545202
0.06449375866851595,0.12934631432545202
0.06453851492019431,0.12934631432545202
0.06458333333333334,0.12934631432545202
0.06462821403752605,0.12934631432545202
0.06467315716272601,0.12934631432545202
0.06471816283924843,0.12934631432545202
0.06476323119777158,0.12934631432545202
0.06480836236933799,0.12934631432545202
0.06485355648535565,0.12934631432545202
0.06489881367759945,0.12934631432545202
0.06424581005586592,0.12795549374130738
0.06433566433566433,0.12795549374130738
0.06438068579426172,0.12795549374130738
0.06442577030812324,0.12795549374130738
0.0644709180098108,0.12795549374130738
0.06451612903225806,0.12795549374130738
0.06456140350877193,0.12795549374130738
0.06460674157303371,0.12795549374130738
0.0646521433591005,0.12795549374130738
0.06469760900140648,0.12795549374130738
0.06474313863476425,0.12795549374130738
0.0647887323943662,0.12795549374130738
0.06483439041578576,0.12795549374130738
0.06488011283497884,0.12795549374130738
0.06492589978828511,0.12795549374130738
0.06497175141242938,0.12795549374130738
0.06501766784452297,0.12795549374130738
0.06506364922206506,0.12795549374130738
0.06510969568294409,0.12795549374130738
0.06515580736543909,0.12795549374130738
0.06520198440822111,0.12795549374130738
0.06524822695035461,0.12795549374130738
0.06458481192334989,0.12656467315716272
0.06463068181818182,0.12656467315716272
0.06467661691542288,0.12656467315716272
0.06472261735419631,0.12656467315716272
0.06476868327402135,0.12656467315716272
0.0641025641025641,0.12517385257301808
0.06414825374198146,0.12517385257301808
0.06419400855920114,0.12517385257301808
0.06423982869379015,0.12517385257301808
0.06428571428571428,0.12517385257301808
0.06433166547533953,0.12517385257301808
0.06437768240343347,0.12517385257301808
0.06442376521116679,0.12517385257301808
0.06446991404011461,0.12517385257301808
0.06379928315412187,0.12378303198887343
0.06384505021520803,0.12378303198887343
0.06389088298636038,0.12378303198887343
0.0639367816091954,0.12378303198887343
0.06398274622573688,0.12378303198887343
0.06402877697841726,0.12378303198887343
0.06407487401007919,0.12378303198887343
0.06412103746397695,0.12378303198887343
0.06416726748377793,0.12378303198887343
0.06421356421356421,0.12378303198887343
0.06425992779783393,0.12378303198887343
0.06430635838150289,0.12378303198887343
0.064352856109906,0.12378303198887343
0.06439942112879884,0.12378303198887343
0.06444605358435916,0.12378303198887343
0.0644927536231884,0.12378303198887343
0.06453952139231327,0.12378303198887343
0.06458635703918723,0.12378303198887343
0.06463326071169208,0.12378303198887343
0.06468023255813954,0.12378303198887343
0.06472727272727273,0.12378303198887343
0.06477438136826782,0.12378303198887343
0.06482155863073562,0.12378303198887343
0.06486880466472303,0.12378303198887343
0.06491611962071481,0.12378303198887343
0.06423357664233577,0.12239221140472879
0.06428049671292914,0.12239221140472879
0.06432748538011696,0.12239221140472879
0.06437454279444038,0.12239221140472879
0.06442166910688141,0.12239221140472879
0.06373626373626373,0.12100139082058414
0.06378299120234604,0.12100139082058414
0.06382978723404255,0.12100139082058414
0.06387665198237885,0.12100139082058414
0.0639235855988244,0.12100139082058414
0.06397058823529411,0.12100139082058414
0.0640176600441501,0.12100139082058414
0.06406480117820323,0.12100139082058414
0.06411201179071481,0.12100139082058414
0.06415929203539823,0.12100139082058414
0.06420664206642067,0.12100139082058414
0.06351550960118169,0.11961057023643949
0.06356245380635625,0.11961057023643949
0.06360946745562131,0.11961057023643949
0.06365655070318282,0.11961057023643949
0.0637037037037037,0.11961057023643949
0.06375092661230541,0.11961057023643949
0.06379821958456973,0.11961057023643949
0.06384558277654045,0.11961057023643949
0.0638930163447251,0.11961057023643949
0.06394052044609666,0.11961057023643949
0.06398809523809523,0.11961057023643949
0.06403574087862993,0.11961057023643949
0.06408345752608048,0.11961057023643949
0.06413124533929904,0.11961057023643949
0.06417910447761194,0.11961057023643949
0.0642270351008215,0.11961057023643949
0.06427503736920777,0.11961057023643949
0.0643231114435303,0.11961057023643949
0.06437125748502993,0.11961057023643949
0.06441947565543071,0.11961057023643949
0.06446776611694154,0.11961057023643949
0.06451612903225806,0.11961057023643949
0.06456456456456457,0.11961057023643949
0.06461307287753569,0.11961057023643949
0.06466165413533835,0.11961057023643949
0.06471030850263355,0.11961057023643949
0.06475903614457831,0.11961057023643949
0.06480783722682742,0.11961057023643949
0.0641025641025641,0.11821974965229486
0.06415094339622641,0.11821974965229486
0.06419939577039276,0.11821974965229486
0.06349206349206349,0.1168289290681502
0.06354009077155824,0.1168289290681502
0.0635881907645723,0.1168289290681502
0.06363636363636363,0.1168289290681502
0.06368460955269144,0.1168289290681502
0.0629742033383915,0.11543810848400557
0.0630220197418375,0.11543810848400557
0.06306990881458967,0.11543810848400557
0.06311787072243347,0.11543810848400557
0.06316590563165905,0.11543810848400557
0.06321401370906321,0.11543810848400557
0.0625,0.11404728789986092
0.06254767353165523,0.11404728789986092
0.06259541984732825,0.11404728789986092
0.06264323911382735,0.11404728789986092
0.06269113149847094,0.11404728789986092
0.06197398622800306,0.11265646731571627
0.062021439509954056,0.11265646731571627
0.06206896551724138,0.11265646731571627
0.062116564417177916,0.11265646731571627
0.06216423637759018,0.11265646731571627
0.06221198156682028,0.11265646731571627
0.0622598001537279,0.11265646731571627
0.06230769230769231,0.11265646731571627
0.06235565819861432,0.11265646731571627
0.062403697996918334,0.11265646731571627
0.06245181187355436,0.11265646731571627
0.0625,0.11265646731571627
0.06254826254826255,0.11265646731571627
0.062596599690881,0.11265646731571627
0.06264501160092807,0.11265646731571627
0.06269349845201239,0.11265646731571627
0.0627420604182804,0.11265646731571627
0.06279069767441861,0.11265646731571627
0.06283941039565555,0.11265646731571627
0.06288819875776397,0.11265646731571627
0.06293706293706294,0.11265646731571627
0.06298600311041991,0.11265646731571627
0.06303501945525292,0.11265646731571627
0.0630841121495327,0.11265646731571627
0.06313328137178488,0.11265646731571627
0.06318252730109204,0.11265646731571627
0.06323185011709602,0.11265646731571627
0.06328125,0.11265646731571627
0.06333072713057075,0.11265646731571627
0.06338028169014084,0.11265646731571627
0.06342991386061081,0.11265646731571627
0.06347962382445141,0.11265646731571627
0.06352941176470588,0.11265646731571627
0.06357927786499215,0.11265646731571627
0.0636292223095051,0.11265646731571627
0.06367924528301887,0.11265646731571627
0.06372934697088907,0.11265646731571627
0.06377952755905512,0.11265646731571627
0.06382978723404255,0.11265646731571627
0.0638801261829653,0.11265646731571627
0.06393054459352802,0.11265646731571627
0.06398104265402843,0.11265646731571627
0.06403162055335969,0.11265646731571627
0.06408227848101265,0.11265646731571627
0.06413301662707839,0.11265646731571627
0.06418383518225039,0.11265646731571627
0.06423473433782712,0.11265646731571627
0.06428571428571428,0.11265646731571627
0.06433677521842732,0.11265646731571627
0.0643879173290938,0.11265646731571627
0.06443914081145585,0.11265646731571627
0.06369426751592357,0.11126564673157163
0.06374501992031872,0.11126564673157163
0.06379585326953748,0.11126564673157163
0.06384676775738228,0.11126564673157163
0.06389776357827476,0.11126564673157163
0.0639488409272582,0.11126564673157163
0.064,0.11126564673157163
0.06405124099279423,0.11126564673157163
0.06330128205128205,0.10987482614742698
0.06255012028869286,0.10848400556328233
0.06260032102728733,0.10848400556328233
0.06265060240963856,0.10848400556328233
0.06270096463022508,0.10848400556328233
0.06275140788415125,0.10848400556328233
0.06280193236714976,0.10848400556328233
0.06285253827558421,0.10848400556328233
0.06290322580645161,0.10848400556328233
0.06295399515738499,0.10848400556328233
0.0630048465266559,0.10848400556328233
0.06305578011317704,0.10848400556328233
0.06310679611650485,0.10848400556328233
0.06315789473684211,0.10848400556328233
0.06320907617504051,0.10848400556328233
0.06326034063260341,0.10848400556328233
0.0633116883116883,0.10848400556328233
0.06336311941510966,0.10848400556328233
0.06341463414634146,0.10848400556328233
0.06346623270951994,0.10848400556328233
0.06351791530944625,0.10848400556328233
0.06356968215158924,0.10848400556328233
0.0636215334420881,0.10848400556328233
0.0636734693877551,0.10848400556328233
0.06372549019607843,0.10848400556328233
0.06377759607522486,0.10848400556328233
0.06382978723404255,0.10848400556328233
0.06388206388206388,0.10848400556328233
0.06393442622950819,0.10848400556328233
0.06398687448728466,0.10848400556328233
0.06403940886699508,0.10848400556328233
0.06409202958093672,0.10848400556328233
0.06419753086419754,0.10848400556328233
0.0642504118616145,0.10848400556328233
0.06430338004946413,0.10848400556328233
0.06435643564356436,0.10848400556328233
0.06440957886044592,0.10848400556328233
0.06446280991735537,0.10848400556328233
0.06368899917287014,0.1070931849791377
0.06374172185430464,0.1070931849791377
0.06379453189726594,0.1070931849791377
0.06384742951907131,0.1070931849791377
0.06390041493775933,0.1070931849791377
0.06395348837209303,0.1070931849791377
0.06400665004156277,0.1070931849791377
0.06405990016638935,0.1070931849791377
0.06411323896752706,0.1070931849791377
0.06416666666666666,0.1070931849791377
0.06422018348623854,0.1070931849791377
0.0642737896494157,0.1070931849791377
0.06432748538011696,0.1070931849791377
0.06438127090301003,0.1070931849791377
0.06443514644351464,0.1070931849791377
0.06365159128978225,0.10570236439499305
0.06370494551550712,0.10570236439499305
0.06375838926174497,0.10570236439499305
0.06381192275398824,0.10570236439499305
0.06386554621848739,0.10570236439499305
0.063919259882254,0.10570236439499305
0.06397306397306397,0.10570236439499305
0.06318449873631002,0.1043115438108484
0.06323777403035413,0.1043115438108484
0.06244725738396625,0.10292072322670376
0.06165540540540541,0.10152990264255911
0.06170752324598478,0.10152990264255911
0.06175972927241963,0.10152990264255911
0.06181202370872142,0.10152990264255911
0.06186440677966102,0.10152990264255911
0.06191687871077184,0.10152990264255911
0.06196943972835314,0.10152990264255911
0.062022090059473234,0.10152990264255911
0.06207482993197279,0.10152990264255911
0.062127659574468086,0.10152990264255911
0.062180579216354344,0.10152990264255911
0.061381074168797956,0.10013908205841446
0.06143344709897611,0.10013908205841446
0.06148590947907771,0.10013908205841446
0.06153846153846154,0.10013908205841446
0.06159110350727117,0.10013908205841446
0.06078767123287671,0.09874826147426982
0.060839760068551844,0.09874826147426982
0.060891938250428816,0.09874826147426982
0.06094420600858369,0.09874826147426982
0.06099656357388316,0.09874826147426982
0.061049011177987965,0.09874826147426982
0.06110154905335628,0.09874826147426982
0.0611541774332472,0.09874826147426982
0.061206896551724135,0.09874826147426982
0.061259706643658325,0.09874826147426982
0.0613126079447323,0.09874826147426982
0.06136560069144339,0.09874826147426982
0.061418685121107264,0.09874826147426982
0.06147186147186147,0.09874826147426982
0.06152512998266898,0.09874826147426982
0.06157849089332177,0.09874826147426982
0.06163194444444445,0.09874826147426982
0.06168549087749783,0.09874826147426982
0.06173913043478261,0.09874826147426982
0.06179286335944299,0.09874826147426982
0.06184668989547038,0.09874826147426982
0.06190061028770706,0.09874826147426982
0.06108202443280977,0.09735744089012517
0.0611353711790393,0.09735744089012517
0.06118881118881119,0.09735744089012517
0.06124234470691164,0.09735744089012517
0.06129597197898424,0.09735744089012517
0.06134969325153374,0.09735744089012517
0.06140350877192982,0.09735744089012517
0.061457418788410885,0.09735744089012517
0.061511423550087874,0.09735744089012517
0.06156552330694811,0.09735744089012517
0.061619718309859156,0.09735744089012517
0.06079295154185022,0.09596662030598054
0.06084656084656084,0.09596662030598054
0.06090026478375993,0.09596662030598054
0.060954063604240286,0.09596662030598054
0.0610079575596817,0.09596662030598054
0.061061946902654866,0.09596662030598054
0.06111603188662533,0.09596662030598054
0.061170212765957445,0.09596662030598054
0.061224489795918366,0.09596662030598054
0.06127886323268206,0.09596662030598054
0.06133333333333333,0.09596662030598054
0.06138790035587188,0.09596662030598054
0.06144256455921639,0.09596662030598054
0.06149732620320856,0.09596662030598054
0.06155218554861731,0.09596662030598054
0.06166219839142091,0.09596662030598054
0.061717352415026835,0.09596662030598054
0.06177260519247986,0.09596662030598054
0.06182795698924731,0.09596662030598054
0.06188340807174888,0.09596662030598054
0.06193895870736086,0.09596662030598054
0.06199460916442048,0.09596662030598054
0.06205035971223022,0.09596662030598054
0.062106210621062106,0.09596662030598054
0.062162162162162166,0.09596662030598054
0.062218214607754736,0.09596662030598054
0.06227436823104693,0.09596662030598054
0.06233062330623306,0.09596662030598054
0.06238698010849909,0.09596662030598054
0.06153846153846154,0.09457579972183588
0.06159420289855073,0.09457579972183588
0.061650045330915684,0.09457579972183588
0.06170598911070781,0.09457579972183588
0.061762034514078114,0.09457579972183588
0.06181818181818182,0.09457579972183588
0.06187443130118289,0.09457579972183588
0.061930783242258654,0.09457579972183588
0.06198723792160438,0.09457579972183588
0.06204379562043796,0.09457579972183588
0.062100456621004566,0.09457579972183588
0.062157221206581355,0.09457579972183588
0.06221408966148216,0.09457579972183588
0.06227106227106227,0.09457579972183588
0.06232813932172319,0.09457579972183588
0.062385321100917435,0.09457579972183588
0.06244260789715335,0.09457579972183588
0.0625,0.09457579972183588
0.062557497700092,0.09457579972183588
0.06261510128913444,0.09457579972183588
0.06267281105990784,0.09457579972183588
0.06273062730627306,0.09457579972183588
0.06278855032317636,0.09457579972183588
0.06284658040665435,0.09457579972183588
0.06290471785383904,0.09457579972183588
0.06296296296296296,0.09457579972183588
0.06302131603336422,0.09457579972183588
0.06307977736549165,0.09457579972183588
0.06313834726090993,0.09457579972183588
0.06319702602230483,0.09457579972183588
0.06325581395348837,0.09457579972183588
0.0633147113594041,0.09457579972183588
0.06337371854613234,0.09457579972183588
0.06343283582089553,0.09457579972183588
0.06349206349206349,0.09457579972183588
0.06355140186915888,0.09457579972183588
0.06361085126286249,0.09457579972183588
0.06367041198501873,0.09457579972183588
0.06279287722586692,0.09318497913769123
0.06191369606003752,0.0917941585535466
0.061971830985915494,0.0917941585535466
0.06203007518796992,0.0917941585535466
0.062088428974600186,0.0917941585535466
0.062146892655367235,0.0917941585535466
0.06220546654099906,0.0917941585535466
0.06232294617563739,0.0917941585535466
0.062381852551984876,0.0917941585535466
0.06244087038789026,0.0917941585535466
0.0625,0.0917941585535466
0.061611374407582936,0.09040333796940195
0.061669829222011384,0.09040333796940195
0.060778727445394115,0.0890125173852573
0.060836501901140684,0.0890125173852573
0.060894386298763085,0.0890125173852573
0.06095238095238095,0.0890125173852573
0.061010486177311724,0.0890125173852573
0.061068702290076333,0.0890125173852573
0.061127029608404965,0.0890125173852573
0.06118546845124283,0.0890125173852573
0.06124401913875598,0.0890125173852573
0.06130268199233716,0.0890125173852573
0.061361457334611694,0.0890125173852573
0.061420345489443376,0.0890125173852573
0.06147934678194044,0.0890125173852573
0.06153846153846154,0.0890125173852573
0.061597690086621755,0.0890125173852573
0.06165703275529865,0.0890125173852573
0.06171648987463838,0.0890125173852573
0.06177606177606178,0.0890125173852573
0.06183574879227053,0.0890125173852573
0.061895551257253385,0.0890125173852573
0.061955469506292354,0.0890125173852573
0.06201550387596899,0.0890125173852573
0.06207565470417071,0.0890125173852573
0.062135922330097085,0.0890125173852573
0.062196307094266275,0.0890125173852573
0.0622568093385214,0.0890125173852573
0.06134371957156767,0.08762169680111266
0.06140350877192982,0.08762169680111266
0.06146341463414634,0.08762169680111266
0.0615234375,0.08762169680111266
0.06158357771260997,0.08762169680111266
0.06164383561643835,0.08762169680111266
0.061704211557296766,0.08762169680111266
0.061764705882352944,0.08762169680111266
0.06182531894013739,0.08762169680111266
0.0618860510805501,0.08762169680111266
0.061946902654867256,0.08762169680111266
0.06200787401574803,0.08762169680111266
0.06206896551724138,0.08762169680111266
0.0621301775147929,0.08762169680111266
0.06219151036525173,0.08762169680111266
0.06225296442687747,0.08762169680111266
0.06132542037586548,0.08623087621696801
0.061386138613861385,0.08623087621696801
0.061446977205153616,0.08623087621696801
0.061507936507936505,0.08623087621696801
0.06156901688182721,0.08623087621696801
0.061630218687872766,0.08623087621696801
0.061691542288557215,0.08623087621696801
0.061752988047808766,0.08623087621696801
0.06181455633100698,0.08623087621696801
0.06187624750499002,0.08623087621696801
0.061938061938061936,0.08623087621696801
0.062,0.08623087621696801
0.062062062062062065,0.08623087621696801
0.06212424849699399,0.08623087621696801
0.062186559679037114,0.08623087621696801
0.06224899598393574,0.08623087621696801
0.062311557788944726,0.08623087621696801
0.06237424547283702,0.08623087621696801
0.06243705941591138,0.08623087621696801
0.0625,0.08623087621696801
0.06256306760847628,0.08623087621696801
0.06262626262626263,0.08623087621696801
0.06268958543983821,0.08623087621696801
0.06275303643724696,0.08623087621696801
0.06281661600810537,0.08623087621696801
0.06288032454361055,0.08623087621696801
0.06294416243654823,0.08623087621696801
0.061991869918699184,0.08484005563282336
0.06205493387589013,0.08484005563282336
0.062118126272912425,0.08484005563282336
0.06218144750254842,0.08484005563282336
0.06224489795918367,0.08484005563282336
0.06230847803881512,0.08484005563282336
0.06237218813905931,0.08484005563282336
0.062436028659160696,0.08484005563282336
0.0625,0.08484005563282336
0.06256410256410257,0.08484005563282336
0.06262833675564682,0.08484005563282336
0.06269270298047276,0.08484005563282336
0.06275720164609054,0.08484005563282336
0.06282183316168898,0.08484005563282336
0.06288659793814433,0.08484005563282336
0.0629514963880289,0.08484005563282336
0.06301652892561983,0.08484005563282336
0.06308169596690796,0.08484005563282336
0.06314699792960662,0.08484005563282336
0.06321243523316063,0.08484005563282336
0.06327800829875518,0.08484005563282336
0.06334371754932502,0.08484005563282336
0.06340956340956341,0.08484005563282336
0.06347554630593132,0.08484005563282336
0.06354166666666666,0.08484005563282336
0.06360792492179354,0.08484005563282336
0.06367432150313153,0.08484005563282336
0.06374085684430512,0.08484005563282336
0.06380753138075314,0.08484005563282336
0.06387434554973823,0.08484005563282336
0.0639412997903564,0.08484005563282336
0.06400839454354669,0.08484005563282336
0.06407563025210083,0.08484005563282336
0.06414300736067298,0.08484005563282336
0.06421052631578947,0.08484005563282336
0.0642781875658588,0.08484005563282336
0.06434599156118144,0.08484005563282336
0.06441393875395987,0.08484005563282336
0.06448202959830866,0.08484005563282336
0.06455026455026455,0.08484005563282336
0.0646186440677966,0.08484005563282336
0.06468716861081654,0.08484005563282336
0.06475583864118896,0.08484005563282336
0.06482465462274177,0.08484005563282336
0.06489361702127659,0.08484005563282336
0.06496272630457935,0.08484005563282336
0.0650319829424307,0.08484005563282336
0.06510138740661686,0.08484005563282336
0.0641025641025641,0.08344923504867872
0.06417112299465241,0.08344923504867872
0.06423982869379015,0.08344923504867872
0.06430868167202572,0.08344923504867872
0.06437768240343347,0.08344923504867872
0.0644468313641246,0.08344923504867872
0.06451612903225806,0.08344923504867872
0.06458557588805167,0.08344923504867872
0.06465517241379311,0.08344923504867872
0.06472491909385113,0.08344923504867872
0.06479481641468683,0.08344923504867872
0.06486486486486487,0.08344923504867872
0.06493506493506493,0.08344923504867872
0.06500541711809317,0.08344923504867872
0.0650759219088937,0.08344923504867872
0.06514657980456026,0.08344923504867872
0.06521739130434782,0.08344923504867872
0.06528835690968444,0.08344923504867872
0.06535947712418301,0.08344923504867872
0.064340239912759,0.08205841446453407
0.06441048034934498,0.08205841446453407
0.06448087431693988,0.08205841446453407
0.06455142231947483,0.08205841446453407
0.06462212486308871,0.08205841446453407
0.06469298245614036,0.08205841446453407
0.06476399560922064,0.08205841446453407
0.06483516483516484,0.08205841446453407
0.06490649064906491,0.08205841446453407
0.06497797356828194,0.08205841446453407
0.06504961411245866,0.08205841446453407
0.06512141280353201,0.08205841446453407
0.06519337016574586,0.08205841446453407
0.06526548672566372,0.08205841446453407
0.06533776301218161,0.08205841446453407
0.06541019955654102,0.08205841446453407
0.06548279689234185,0.08205841446453407
0.06555555555555556,0.08205841446453407
0.06562847608453838,0.08205841446453407
0.06570155902004454,0.08205841446453407
0.06577480490523968,0.08205841446453407
0.06584821428571429,0.08205841446453407
0.06480446927374302,0.08066759388038942
0.06487695749440715,0.08066759388038942
0.06494960806270997,0.08066759388038942
0.06502242152466367,0.08066759388038942
0.06509539842873176,0.08066759388038942
0.0651685393258427,0.08066759388038942
0.06524184476940383,0.08066759388038942
0.06531531531531531,0.08066759388038942
0.06426155580608793,0.07927677329624479
0.06433408577878104,0.07927677329624479
0.06440677966101695,0.07927677329624479
0.06447963800904978,0.07927677329624479
0.06455266138165346,0.07927677329624479
0.06462585034013606,0.07927677329624479
0.06469920544835414,0.07927677329624479
0.06477272727272727,0.07927677329624479
0.06484641638225255,0.07927677329624479
0.06492027334851937,0.07927677329624479
0.06499429874572406,0.07927677329624479
0.06506849315068493,0.07927677329624479
0.064,0.07788595271210014
0.06407322654462243,0.07788595271210014
0.06414662084765177,0.07788595271210014
0.06422018348623854,0.07788595271210014
0.0642939150401837,0.07788595271210014
0.06436781609195402,0.07788595271210014
0.06444188722669736,0.07788595271210014
0.06451612903225806,0.07788595271210014
0.06459054209919261,0.07788595271210014
0.06351039260969978,0.07649513212795549
0.06358381502890173,0.07649513212795549
0.06365740740740741,0.07649513212795549
0.06373117033603708,0.07649513212795549
0.06380510440835267,0.07649513212795549
0.06387921022067364,0.07649513212795549
0.06395348837209303,0.07649513212795549
0.0640279394644936,0.07649513212795549
0.0641025641025641,0.07649513212795549
0.06417736289381563,0.07649513212795549
0.06425233644859812,0.07649513212795549
0.06432748538011696,0.07649513212795549
0.06440281030444965,0.07649513212795549
0.06447831184056271,0.07649513212795549
0.06455399061032864,0.07649513212795549
0.06462984723854288,0.07649513212795549
0.06470588235294118,0.07649513212795549
0.0636042402826855,0.07510431154381085
0.06367924528301887,0.07510431154381085
0.06375442739079103,0.07510431154381085
0.06382978723404255,0.07510431154381085
0.06272189349112427,0.0737134909596662
0.06279620853080568,0.0737134909596662
0.06287069988137604,0.0737134909596662
0.06294536817102138,0.0737134909596662
0.06302021403091558,0.0737134909596662
0.0630952380952381,0.0737134909596662
0.0631704410011919,0.0737134909596662
0.06324582338902147,0.0737134909596662
0.06332138590203107,0.0737134909596662
0.06339712918660287,0.0737134909596662
0.06347305389221557,0.0737134909596662
0.06354916067146282,0.0737134909596662
0.06362545018007203,0.0737134909596662
0.06370192307692307,0.0737134909596662
0.06377858002406739,0.0737134909596662
0.06385542168674699,0.0737134909596662
0.06393244873341375,0.0737134909596662
0.0640096618357488,0.0737134909596662
0.06408706166868199,0.0737134909596662
0.06295399515738499,0.07232267037552156
0.06303030303030303,0.07232267037552156
0.061893203883495146,0.07093184979137691
0.061968408262454436,0.07093184979137691
0.06204379562043796,0.07093184979137691
0.06211936662606577,0.07093184979137691
0.06219512195121951,0.07093184979137691
0.06227106227106227,0.07093184979137691
0.06234718826405868,0.07093184979137691
0.06242350061199511,0.07093184979137691
0.0625,0.07093184979137691
0.06257668711656442,0.07093184979137691
0.06265356265356266,0.07093184979137691
0.06273062730627306,0.07093184979137691
0.06280788177339902,0.07093184979137691
0.06288532675709001,0.07093184979137691
0.06296296296296296,0.07093184979137691
0.0630407911001236,0.07093184979137691
0.06311881188118812,0.07093184979137691
0.06319702602230483,0.07093184979137691
0.06327543424317618,0.07093184979137691
0.06335403726708075,0.07093184979137691
0.06343283582089553,0.07093184979137691
0.06351183063511831,0.07093184979137691
0.06359102244389027,0.07093184979137691
0.06367041198501873,0.07093184979137691
0.0625,0.06954102920723226
0.0625782227784731,0.06954102920723226
0.06265664160401002,0.06954102920723226
0.06148055207026349,0.06815020862308763
0.06155778894472362,0.06815020862308763
0.061635220125786164,0.06815020862308763
0.061712846347607056,0.06815020862308763
0.0617906683480454,0.06815020862308763
0.06186868686868687,0.06815020862308763
0.061946902654867256,0.06815020862308763
0.060759493670886074,0.06675938803894298
0.060836501901140684,0.06675938803894298
0.06091370558375635,0.06675938803894298
0.060991105463786534,0.06675938803894298
0.061068702290076333,0.06675938803894298
0.061146496815286625,0.06675938803894298
0.061224489795918366,0.06675938803894298
0.06130268199233716,0.06675938803894298
0.061381074168797956,0.06675938803894298
0.06145966709346991,0.06675938803894298
0.06025641025641026,0.06536856745479833
0.06033376123234917,0.06536856745479833
0.060411311053984576,0.06536856745479833
0.06048906048906049,0.06536856745479833
0.06056701030927835,0.06536856745479833
0.06064516129032258,0.06536856745479833
0.060723514211886306,0.06536856745479833
0.06080206985769728,0.06536856745479833
0.06088082901554404,0.06536856745479833
0.0609597924773022,0.06536856745479833
0.06103896103896104,0.06536856745479833
0.0611183355006502,0.06536856745479833
0.061197916666666664,0.06536856745479833
0.061277705345501955,0.06536856745479833
0.06005221932114883,0.06397774687065369
0.06013071895424837,0.06397774687065369
0.060209424083769635,0.06397774687065369
0.06028833551769332,0.06397774687065369
0.06036745406824147,0.06397774687065369
0.06044678055190539,0.06397774687065369
0.060526315789473685,0.06397774687065369
0.06060606060606061,0.06397774687065369
0.06068601583113457,0.06397774687065369
0.0607661822985469,0.06397774687065369
0.06084656084656084,0.06397774687065369
0.060927152317880796,0.06397774687065369
0.0610079575596817,0.06397774687065369
0.05976095617529881,0.06258692628650904
0.0598404255319149,0.06258692628650904
0.05992010652463382,0.06258692628650904
0.06,0.06258692628650904
0.06008010680907877,0.06258692628650904
0.06016042780748663,0.06258692628650904
0.060240963855421686,0.06258692628650904
0.06032171581769437,0.06258692628650904
0.05906040268456376,0.061196105702364396
0.05913978494623656,0.061196105702364396
0.059219380888290714,0.061196105702364396
0.05929919137466307,0.061196105702364396
0.059379217273954114,0.061196105702364396
0.05945945945945946,0.061196105702364396
0.05953991880920163,0.061196105702364396
0.05962059620596206,0.061196105702364396
0.05970149253731343,0.061196105702364396
0.059782608695652176,0.061196105702364396
0.05986394557823129,0.061196105702364396
0.05994550408719346,0.061196105702364396
0.06002728512960437,0.061196105702364396
0.05874316939890711,0.059805285118219746
0.058823529411764705,0.059805285118219746
0.0589041095890411,0.059805285118219746
0.05898491083676269,0.059805285118219746
0.059065934065934064,0.059805285118219746
0.059147180192572216,0.059805285118219746
0.05922865013774105,0.059805285118219746
0.05931034482758621,0.059805285118219746
0.05939226519337017,0.059805285118219746
0.059474412171507604,0.059805285118219746
0.05955678670360111,0.059805285118219746
0.059639389736477116,0.059805285118219746
0.059722222222222225,0.059805285118219746
0.059805285118219746,0.059805285118219746
0.05988857938718663,0.059805285118219746
0.0599721059972106,0.059805285118219746
0.06005586592178771,0.059805285118219746
0.06013986013986014,0.059805285118219746
0.058823529411764705,0.0584144645340751
0.05890603085553997,0.0584144645340751
0.05898876404494382,0.0584144645340751
0.05907172995780591,0.0584144645340751
0.059154929577464786,0.0584144645340751
0.05923836389280677,0.0584144645340751
0.05790960451977401,0.05702364394993046
0.05799151343705799,0.05702364394993046
0.05807365439093484,0.05702364394993046
0.05815602836879433,0.05702364394993046
0.05823863636363636,0.05702364394993046
0.05832147937411095,0.05702364394993046
0.0584045584045584,0.05702364394993046
0.05848787446504993,0.05702364394993046
0.05857142857142857,0.05702364394993046
0.058655221745350504,0.05702364394993046
0.05873925501432665,0.05702364394993046
0.058823529411764705,0.05702364394993046
0.05890804597701149,0.05702364394993046
0.058992805755395686,0.05702364394993046
0.059077809798270896,0.05702364394993046
0.05916305916305916,0.05702364394993046
0.059248554913294796,0.05702364394993046
0.059334298118668596,0.05702364394993046
0.059420289855072465,0.05702364394993046
0.059506531204644414,0.05702364394993046
0.059593023255813955,0.05702364394993046
0.05967976710334789,0.05702364394993046
0.0597667638483965,0.05702364394993046
0.059854014598540145,0.05702364394993046
0.059941520467836254,0.05702364394993046
0.060029282576866766,0.05702364394993046
0.05865102639296188,0.055632823365785816
0.05873715124816446,0.055632823365785816
0.058823529411764705,0.055632823365785816
0.05891016200294551,0.055632823365785816
0.058997050147492625,0.055632823365785816
0.059084194977843424,0.055632823365785816
0.05917159763313609,0.055632823365785816
0.05925925925925926,0.055632823365785816
0.05934718100890208,0.055632823365785816
0.05943536404160475,0.055632823365785816
0.05952380952380952,0.055632823365785816
0.05961251862891207,0.055632823365785816
0.05970149253731343,0.055632823365785816
0.059790732436472344,0.055632823365785816
0.059880239520958084,0.055632823365785816
0.05997001499250375,0.055632823365785816
0.06006006006006006,0.055632823365785816
0.06015037593984962,0.055632823365785816
0.058734939759036146,0.054242002781641166
0.058823529411764705,0.054242002781641166
0.05891238670694864,0.054242002781641166
0.059001512859304085,0.054242002781641166
0.05909090909090909,0.054242002781641166
0.05918057663125948,0.054242002781641166
0.05927051671732523,0.054242002781641166
0.0593607305936073,0.054242002781641166
0.05945121951219512,0.054242002781641166
0.059541984732824425,0.054242002781641166
0.05963302752293578,0.054242002781641166
0.05972434915773354,0.054242002781641166
0.0598159509202454,0.054242002781641166
0.059907834101382486,0.054242002781641166
0.06,0.054242002781641166
0.060092449922958396,0.054242002781641166
0.06018518518518518,0.054242002781641166
0.06027820710973725,0.054242002781641166
0.06037151702786378,0.054242002781641166
0.06046511627906977,0.054242002781641166
0.06055900621118013,0.054242002781641166
0.060653188180404355,0.054242002781641166
0.06074766355140187,0.054242002781641166
0.060842433697347896,0.054242002781641166
0.0609375,0.054242002781641166
0.06103286384976526,0.054242002781641166
0.061128526645768025,0.054242002781641166
0.061224489795918366,0.054242002781641166
0.06132075471698113,0.054242002781641166
0.06141732283464567,0.054242002781641166
0.061514195583596214,0.054242002781641166
0.061611374407582936,0.054242002781641166
0.061708860759493674,0.054242002781641166
0.060221870047543584,0.05285118219749652
0.06031746031746032,0.05285118219749652
0.06041335453100159,0.05285118219749652
0.06050955414012739,0.05285118219749652
0.06060606060606061,0.05285118219749652
0.05910543130990415,0.05146036161335188
0.0592,0.05146036161335188
0.05929487179487179,0.05146036161335188
0.0593900481540931,0.05146036161335188
0.0594855305466238,0.05146036161335188
0.05958132045088567,0.05146036161335188
0.05967741935483871,0.05146036161335188
0.05977382875605816,0.05146036161335188
0.059870550161812294,0.05146036161335188
0.059967585089141004,0.05146036161335188
0.060064935064935064,0.05146036161335188
0.06016260162601626,0.05146036161335188
0.06026058631921824,0.05146036161335188
0.06035889070146819,0.05146036161335188
0.06045751633986928,0.05146036161335188
0.060556464811783964,0.05146036161335188
0.060655737704918035,0.05146036161335188
0.060755336617405585,0.05146036161335188
0.06085526315789474,0.05146036161335188
0.060955518945634266,0.05146036161335188
0.06105610561056106,0.05146036161335188
0.06115702479338843,0.05146036161335188
0.061258278145695365,0.05146036161335188
0.06135986733001658,0.05146036161335188
0.061461794019933555,0.05146036161335188
0.06156405990016639,0.05146036161335188
0.06166666666666667,0.05146036161335188
0.06176961602671119,0.05146036161335188
0.061872909698996656,0.05146036161335188
0.06197654941373534,0.05146036161335188
0.06208053691275168,0.05146036161335188
0.06218487394957983,0.05146036161335188
0.06228956228956229,0.05146036161335188
0.06239460370994941,0.05146036161335188
0.0625,0.05146036161335188
0.06260575296108291,0.05146036161335188
0.06271186440677966,0.05146036161335188
0.06281833616298811,0.05146036161335188
0.06292517006802721,0.05146036161335188
0.06132879045996593,0.05006954102920723
0.06143344709897611,0.05006954102920723
0.06153846153846154,0.05006954102920723
0.06164383561643835,0.05006954102920723
0.060034305317324184,0.048678720445062586
0.06013745704467354,0.048678720445062586
0.060240963855421686,0.048678720445062586
0.0603448275862069,0.048678720445062586
0.06044905008635579,0.048678720445062586
0.06055363321799308,0.048678720445062586
0.060658578856152515,0.048678720445062586
0.06076388888888889,0.048678720445062586
0.06086956521739131,0.048678720445062586
0.06097560975609756,0.048678720445062586
0.06108202443280977,0.048678720445062586
0.06118881118881119,0.048678720445062586
0.06129597197898424,0.048678720445062586
0.06140350877192982,0.048678720445062586
0.061511423550087874,0.048678720445062586
0.061619718309859156,0.048678720445062586
0.06172839506172839,0.048678720445062586
0.061837455830388695,0.048678720445062586
0.061946902654867256,0.048678720445062586
0.06205673758865248,0.048678720445062586
0.06216696269982238,0.048678720445062586
0.06227758007117438,0.048678720445062586
0.062388591800356503,0.048678720445062586
0.060714285714285714,0.04728789986091794
0.06082289803220036,0.04728789986091794
0.06093189964157706,0.04728789986091794
0.06104129263913824,0.04728789986091794
0.06115107913669065,0.04728789986091794
0.06126126126126126,0.04728789986091794
0.061371841155234655,0.04728789986091794
0.06148282097649186,0.04728789986091794
0.06159420289855073,0.04728789986091794
0.06170598911070781,0.04728789986091794
0.06,0.0458970792767733
0.060109289617486336,0.0458970792767733
0.060218978102189784,0.0458970792767733
0.05850091407678245,0.04450625869262865
0.05860805860805861,0.04450625869262865
0.05871559633027523,0.04450625869262865
0.058823529411764705,0.04450625869262865
0.058931860036832415,0.04450625869262865
0.05904059040590406,0.04450625869262865
0.05730129390018484,0.043115438108484005
0.05740740740740741,0.043115438108484005
0.0575139146567718,0.043115438108484005
0.05762081784386617,0.043115438108484005
0.05772811918063315,0.043115438108484005
0.05783582089552239,0.043115438108484005
0.05794392523364486,0.043115438108484005
0.056179775280898875,0.04172461752433936
0.05628517823639775,0.04172461752433936
0.05639097744360902,0.04172461752433936
0.05649717514124294,0.04172461752433936
0.05660377358490566,0.04172461752433936
0.05671077504725898,0.04172461752433936
0.056818181818181816,0.04172461752433936
0.056925996204933584,0.04172461752433936
0.057034220532319393,0.04172461752433936
0.05714285714285714,0.04172461752433936
0.05725190839694656,0.04172461752433936
0.05736137667304015,0.04172461752433936
0.05747126436781609,0.04172461752433936
0.05758157389635317,0.04172461752433936
0.057692307692307696,0.04172461752433936
0.057803468208092484,0.04172461752433936
0.05791505791505792,0.04172461752433936
0.058027079303675046,0.04172461752433936
0.05813953488372093,0.04172461752433936
0.05825242718446602,0.04172461752433936
0.058365758754863814,0.04172461752433936
0.05847953216374269,0.04172461752433936
0.05859375,0.04172461752433936
0.05870841487279843,0.04172461752433936
0.058823529411764705,0.04172461752433936
0.05893909626719057,0.04172461752433936
0.05905511811023622,0.04172461752433936
0.05917159763313609,0.04172461752433936
0.05928853754940711,0.04172461752433936
0.0594059405940594,0.04172461752433936
0.05952380952380952,0.04172461752433936
0.05964214711729622,0.04172461752433936
0.05776892430278884,0.04033379694019471
0.05788423153692615,0.04033379694019471
0.058,0.04033379694019471
0.05811623246492986,0.04033379694019471
0.05823293172690763,0.04033379694019471
0.05835010060362173,0.04033379694019471
0.05846774193548387,0.04033379694019471
0.05858585858585859,0.04033379694019471
0.058704453441295545,0.04033379694019471
0.058823529411764705,0.04033379694019471
0.05894308943089431,0.04033379694019471
0.059063136456211814,0.04033379694019471
0.05918367346938776,0.04033379694019471
0.05930470347648262,0.04033379694019471
0.05942622950819672,0.04033379694019471
0.059548254620123205,0.04033379694019471
0.059670781893004114,0.04033379694019471
0.05979381443298969,0.04033379694019471
0.05991735537190083,0.04033379694019471
0.060041407867494824,0.04033379694019471
0.06016597510373444,0.04033379694019471
0.060291060291060294,0.04033379694019471
0.058333333333333334,0.03894297635605007
0.05845511482254697,0.03894297635605007
0.058577405857740586,0.03894297635605007
0.05870020964360587,0.03894297635605007
0.058823529411764705,0.03894297635605007
0.05894736842105263,0.03894297635605007
0.056962025316455694,0.037552155771905425
0.05708245243128964,0.037552155771905425
0.057203389830508475,0.037552155771905425
0.05732484076433121,0.037552155771905425
0.0574468085106383,0.037552155771905425
0.057569296375266525,0.037552155771905425
0.057692307692307696,0.037552155771905425
0.057815845824411134,0.037552155771905425
0.05793991416309013,0.037552155771905425
0.05806451612903226,0.037552155771905425
0.05818965517241379,0.037552155771905425
0.058315334773218146,0.037552155771905425
0.05844155844155844,0.037552155771905425
0.05639913232104121,0.03616133518776078
0.05652173913043478,0.03616133518776078
0.05664488017429194,0.03616133518776078
0.056768558951965066,0.03616133518776078
0.05470459518599562,0.03477051460361613
0.05482456140350877,0.03477051460361613
0.054945054945054944,0.03477051460361613
0.05286343612334802,0.03337969401947149
0.052980132450331126,0.03337969401947149
0.05309734513274336,0.03337969401947149
0.05321507760532151,0.03337969401947149
0.05333333333333334,0.03337969401947149
0.053452115812917596,0.03337969401947149
0.05357142857142857,0.03337969401947149
0.053691275167785234,0.03337969401947149
0.053811659192825115,0.03337969401947149
0.05393258426966292,0.03337969401947149
0.05405405405405406,0.03337969401947149
0.05417607223476298,0.03337969401947149
0.05429864253393665,0.03337969401947149
0.05442176870748299,0.03337969401947149
0.05454545454545454,0.03337969401947149
0.05466970387243736,0.03337969401947149
0.0547945205479452,0.03337969401947149
0.05491990846681922,0.03337969401947149
0.05504587155963303,0.03337969401947149
0.05517241379310345,0.03337969401947149
0.055299539170506916,0.03337969401947149
0.05542725173210162,0.03337969401947149
0.05555555555555555,0.03337969401947149
0.05568445475638051,0.03337969401947149
0.05581395348837209,0.03337969401947149
0.055944055944055944,0.03337969401947149
0.056074766355140186,0.03337969401947149
0.05620608899297424,0.03337969401947149
0.056338028169014086,0.03337969401947149
0.05647058823529412,0.03337969401947149
0.05660377358490566,0.03337969401947149
0.05673758865248227,0.03337969401947149
0.05687203791469194,0.03337969401947149
0.057007125890736345,0.03337969401947149
0.05714285714285714,0.03337969401947149
0.057279236276849645,0.03337969401947149
0.05741626794258373,0.03337969401947149
0.05755395683453238,0.03337969401947149
0.057692307692307696,0.03337969401947149
0.05783132530120482,0.03337969401947149
0.057971014492753624,0.03337969401947149
0.05811138014527845,0.03337969401947149
0.05825242718446602,0.03337969401947149
0.05596107055961071,0.031988873435326845
0.05609756097560976,0.031988873435326845
0.05623471882640587,0.031988873435326845
0.056372549019607844,0.031988873435326845
0.056511056511056514,0.031988873435326845
0.05665024630541872,0.031988873435326845
0.056790123456790124,0.031988873435326845
0.05693069306930693,0.031988873435326845
0.05707196029776675,0.031988873435326845
0.05721393034825871,0.031988873435326845
0.057356608478802994,0.031988873435326845
0.0575,0.031988873435326845
0.05764411027568922,0.031988873435326845
0.05778894472361809,0.031988873435326845
0.05793450881612091,0.031988873435326845
0.05808080808080808,0.031988873435326845
0.05822784810126582,0.031988873435326845
0.0583756345177665,0.031988873435326845
0.058524173027989825,0.031988873435326845
0.05612244897959184,0.030598052851182198
0.056265984654731455,0.030598052851182198
0.05641025641025641,0.030598052851182198
0.05398457583547558,0.02920723226703755
0.05412371134020619,0.02920723226703755
0.05426356589147287,0.02920723226703755
0.054404145077720206,0.02920723226703755
0.05454545454545454,0.02920723226703755
0.0546875,0.02920723226703755
0.05483028720626632,0.02920723226703755
0.0549738219895288,0.02920723226703755
0.05511811023622047,0.02920723226703755
0.05526315789473684,0.02920723226703755
0.055408970976253295,0.02920723226703755
0.05555555555555555,0.02920723226703755
0.05305039787798409,0.027816411682892908
0.05319148936170213,0.027816411682892908
0.05333333333333334,0.027816411682892908
0.053475935828877004,0.027816411682892908
0.05361930294906166,0.027816411682892908
0.053763440860215055,0.027816411682892908
0.05390835579514825,0.027816411682892908
0.05405405405405406,0.027816411682892908
0.05420054200542006,0.027816411682892908
0.05434782608695652,0.027816411682892908
0.05449591280653951,0.027816411682892908
0.0546448087431694,0.027816411682892908
0.0547945205479452,0.027816411682892908
0.0521978021978022,0.02642559109874826
0.05234159779614325,0.02642559109874826
0.052486187845303865,0.02642559109874826
0.05263157894736842,0.02642559109874826
0.05277777777777778,0.02642559109874826
0.052924791086350974,0.02642559109874826
0.05307262569832402,0.02642559109874826
0.05322128851540616,0.02642559109874826
0.05337078651685393,0.02642559109874826
0.05352112676056338,0.02642559109874826
0.05367231638418079,0.02642559109874826
0.053824362606232294,0.02642559109874826
0.05397727272727273,0.02642559109874826
0.05413105413105413,0.02642559109874826
0.054285714285714284,0.02642559109874826
0.054441260744985676,0.02642559109874826
0.05459770114942529,0.02642559109874826
0.05475504322766571,0.02642559109874826
0.05491329479768786,0.02642559109874826
0.05507246376811594,0.02642559109874826
0.055232558139534885,0.02642559109874826
0.05539358600583091,0.02642559109874826
0.05555555555555555,0.02642559109874826
0.05571847507331378,0.02642559109874826
0.05588235294117647,0.02642559109874826
0.05604719764011799,0.02642559109874826
0.05621301775147929,0.02642559109874826
0.05637982195845697,0.02642559109874826
0.05654761904761905,0.02642559109874826
0.056716417910447764,0.02642559109874826
0.05688622754491018,0.02642559109874826
0.05405405405405406,0.025034770514603615
0.05421686746987952,0.025034770514603615
0.0513595166163142,0.02364394993045897
0.051515151515151514,0.02364394993045897
0.05167173252279635,0.02364394993045897
0.051829268292682924,0.02364394993045897
0.05198776758409786,0.02364394993045897
0.05214723926380368,0.02364394993045897
0.052307692307692305,0.02364394993045897
0.05246913580246913,0.02364394993045897
0.05263157894736842,0.02364394993045897
0.052795031055900624,0.02364394993045897
0.0529595015576324,0.02364394993045897
0.053125,0.02364394993045897
0.05329153605015674,0.02364394993045897
0.05345911949685535,0.02364394993045897
0.05362776025236593,0.02364394993045897
0.05379746835443038,0.02364394993045897
0.05396825396825397,0.02364394993045897
0.054140127388535034,0.02364394993045897
0.054313099041533544,0.02364394993045897
0.05448717948717949,0.02364394993045897
0.05466237942122187,0.02364394993045897
0.054838709677419356,0.02364394993045897
0.05501618122977346,0.02364394993045897
0.05519480519480519,0.02364394993045897
0.05537459283387622,0.02364394993045897
0.05555555555555555,0.02364394993045897
0.05573770491803279,0.02364394993045897
0.05592105263157895,0.02364394993045897
0.052805280528052806,0.022253129346314324
0.052980132450331126,0.022253129346314324
0.053156146179401995,0.022253129346314324
0.05333333333333334,0.022253129346314324
0.05351170568561873,0.022253129346314324
0.053691275167785234,0.022253129346314324
0.05387205387205387,0.022253129346314324
0.05405405405405406,0.022253129346314324
0.05423728813559322,0.022253129346314324
0.05442176870748299,0.022253129346314324
0.05460750853242321,0.022253129346314324
0.0547945205479452,0.022253129346314324
0.054982817869415807,0.022253129346314324
0.05517241379310345,0.022253129346314324
0.05536332179930796,0.022253129346314324
0.05555555555555555,0.022253129346314324
0.05574912891986063,0.022253129346314324
0.055944055944055944,0.022253129346314324
0.056140350877192984,0.022253129346314324
0.056338028169014086,0.022253129346314324
0.05653710247349823,0.022253129346314324
0.05673758865248227,0.022253129346314324
0.05693950177935943,0.022253129346314324
0.05714285714285714,0.022253129346314324
0.05734767025089606,0.022253129346314324
0.05755395683453238,0.022253129346314324
0.05776173285198556,0.022253129346314324
0.057971014492753624,0.022253129346314324
0.05818181818181818,0.022253129346314324
0.058394160583941604,0.022253129346314324
0.05860805860805861,0.022253129346314324
0.058823529411764705,0.022253129346314324
0.055350553505535055,0.02086230876216968
0.05185185185185185,0.019471488178025034
0.05204460966542751,0.019471488178025034
0.05223880597014925,0.019471488178025034
0.052434456928838954,0.019471488178025034
0.05263157894736842,0.019471488178025034
0.052830188679245285,0.019471488178025034
0.05303030303030303,0.019471488178025034
0.053231939163498096,0.019471488178025034
0.05343511450381679,0.019471488178025034
0.05363984674329502,0.019471488178025034
0.05384615384615385,0.019471488178025034
0.05019305019305019,0.01808066759388039
0.050387596899224806,0.01808066759388039
0.05058365758754864,0.01808066759388039
0.05078125,0.01808066759388039
0.050980392156862744,0.01808066759388039
0.051181102362204724,0.01808066759388039
0.05138339920948617,0.01808066759388039
0.051587301587301584,0.01808066759388039
0.05179282868525897,0.01808066759388039
0.052,0.01808066759388039
0.05220883534136546,0.01808066759388039
0.05241935483870968,0.01808066759388039
0.05263157894736842,0.01808066759388039
0.052845528455284556,0.01808066759388039
0.053061224489795916,0.01808066759388039
0.05327868852459016,0.01808066759388039
0.053497942386831275,0.01808066759388039
0.05371900826446281,0.01808066759388039
0.05394190871369295,0.01808066759388039
0.05416666666666667,0.01808066759388039
0.05439330543933055,0.01808066759388039
0.05042016806722689,0.016689847009735744
0.05063291139240506,0.016689847009735744
0.05084745762711865,0.016689847009735744
0.05106382978723404,0.016689847009735744
0.05128205128205128,0.016689847009735744
0.05150214592274678,0.016689847009735744
0.05172413793103448,0.016689847009735744
0.05194805194805195,0.016689847009735744
0.04782608695652174,0.015299026425591099
0.048034934497816595,0.015299026425591099
0.04824561403508772,0.015299026425591099
0.048458149779735685,0.015299026425591099
0.048672566371681415,0.015299026425591099
0.04888888888888889,0.015299026425591099
0.049107142857142856,0.015299026425591099
0.04932735426008968,0.015299026425591099
0.04954954954954955,0.015299026425591099
0.049773755656108594,0.015299026425591099
0.05,0.015299026425591099
0.0502283105022831,0.015299026425591099
0.05045871559633028,0.015299026425591099
0.05069124423963134,0.015299026425591099
0.05092592592592592,0.015299026425591099
0.05116279069767442,0.015299026425591099
0.0514018691588785,0.015299026425591099
0.051643192488262914,0.015299026425591099
0.05188679245283019,0.015299026425591099
0.052132701421800945,0.015299026425591099
0.05238095238095238,0.015299026425591099
0.05263157894736842,0.015299026425591099
0.052884615384615384,0.015299026425591099
0.05314009661835749,0.015299026425591099
0.05339805825242718,0.015299026425591099
0.05365853658536585,0.015299026425591099
0.05392156862745098,0.015299026425591099
0.054187192118226604,0.015299026425591099
0.054455445544554455,0.015299026425591099
0.05472636815920398,0.015299026425591099
0.055,0.015299026425591099
0.05527638190954774,0.015299026425591099
0.05555555555555555,0.015299026425591099
0.05583756345177665,0.015299026425591099
0.05612244897959184,0.015299026425591099
0.05641025641025641,0.015299026425591099
0.05670103092783505,0.015299026425591099
0.05699481865284974,0.015299026425591099
0.057291666666666664,0.015299026425591099
0.05759162303664921,0.015299026425591099
0.05789473684210526,0.015299026425591099
0.0582010582010582,0.015299026425591099
0.05851063829787234,0.015299026425591099
0.058823529411764705,0.015299026425591099
0.05913978494623656,0.015299026425591099
0.05945945945945946,0.015299026425591099
0.059782608695652176,0.015299026425591099
0.060109289617486336,0.015299026425591099
0.054945054945054944,0.013908205841446454
0.055248618784530384,0.013908205841446454
0.05555555555555555,0.013908205841446454
0.055865921787709494,0.013908205841446454
0.056179775280898875,0.013908205841446454
0.05649717514124294,0.013908205841446454
0.056818181818181816,0.013908205841446454
0.05142857142857143,0.012517385257301807
0.05172413793103448,0.012517385257301807
0.05202312138728324,0.012517385257301807
0.05232558139534884,0.012517385257301807
0.05263157894736842,0.012517385257301807
0.052941176470588235,0.012517385257301807
0.05325443786982249,0.012517385257301807
0.05357142857142857,0.012517385257301807
0.05389221556886228,0.012517385257301807
0.04819277108433735,0.011126564673157162
0.048484848484848485,0.011126564673157162
0.04878048780487805,0.011126564673157162
0.049079754601226995,0.011126564673157162
0.04938271604938271,0.011126564673157162
0.049689440993788817,0.011126564673157162
0.05,0.011126564673157162
0.050314465408805034,0.011126564673157162
0.05063291139240506,0.011126564673157162
0.050955414012738856,0.011126564673157162
0.04487179487179487,0.009735744089012517
0.04516129032258064,0.009735744089012517
0.045454545454545456,0.009735744089012517
0.0457516339869281,0.009735744089012517
0.046052631578947366,0.009735744089012517
0.039735099337748346,0.008344923504867872
0.04,0.008344923504867872
0.040268456375838924,0.008344923504867872
0.04054054054054054,0.008344923504867872
0.034013605442176874,0.006954102920723227
0.03424657534246575,0.006954102920723227
0.034482758620689655,0.006954102920723227
0.034722222222222224,0.006954102920723227
0.03496503496503497,0.006954102920723227
0.028169014084507043,0.005563282336578581
0.028368794326241134,0.005563282336578581
0.02142857142857143,0.004172461752433936
0.02158273381294964,0.004172461752433936
0.021739130434782608,0.004172461752433936
0.021897810218978103,0.004172461752433936
0.022058823529411766,0.004172461752433936
0.022222222222222223,0.004172461752433936
0.022388059701492536,0.004172461752433936
0.022556390977443608,0.004172461752433936
0.022727272727272728,0.004172461752433936
0.022900763358778626,0.004172461752433936
0.023076923076923078,0.004172461752433936
0.023255813953488372,0.004172461752433936
0.0234375,0.004172461752433936
0.023622047244094488,0.004172461752433936
0.023809523809523808,0.004172461752433936
0.024,0.004172461752433936
0.024193548387096774,0.004172461752433936
0.024390243902439025,0.004172461752433936
0.02459016393442623,0.004172461752433936
0.024793388429752067,0.004172461752433936
0.025,0.004172461752433936
0.025210084033613446,0.004172461752433936
0.025423728813559324,0.004172461752433936
0.017094017094017096,0.0027816411682892906
0.017241379310344827,0.0027816411682892906
0.017391304347826087,0.0027816411682892906
0.017543859649122806,0.0027816411682892906
0.017699115044247787,0.0027816411682892906
0.017857142857142856,0.0027816411682892906
0.018018018018018018,0.0027816411682892906
0.01818181818181818,0.0027816411682892906
0.01834862385321101,0.0027816411682892906
0.018518518518518517,0.0027816411682892906
0.018691588785046728,0.0027816411682892906
0.018867924528301886,0.0027816411682892906
0.01904761904761905,0.0027816411682892906
0.019230769230769232,0.0027816411682892906
0.019417475728155338,0.0027816411682892906
0.0196078431372549,0.0027816411682892906
0.019801980198019802,0.0027816411682892906
0.02,0.0027816411682892906
0.020202020202020204,0.0027816411682892906
0.02040816326530612,0.0027816411682892906
0.020618556701030927,0.0027816411682892906
0.020833333333333332,0.0027816411682892906
0.021052631578947368,0.0027816411682892906
0.02127659574468085,0.0027816411682892906
0.021505376344086023,0.0027816411682892906
0.021739130434782608,0.0027816411682892906
0.02197802197802198,0.0027816411682892906
0.022222222222222223,0.0027816411682892906
0.02247191011235955,0.0027816411682892906
0.022727272727272728,0.0027816411682892906
0.022988505747126436,0.0027816411682892906
0.023255813953488372,0.0027816411682892906
0.023529411764705882,0.0027816411682892906
0.023809523809523808,0.0027816411682892906
0.024096385542168676,0.0027816411682892906
0.024390243902439025,0.0027816411682892906
0.024691358024691357,0.0027816411682892906
0.025,0.0027816411682892906
0.02531645569620253,0.0027816411682892906
0.02564102564102564,0.0027816411682892906
0.025974025974025976,0.0027816411682892906
0.02631578947368421,0.0027816411682892906
0.02666666666666667,0.0027816411682892906
0.013513513513513514,0.0013908205841446453
0.0136986301369863,0.0013908205841446453
0.013888888888888888,0.0013908205841446453
0.014084507042253521,0.0013908205841446453
0.014285714285714285,0.0013908205841446453
0.014492753623188406,0.0013908205841446453
0.014705882352941176,0.0013908205841446453
0.014925373134328358,0.0013908205841446453
0.015151515151515152,0.0013908205841446453
0.015384615384615385,0.0013908205841446453
0.015625,0.0013908205841446453
0.015873015873015872,0.0013908205841446453
0.016129032258064516,0.0013908205841446453
0.01639344262295082,0.0013908205841446453
0.016666666666666666,0.0013908205841446453
0.01694915254237288,0.0013908205841446453
0.017241379310344827,0.0013908205841446453
0.017543859649122806,0.0013908205841446453
0.017857142857142856,0.0013908205841446453
0.01818181818181818,0.0013908205841446453
0.018518518518518517,0.0013908205841446453
0.018867924528301886,0.0013908205841446453
0.019230769230769232,0.0013908205841446453
0.0196078431372549,0.0013908205841446453
0.02,0.0013908205841446453
0.02040816326530612,0.0013908205841446453
0.020833333333333332,0.0013908205841446453
0.02127659574468085,0.0013908205841446453
0.021739130434782608,0.0013908205841446453
0.022222222222222223,0.0013908205841446453
0.022727272727272728,0.0013908205841446453
0.023255813953488372,0.0013908205841446453
0.023809523809523808,0.0013908205841446453
0.024390243902439025,0.0013908205841446453
0.025,0.0013908205841446453
0.02564102564102564,0.0013908205841446453
0.02631578947368421,0.0013908205841446453
0.02702702702702703,0.0013908205841446453
0.027777777777777776,0.0013908205841446453
0.02857142857142857,0.0013908205841446453
0.029411764705882353,0.0013908205841446453
0.030303030303030304,0.0013908205841446453
0.03125,0.0013908205841446453
0.03225806451612903,0.0013908205841446453
0.03333333333333333,0.0013908205841446453
0.034482758620689655,0.0013908205841446453
0.03571428571428571,0.0013908205841446453
0.0,0.0
0.0,0.0
0.0,0.0
0.0,0.0
0.0,0.0
0.0,0.0
0.0,0.0
0.0,0.0
0.0,0.0
0.0,0.0
0.0,0.0
0.0,0.0
0.0,0.0
0.0,0.0
0.0,0.0
0.0,0.0
0.0,0.0
0.0,0.0
0.0,0.0
0.0,0.0
0.0,0.0
0.0,0.0
0.0,0.0
0.0,0.0
0.0,0.0
0.0,0.0
0.0,0.0
1.0,0.0
