precision,recall
0.07379657189777276,1.0
0.07380414699240402,1.0
0.07381172364233651,1.0
0.07381930184804929,1.0
0.07382688161002156,1.0
0.0738344629287328,1.0
0.07384204580466262,1.0
0.07384963023829087,1.0
0.07375449409347715,0.9986091794158554
0.07376207109102116,0.9986091794158554
0.07376964964553581,0.9986091794158554
0.07377722975750103,0.9986091794158554
0.07378481142739698,0.9986091794158554
0.073792394655704,0.9986091794158554
0.07379997944290266,0.9986091794158554
0.07380756578947369,0.9986091794158554
0.07381515369589801,0.9986091794158554
0.0738227431626568,0.9986091794158554
0.07383033419023136,0.9986091794158554
0.07383792677910325,0.9986091794158554
0.07384552092975419,0.9986091794158554
0.07385311664266611,0.9986091794158554
0.07386071391832116,0.9986091794158554
0.07376543209876543,0.9972183588317107
0.07377302191583496,0.9972183588317107
0.07378061329491666,0.9972183588317107
0.07378820623649275,0.9972183588317107
0.07379580074104569,0.9972183588317107
0.07380339680905816,0.9972183588317107
0.07381099444101297,0.9972183588317107
0.07381859363739318,0.9972183588317107
0.07382619439868204,0.9972183588317107
0.07383379672536299,0.9972183588317107
0.07384140061791968,0.9972183588317107
0.07384900607683592,0.9972183588317107
0.0738566131025958,0.9972183588317107
0.07386422169568353,0.9972183588317107
0.07387183185658355,0.9972183588317107
0.07387944358578052,0.9972183588317107
0.07388705688375928,0.9972183588317107
0.07389467175100485,0.9972183588317107
0.07390228818800247,0.9972183588317107
0.0739099061952376,0.9972183588317107
0.07391752577319588,0.9972183588317107
0.07392514692236313,0.9972183588317107
0.07393276964322541,0.9972183588317107
0.07394039393626894,0.9972183588317107
0.0739480198019802,0.9972183588317107
0.0739556472408458,0.9972183588317107
0.07396327625335258,0.9972183588317107
0.07397090683998762,0.9972183588317107
0.07397853900123813,0.9972183588317107
0.07398617273759157,0.9972183588317107
0.0739938080495356,0.9972183588317107
0.07400144493755806,0.9972183588317107
0.07400908340214699,0.9972183588317107
0.07391349230928047,0.9958275382475661
0.07381788147842247,0.9944367176634215
0.0738255033557047,0.9944367176634215
0.07383312680710451,0.9944367176634215
0.07384075183310958,0.9944367176634215
0.07384837843420781,0.9944367176634215
0.0737527114967462,0.9930458970792768
0.0737603305785124,0.9930458970792768
0.07376795123463167,0.9930458970792768
0.07377557346559206,0.9930458970792768
0.07378319727188178,0.9930458970792768
0.07368747416287723,0.9916550764951322
0.07369509043927648,0.9916550764951322
0.07370270829026256,0.9916550764951322
0.07371032771632378,0.9916550764951322
0.07371794871794872,0.9916550764951322
0.07362216937235033,0.9902642559109874
0.07362978283350569,0.9902642559109874
0.07363739786947979,0.9902642559109874
0.07364501448076127,0.9902642559109874
0.07365263266783904,0.9902642559109874
0.07366025243120215,0.9902642559109874
0.07366787377133989,0.9902642559109874
0.07367549668874172,0.9902642559109874
0.07368312118389735,0.9902642559109874
0.07369074725729663,0.9902642559109874
0.07369837490942967,0.9902642559109874
0.07370600414078675,0.9902642559109874
0.07371363495185837,0.9902642559109874
0.07372126734313522,0.9902642559109874
0.07372890131510822,0.9902642559109874
0.07373653686826843,0.9902642559109874
0.0737441740031072,0.9902642559109874
0.07375181272011601,0.9902642559109874
0.07375945301978659,0.9902642559109874
0.07376709490261085,0.9902642559109874
0.07367112216350637,0.9888734353268428
0.07367875647668394,0.9888734353268428
0.07368639237226655,0.9888734353268428
0.07369402985074627,0.9888734353268428
0.07370166891261531,0.9888734353268428
0.07370930955836616,0.9888734353268428
0.0736132711249352,0.9874826147426982
0.07362090418913314,0.9874826147426982
0.07362853883646168,0.9874826147426982
0.0736361750674134,0.9874826147426982
0.07364381288248108,0.9874826147426982
0.07365145228215768,0.9874826147426982
0.0736590932669364,0.9874826147426982
0.07366673583731065,0.9874826147426982
0.07367437999377399,0.9874826147426982
0.07368202573682026,0.9874826147426982
0.07368967306694343,0.9874826147426982
0.07359352293958896,0.9860917941585535
0.07360116266998858,0.9860917941585535
0.07360880398671096,0.9860917941585535
0.07361644689025024,0.9860917941585535
0.07362409138110072,0.9860917941585535
0.07363173745975699,0.9860917941585535
0.07363938512671375,0.9860917941585535
0.07364703438246598,0.9860917941585535
0.07365468522750883,0.9860917941585535
0.07366233766233767,0.9860917941585535
0.07366999168744805,0.9860917941585535
0.07367764730333576,0.9860917941585535
0.07368530451049678,0.9860917941585535
0.07369296330942729,0.9860917941585535
0.0737006237006237,0.9860917941585535
0.0737082856845826,0.9860917941585535
0.07361197754210855,0.9847009735744089
0.0736196319018405,0.9847009735744089
0.07362728785357738,0.9847009735744089
0.07363494539781591,0.9847009735744089
0.07364260453505304,0.9847009735744089
0.0735462394673879,0.9833101529902643
0.07355389096962131,0.9833101529902643
0.07356154406409322,0.9833101529902643
0.07356919875130073,0.9833101529902643
0.07357685503174108,0.9833101529902643
0.07358451290591174,0.9833101529902643
0.0735921723743104,0.9833101529902643
0.07359983343743494,0.9833101529902643
0.07360749609578345,0.9833101529902643
0.07361516034985423,0.9833101529902643
0.07362282620014579,0.9833101529902643
0.07363049364715685,0.9833101529902643
0.07363816269138632,0.9833101529902643
0.07364583333333333,0.9833101529902643
0.07365350557349724,0.9833101529902643
0.07366117941237758,0.9833101529902643
0.07367653188828678,0.9833101529902643
0.07368421052631578,0.9833101529902643
0.0736918907650615,0.9833101529902643
0.0736995726050245,0.9833101529902643
0.07370725604670558,0.9833101529902643
0.07371494109060578,0.9833101529902643
0.07372262773722628,0.9833101529902643
0.07373031598706851,0.9833101529902643
0.07373800584063413,0.9833101529902643
0.07374569729842495,0.9833101529902643
0.07375339036094304,0.9833101529902643
0.07376108502869066,0.9833101529902643
0.07376878130217028,0.9833101529902643
0.07377647918188458,0.9833101529902643
0.07378417866833646,0.9833101529902643
0.07379187976202901,0.9833101529902643
0.07379958246346556,0.9833101529902643
0.0738072867731496,0.9833101529902643
0.07381499269158488,0.9833101529902643
0.07382270021927535,0.9833101529902643
0.07383040935672515,0.9833101529902643
0.07383812010443865,0.9833101529902643
0.07384583246292041,0.9833101529902643
0.07385354643267524,0.9833101529902643
0.0738612620142081,0.9833101529902643
0.07386897920802424,0.9833101529902643
0.07387669801462905,0.9833101529902643
0.07388441843452817,0.9833101529902643
0.07389214046822742,0.9833101529902643
0.07379533814152817,0.9819193324061196
0.07380305247752457,0.9819193324061196
0.07381076842655515,0.9819193324061196
0.0738184859891259,0.9819193324061196
0.07382620516574297,0.9819193324061196
0.07383392595691278,0.9819193324061196
0.07384164836314193,0.9819193324061196
0.07384937238493725,0.9819193324061196
0.07385709802280574,0.9819193324061196
0.07386482527725466,0.9819193324061196
0.07387255414879146,0.9819193324061196
0.07388028463792382,0.9819193324061196
0.0738880167451596,0.9819193324061196
0.07389575047100691,0.9819193324061196
0.07390348581597404,0.9819193324061196
0.07391122278056951,0.9819193324061196
0.07391896136530206,0.9819193324061196
0.07392670157068063,0.9819193324061196
0.07393444339721436,0.9819193324061196
0.07394218684541265,0.9819193324061196
0.07394993191578507,0.9819193324061196
0.07395767860884139,0.9819193324061196
0.07386066003143006,0.980528511821975
0.07386839899413244,0.980528511821975
0.07387613957874882,0.980528511821975
0.07388388178578914,0.980528511821975
0.07389162561576355,0.980528511821975
0.07389937106918239,0.980528511821975
0.07390711814655625,0.980528511821975
0.07391486684839589,0.980528511821975
0.07392261717521233,0.980528511821975
0.07393036912751678,0.980528511821975
0.07393812270582066,0.980528511821975
0.07394587791063562,0.980528511821975
0.07395363474247352,0.980528511821975
0.07396139320184641,0.980528511821975
0.0739691532892666,0.980528511821975
0.07397691500524659,0.980528511821975
0.0739846783502991,0.980528511821975
0.07399244332493703,0.980528511821975
0.07400020992967356,0.980528511821975
0.07400797816502204,0.980528511821975
0.07401574803149606,0.980528511821975
0.07391852162956741,0.9791376912378303
0.0739262837341174,0.9791376912378303
0.0738290275152279,0.9777468706536857
0.07383678185064595,0.9777468706536857
0.07384453781512605,0.9777468706536857
0.07385229540918163,0.9777468706536857
0.07386005463332633,0.9777468706536857
0.07386781548807397,0.9777468706536857
0.07387557797393864,0.9777468706536857
0.07388334209143457,0.9777468706536857
0.0738911078410763,0.9777468706536857
0.07389887522337854,0.9777468706536857
0.07390664423885618,0.9777468706536857
0.07391441488802439,0.9777468706536857
0.07392218717139853,0.9777468706536857
0.07392996108949416,0.9777468706536857
0.07393773664282709,0.9777468706536857
0.07394551383191332,0.9777468706536857
0.07395329265726909,0.9777468706536857
0.07396107311941083,0.9777468706536857
0.07396885521885523,0.9777468706536857
0.07397663895611913,0.9777468706536857
0.0738791833298253,0.9763560500695411
0.07388695926744553,0.9763560500695411
0.07378947368421053,0.9749652294853964
0.07379724181492789,0.9749652294853964
0.07380501158138555,0.9749652294853964
0.07381278298410024,0.9749652294853964
0.07382055602358888,0.9749652294853964
0.07382833070036862,0.9749652294853964
0.07383610701495681,0.9749652294853964
0.07384388496787106,0.9749652294853964
0.07385166455962916,0.9749652294853964
0.07385944579074913,0.9749652294853964
0.0738672286617492,0.9749652294853964
0.07387501317314786,0.9749652294853964
0.07388279932546374,0.9749652294853964
0.07389058711921577,0.9749652294853964
0.07389837655492304,0.9749652294853964
0.0739061676331049,0.9749652294853964
0.0739139603542809,0.9749652294853964
0.07392175471897079,0.9749652294853964
0.07392955072769458,0.9749652294853964
0.07393734838097248,0.9749652294853964
0.07394514767932489,0.9749652294853964
0.0739529486232725,0.9749652294853964
0.07396075121333615,0.9749652294853964
0.07396855545003693,0.9749652294853964
0.07397636133389617,0.9749652294853964
0.07398416886543535,0.9749652294853964
0.07399197804517627,0.9749652294853964
0.07399978887364088,0.9749652294853964
0.07400760135135136,0.9749652294853964
0.07401541547883012,0.9749652294853964
0.07402323125659979,0.9749652294853964
0.07403104868518323,0.9749652294853964
0.0739332488381918,0.9735744089012517
0.07394105841343615,0.9735744089012517
0.07394886963870695,0.9735744089012517
0.07395668251452721,0.9735744089012517
0.07396449704142012,0.9735744089012517
0.07397231321990912,0.9735744089012517
0.07387444514901712,0.972183588317107
0.07388225346157912,0.972183588317107
0.07389006342494715,0.972183588317107
0.07389787503964479,0.972183588317107
0.07390568830619582,0.972183588317107
0.07391350322512424,0.972183588317107
0.07392131979695432,0.972183588317107
0.07392913802221047,0.972183588317107
0.07393695790141738,0.972183588317107
0.07394477943509997,0.972183588317107
0.07395260262378332,0.972183588317107
0.0739604274679928,0.972183588317107
0.07396825396825397,0.972183588317107
0.0739760821250926,0.972183588317107
0.07398391193903471,0.972183588317107
0.07399174341060655,0.972183588317107
0.07399957654033454,0.972183588317107
0.07400741132874537,0.972183588317107
0.07390936044049132,0.9707927677329624
0.07391718733453352,0.9707927677329624
0.0738191061215844,0.9694019471488178
0.07372100413091834,0.9680111265646731
0.07372881355932204,0.9680111265646731
0.07373662464244093,0.9680111265646731
0.07374443738080101,0.9680111265646731
0.07375225177492847,0.9680111265646731
0.07376006782534972,0.9680111265646731
0.07376788553259142,0.9680111265646731
0.07377570489718041,0.9680111265646731
0.07378352591964381,0.9680111265646731
0.0737913486005089,0.9680111265646731
0.0736931396458488,0.9666203059805285
0.07370095440084835,0.9666203059805285
0.07370877081344787,0.9666203059805285
0.0737165888841748,0.9666203059805285
0.07372440861355681,0.9666203059805285
0.07373223000212178,0.9666203059805285
0.07374005305039788,0.9666203059805285
0.07374787775891341,0.9666203059805285
0.07375570412819696,0.9666203059805285
0.07376353215877733,0.9666203059805285
0.07377136185118352,0.9666203059805285
0.0737791932059448,0.9666203059805285
0.07378702622359061,0.9666203059805285
0.07379486090465066,0.9666203059805285
0.07381053525913339,0.9666203059805285
0.07381837493361657,0.9666203059805285
0.07382621627363502,0.9666203059805285
0.07383405927971953,0.9666203059805285
0.07384190395240119,0.9666203059805285
0.07384975029221125,0.9666203059805285
0.07385759829968119,0.9666203059805285
0.07387329931972789,0.9666203059805285
0.07388115233336877,0.9666203059805285
0.07388900701679779,0.9666203059805285
0.07389686337054759,0.9666203059805285
0.073904721395151,0.9666203059805285
0.07380623205359992,0.9652294853963839
0.07381408211018932,0.9652294853963839
0.07382193383682586,0.9652294853963839
0.07382978723404256,0.9652294853963839
0.0738376423023726,0.9652294853963839
0.07384549904234944,0.9652294853963839
0.07385335745450676,0.9652294853963839
0.07386121753937847,0.9652294853963839
0.07386907929749867,0.9652294853963839
0.07387694272940175,0.9652294853963839
0.07388480783562228,0.9652294853963839
0.07389267461669506,0.9652294853963839
0.07390054307315515,0.9652294853963839
0.0739084132055378,0.9652294853963839
0.07391628501437852,0.9652294853963839
0.07392415850021304,0.9652294853963839
0.07393203366357728,0.9652294853963839
0.07393991050500746,0.9652294853963839
0.07394778902503996,0.9652294853963839
0.07395566922421143,0.9652294853963839
0.07396355110305872,0.9652294853963839
0.07397143466211895,0.9652294853963839
0.07397931990192944,0.9652294853963839
0.07398720682302772,0.9652294853963839
0.07399509542595159,0.9652294853963839
0.07400298571123907,0.9652294853963839
0.07401087767942839,0.9652294853963839
0.07401877133105803,0.9652294853963839
0.07402666666666667,0.9652294853963839
0.07403456368679326,0.9652294853963839
0.07404246239197695,0.9652294853963839
0.07405036278275715,0.9652294853963839
0.07405826485967346,0.9652294853963839
0.07406616862326575,0.9652294853963839
0.07407407407407407,0.9652294853963839
0.07408198121263877,0.9652294853963839
0.07408989003950037,0.9652294853963839
0.07409780055519966,0.9652294853963839
0.07410571276027762,0.9652294853963839
0.07411362665527553,0.9652294853963839
0.0741215422407348,0.9652294853963839
0.07412945951719718,0.9652294853963839
0.07413737848520457,0.9652294853963839
0.07414529914529915,0.9652294853963839
0.0741532214980233,0.9652294853963839
0.07416114554391964,0.9652294853963839
0.07416907128353105,0.9652294853963839
0.0741769987174006,0.9652294853963839
0.07418492784607161,0.9652294853963839
0.07419285867008767,0.9652294853963839
0.07420079118999251,0.9652294853963839
0.0742087254063302,0.9652294853963839
0.07421666131964495,0.9652294853963839
0.07422459893048128,0.9652294853963839
0.07423253823938389,0.9652294853963839
0.07424047924689774,0.9652294853963839
0.07424842195356798,0.9652294853963839
0.07425636635994008,0.9652294853963839
0.07426431246655965,0.9652294853963839
0.0742722602739726,0.9652294853963839
0.07428020978272504,0.9652294853963839
0.0742881609933633,0.9652294853963839
0.07418905898726047,0.9638386648122392
0.07419700214132763,0.9638386648122392
0.07420494699646643,0.9638386648122392
0.07421289355322339,0.9638386648122392
0.07422084181214522,0.9638386648122392
0.07422879177377892,0.9638386648122392
0.07423674343867166,0.9638386648122392
0.0742446968073709,0.9638386648122392
0.0742526518804243,0.9638386648122392
0.07426060865837977,0.9638386648122392
0.07426856714178545,0.9638386648122392
0.07427652733118971,0.9638386648122392
0.07428448922714118,0.9638386648122392
0.07429245283018868,0.9638386648122392
0.07430041814088131,0.9638386648122392
0.07430838515976838,0.9638386648122392
0.07431635388739946,0.9638386648122392
0.07432432432432433,0.9638386648122392
0.0742250348600236,0.9624478442280946
0.07423299721089895,0.9624478442280946
0.07424096127024997,0.9624478442280946
0.07424892703862661,0.9624478442280946
0.07414958686554352,0.96105702364395
0.07405022537025113,0.9596662030598053
0.07405817323172695,0.9596662030598053
0.07406612279948475,0.9596662030598053
0.07407407407407407,0.9596662030598053
0.07408202705604466,0.9596662030598053
0.07408998174594653,0.9596662030598053
0.0740979381443299,0.9596662030598053
0.07410589625174525,0.9596662030598053
0.07411385606874328,0.9596662030598053
0.07412181759587495,0.9596662030598053
0.07412978083369144,0.9596662030598053
0.07413774578274417,0.9596662030598053
0.07414571244358478,0.9596662030598053
0.07415368081676518,0.9596662030598053
0.0741616509028375,0.9596662030598053
0.07416962270235408,0.9596662030598053
0.07417759621586756,0.9596662030598053
0.07418557144393076,0.9596662030598053
0.07419354838709677,0.9596662030598053
0.07420152704591891,0.9596662030598053
0.07420950742095074,0.9596662030598053
0.07421748951274605,0.9596662030598053
0.07422547332185886,0.9596662030598053
0.07423345884884347,0.9596662030598053
0.07424144609425436,0.9596662030598053
0.0742494350586463,0.9596662030598053
0.07425742574257425,0.9596662030598053
0.07426541814659347,0.9596662030598053
0.07427341227125941,0.9596662030598053
0.07428140811712779,0.9596662030598053
0.07428940568475452,0.9596662030598053
0.07429740497469581,0.9596662030598053
0.07430540598750808,0.9596662030598053
0.07420570813139472,0.9582753824756607
0.07421370099095217,0.9582753824756607
0.07422169557255198,0.9582753824756607
0.0742296918767507,0.9582753824756607
0.07423768990410516,0.9582753824756607
0.07424568965517242,0.9582753824756607
0.07425369113050975,0.9582753824756607
0.07426169433067471,0.9582753824756607
0.07426969925622508,0.9582753824756607
0.07416990081931867,0.9568845618915159
0.07417789757412399,0.9568845618915159
0.07418589605348286,0.9568845618915159
0.0741938962579532,0.9568845618915159
0.07420189818809318,0.9568845618915159
0.07420990184446122,0.9568845618915159
0.07411003236245954,0.9554937413073713
0.07411802783471788,0.9554937413073713
0.07412602503236944,0.9554937413073713
0.07413402395597281,0.9554937413073713
0.07414202460608676,0.9554937413073713
0.07415002698327038,0.9554937413073713
0.07405008635578583,0.9541029207232267
0.07405808053546367,0.9541029207232267
0.07406607644137335,0.9541029207232267
0.07407407407407407,0.9541029207232267
0.07408207343412528,0.9541029207232267
0.07409007452208662,0.9541029207232267
0.07409807733851805,0.9541029207232267
0.07410608188397969,0.9541029207232267
0.07411408815903198,0.9541029207232267
0.07412209616423555,0.9541029207232267
0.07413010590015129,0.9541029207232267
0.07413811736734033,0.9541029207232267
0.07414613056636403,0.9541029207232267
0.07415414549778403,0.9541029207232267
0.07416216216216216,0.9541029207232267
0.07417018056006054,0.9541029207232267
0.07417820069204152,0.9541029207232267
0.07418622255866768,0.9541029207232267
0.07419424616050184,0.9541029207232267
0.07420227149810708,0.9541029207232267
0.07421029857204674,0.9541029207232267
0.07421832738288435,0.9541029207232267
0.07422635793118372,0.9541029207232267
0.07423439021750892,0.9541029207232267
0.07424242424242425,0.9541029207232267
0.07414222318432731,0.952712100139082
0.07404200043299415,0.9513212795549374
0.07405001623903865,0.9513212795549374
0.07405803378085751,0.9513212795549374
0.07406605305901462,0.9513212795549374
0.07407407407407407,0.9513212795549374
0.07408209682660023,0.9513212795549374
0.07409012131715771,0.9513212795549374
0.07409814754631135,0.9513212795549374
0.07410617551462621,0.9513212795549374
0.07411420522266768,0.9513212795549374
0.0741222366710013,0.9513212795549374
0.07402189227267801,0.9499304589707928
0.0740299154563191,0.9499304589707928
0.0740379403794038,0.9499304589707928
0.07393755420641804,0.9485396383866481
0.07383714626477285,0.9471488178025035
0.07384515289525048,0.9471488178025035
0.07374471315475545,0.9457579972183588
0.07364425162689804,0.9443671766342142
0.07365223993925589,0.9443671766342142
0.07366022998481232,0.9443671766342142
0.07355972659216665,0.9429763560500696
0.07356770833333333,0.9429763560500696
0.07357569180683668,0.9429763560500696
0.07358367701324071,0.9429763560500696
0.07359166395310973,0.9429763560500696
0.07359965262700825,0.9429763560500696
0.07360764303550103,0.9429763560500696
0.0736156351791531,0.9429763560500696
0.0736236290585297,0.9429763560500696
0.07363162467419634,0.9429763560500696
0.0736396220267188,0.9429763560500696
0.07364762111666305,0.9429763560500696
0.07354698533405758,0.9415855354659249
0.07355497609734898,0.9415855354659249
0.07356296859719656,0.9415855354659249
0.07357096283416649,0.9415855354659249
0.07357895880882513,0.9415855354659249
0.07358695652173913,0.9415855354659249
0.07348624850527231,0.9401947148817803
0.07349423787779952,0.9401947148817803
0.07350222898771339,0.9401947148817803
0.07351022183558069,0.9401947148817803
0.07351821642196846,0.9401947148817803
0.07352621274744399,0.9401947148817803
0.07353421081257479,0.9401947148817803
0.07354221061792864,0.9401947148817803
0.07355021216407355,0.9401947148817803
0.0735582154515778,0.9401947148817803
0.0735662204810099,0.9401947148817803
0.07357422725293862,0.9401947148817803
0.07358223576793295,0.9401947148817803
0.07359024602656215,0.9401947148817803
0.07359825802939575,0.9401947148817803
0.07360627177700349,0.9401947148817803
0.07361428726995535,0.9401947148817803
0.07362230450882161,0.9401947148817803
0.07363032349417274,0.9401947148817803
0.07363834422657953,0.9401947148817803
0.07353742237716526,0.9388038942976356
0.07354543473523643,0.9388038942976356
0.07355344883949003,0.9388038942976356
0.07356146469049694,0.9388038942976356
0.07356948228882834,0.9388038942976356
0.0735775016350556,0.9388038942976356
0.07358552272975036,0.9388038942976356
0.07360157016683022,0.9388038942976356
0.07360959651035986,0.9388038942976356
0.07361762460464609,0.9388038942976356
0.07362565445026178,0.9388038942976356
0.07363368604778008,0.9388038942976356
0.07364171939777438,0.9388038942976356
0.07364975450081833,0.9388038942976356
0.07365779135748582,0.9388038942976356
0.07366582996835097,0.9388038942976356
0.07367387033398821,0.9388038942976356
0.07368191245497216,0.9388038942976356
0.07368995633187773,0.9388038942976356
0.07369800196528005,0.9388038942976356
0.07370604935575453,0.9388038942976356
0.07371409850387682,0.9388038942976356
0.0737221494102228,0.9388038942976356
0.07373020207536865,0.9388038942976356
0.07373825649989076,0.9388038942976356
0.07374631268436578,0.9388038942976356
0.07375437062937062,0.9388038942976356
0.07376243033548247,0.9388038942976356
0.07377049180327869,0.9388038942976356
0.07377855503333698,0.9388038942976356
0.07378662002623525,0.9388038942976356
0.07379468678255166,0.9388038942976356
0.07380275530286463,0.9388038942976356
0.07381082558775287,0.9388038942976356
0.07381889763779527,0.9388038942976356
0.07382697145357103,0.9388038942976356
0.07383504703565959,0.9388038942976356
0.07384312438464063,0.9388038942976356
0.07385120350109409,0.9388038942976356
0.07385928438560017,0.9388038942976356
0.07386736703873933,0.9388038942976356
0.07387545146109226,0.9388038942976356
0.07388353765323993,0.9388038942976356
0.07389162561576355,0.9388038942976356
0.07389971534924458,0.9388038942976356
0.07390780685426475,0.9388038942976356
0.07391590013140605,0.9388038942976356
0.07392399518125069,0.9388038942976356
0.07393209200438117,0.9388038942976356
0.07394019060138021,0.9388038942976356
0.07394829097283084,0.9388038942976356
0.07395639311931632,0.9388038942976356
0.07385492000876616,0.9374130737134909
0.07386301369863013,0.9374130737134909
0.07387110916264795,0.9374130737134909
0.07387920640140305,0.9374130737134909
0.07388730541547907,0.9374130737134909
0.07389540620545992,0.9374130737134909
0.07390350877192982,0.9374130737134909
0.07391161311547319,0.9374130737134909
0.0739197192366747,0.9374130737134909
0.07392782713611934,0.9374130737134909
0.07393593681439228,0.9374130737134909
0.073944048272079,0.9374130737134909
0.07395216150976519,0.9374130737134909
0.07396027652803687,0.9374130737134909
0.07396839332748024,0.9374130737134909
0.07397651190868182,0.9374130737134909
0.07398463227222832,0.9374130737134909
0.07399275441870677,0.9374130737134909
0.07400087834870443,0.9374130737134909
0.07400900406280883,0.9374130737134909
0.07401713156160773,0.9374130737134909
0.07402526084568918,0.9374130737134909
0.07403339191564147,0.9374130737134909
0.07404152477205317,0.9374130737134909
0.07404965941551307,0.9374130737134909
0.07394791781122953,0.9360222531293463
0.07395604395604395,0.9360222531293463
0.07396417188702055,0.9360222531293463
0.0739723016047483,0.9360222531293463
0.07398043310981642,0.9360222531293463
0.07398856640281443,0.9360222531293463
0.07399670148433204,0.9360222531293463
0.07400483835495932,0.9360222531293463
0.07401297701528649,0.9360222531293463
0.07402111746590409,0.9360222531293463
0.07402925970740293,0.9360222531293463
0.07403740374037404,0.9360222531293463
0.07404554956540874,0.9360222531293463
0.07394366197183098,0.9346314325452016
0.07395179927368768,0.9346314325452016
0.07395993836671803,0.9346314325452016
0.07396807925151348,0.9346314325452016
0.07386613826508147,0.933240611961057
0.07387427061543543,0.933240611961057
0.07388240475666152,0.933240611961057
0.07389054068935139,0.933240611961057
0.07389867841409692,0.933240611961057
0.07390681793149025,0.933240611961057
0.07391495924212381,0.933240611961057
0.07392310234659029,0.933240611961057
0.07382106654914058,0.9318497913769124
0.07371900826446282,0.9304589707927677
0.07372713246638748,0.9304589707927677
0.0736331569664903,0.9290681502086231
0.07364127439091611,0.9290681502086231
0.07364939360529217,0.9290681502086231
0.07365751461021061,0.9290681502086231
0.073555359505955,0.9276773296244785
0.073563471931179,0.9276773296244785
0.07357158614604015,0.9276773296244785
0.07357970215113072,0.9276773296244785
0.07358781994704325,0.9276773296244785
0.07359593953437052,0.9276773296244785
0.07360406091370558,0.9276773296244785
0.07361218408564175,0.9276773296244785
0.07362030905077263,0.9276773296244785
0.07362843580969201,0.9276773296244785
0.07363656436299404,0.9276773296244785
0.07364469471127305,0.9276773296244785
0.07365282685512367,0.9276773296244785
0.07366096079514081,0.9276773296244785
0.0736690965319196,0.9276773296244785
0.07367723406605545,0.9276773296244785
0.07368537339814406,0.9276773296244785
0.07369351452878135,0.9276773296244785
0.07370165745856354,0.9276773296244785
0.07370980218808708,0.9276773296244785
0.07371794871794872,0.9276773296244785
0.07372609704874544,0.9276773296244785
0.0737342471810745,0.9276773296244785
0.07374239911553344,0.9276773296244785
0.07363998230871296,0.9262865090403338
0.07364812562202809,0.9262865090403338
0.07365627073656271,0.9262865090403338
0.0736644176529145,0.9262865090403338
0.07367256637168142,0.9262865090403338
0.07368071689346167,0.9262865090403338
0.07368886921885373,0.9262865090403338
0.07369702334845635,0.9262865090403338
0.07359451084550686,0.9248956884561892
0.07360265633646929,0.9248956884561892
0.07361080363072836,0.9248956884561892
0.07361895272888298,0.9248956884561892
0.07362710363153233,0.9248956884561892
0.07352452663049497,0.9235048678720446
0.07353266888150609,0.9235048678720446
0.07354081293609481,0.9235048678720446
0.07354895879486044,0.9235048678720446
0.07355710645840258,0.9235048678720446
0.07356525592732108,0.9235048678720446
0.07357340720221607,0.9235048678720446
0.07358156028368794,0.9235048678720446
0.07358971517233737,0.9235048678720446
0.07359787186876524,0.9235048678720446
0.07360603037357277,0.9235048678720446
0.07361419068736141,0.9235048678720446
0.0736223528107329,0.9235048678720446
0.07363051674428919,0.9235048678720446
0.07363868248863259,0.9235048678720446
0.07364685004436557,0.9235048678720446
0.07365501941209096,0.9235048678720446
0.0736631905924118,0.9235048678720446
0.07367136358593143,0.9235048678720446
0.07367953839325345,0.9235048678720446
0.07357673954056154,0.9221140472878998
0.07358490566037736,0.9221140472878998
0.0735930735930736,0.9221140472878998
0.073601243339254,0.9221140472878998
0.0736094148995226,0.9221140472878998
0.07361758827448368,0.9221140472878998
0.07362576346474181,0.9221140472878998
0.07363394047090183,0.9221140472878998
0.07364211929356881,0.9221140472878998
0.07365029993334815,0.9221140472878998
0.07365848239084546,0.9221140472878998
0.07366666666666667,0.9221140472878998
0.07367485276141794,0.9221140472878998
0.07368304067570572,0.9221140472878998
0.07369123041013671,0.9221140472878998
0.07369942196531792,0.9221140472878998
0.07370761534185659,0.9221140472878998
0.0736046253057594,0.9207232267037552
0.0736128099633048,0.9207232267037552
0.07362099644128114,0.9207232267037552
0.07362918474029585,0.9207232267037552
0.07363737486095662,0.9207232267037552
0.0736455668038714,0.9207232267037552
0.07365376056964842,0.9207232267037552
0.07355068432179815,0.9193324061196105
0.07344758513242822,0.9179415855354659
0.07345575959933222,0.9179415855354659
0.07346393588601959,0.9179415855354659
0.07347211399309807,0.9179415855354659
0.07348029392117568,0.9179415855354659
0.07348847567086071,0.9179415855354659
0.07349665924276169,0.9179415855354659
0.07350484463748747,0.9179415855354659
0.07351303185564714,0.9179415855354659
0.0734098251086109,0.9165507649513213
0.0734180035650624,0.9165507649513213
0.07342618384401114,0.9165507649513213
0.07343436594606641,0.9165507649513213
0.07344254987183774,0.9165507649513213
0.07345073562193491,0.9165507649513213
0.07346711259754737,0.9165507649513213
0.07348349687778769,0.9165507649513213
0.07338017174082748,0.9151599443671766
0.0732768235556547,0.913769123783032
0.07328499721137757,0.913769123783032
0.07329317269076305,0.913769123783032
0.07330952912296362,0.913769123783032
0.07331771007700033,0.913769123783032
0.07332589285714286,0.913769123783032
0.07322245786360085,0.9123783031988874
0.07323063183746371,0.9123783031988874
0.07323880763648544,0.9123783031988874
0.07324698526127736,0.9123783031988874
0.07325516471245115,0.9123783031988874
0.07326334599061872,0.9123783031988874
0.07327152909639227,0.9123783031988874
0.07327971403038427,0.9123783031988874
0.07328790079320746,0.9123783031988874
0.07329608938547486,0.9123783031988874
0.07330427980779976,0.9123783031988874
0.0733124720607957,0.9123783031988874
0.07332066614507657,0.9123783031988874
0.07332886206125643,0.9123783031988874
0.07333705980994969,0.9123783031988874
0.07334525939177101,0.9123783031988874
0.07335346080733535,0.9123783031988874
0.07336166405725789,0.9123783031988874
0.07325802482943743,0.9109874826147427
0.0732662192393736,0.9109874826147427
0.07327441548271618,0.9109874826147427
0.07328261356008056,0.9109874826147427
0.07329081347208236,0.9109874826147427
0.07329901521933752,0.9109874826147427
0.07330721880246223,0.9109874826147427
0.07331542422207298,0.9109874826147427
0.07332363147878652,0.9109874826147427
0.07333184057321988,0.9109874826147427
0.07334005150599036,0.9109874826147427
0.07334826427771557,0.9109874826147427
0.07335647888901332,0.9109874826147427
0.07336469534050179,0.9109874826147427
0.07337291363279937,0.9109874826147427
0.07326910150123235,0.9095966620305981
0.07327731092436975,0.9095966620305981
0.07328552218735992,0.9095966620305981
0.07318166535918413,0.9082058414464534
0.0731898677426586,0.9082058414464534
0.07319807196502634,0.9082058414464534
0.0732144859289158,0.9082058414464534
0.07322269567167526,0.9082058414464534
0.07323090725580352,0.9082058414464534
0.07323912068192015,0.9082058414464534
0.07324733595064498,0.9082058414464534
0.07325555306259816,0.9082058414464534
0.07326377201840009,0.9082058414464534
0.07327199281867146,0.9082058414464534
0.07328021546403322,0.9082058414464534
0.07328843995510662,0.9082058414464534
0.07329666629251319,0.9082058414464534
0.07330489447687472,0.9082058414464534
0.07331312450881329,0.9082058414464534
0.07332135638895126,0.9082058414464534
0.07332959011791129,0.9082058414464534
0.07333782569631626,0.9082058414464534
0.07334606312478939,0.9082058414464534
0.07335430240395417,0.9082058414464534
0.07336254353443433,0.9082058414464534
0.07337078651685393,0.9082058414464534
0.07337903135183728,0.9082058414464534
0.073387278040009,0.9082058414464534
0.07339552658199393,0.9082058414464534
0.07340377697841727,0.9082058414464534
0.07341202922990445,0.9082058414464534
0.07342028333708119,0.9082058414464534
0.07342853930057348,0.9082058414464534
0.07343679712100765,0.9082058414464534
0.07344505679901024,0.9082058414464534
0.0734533183352081,0.9082058414464534
0.07346158173022838,0.9082058414464534
0.07346984698469847,0.9082058414464534
0.0734781140992461,0.9082058414464534
0.07348638307449921,0.9082058414464534
0.0734946539110861,0.9082058414464534
0.0735029266096353,0.9082058414464534
0.07351120117077564,0.9082058414464534
0.07351947759513623,0.9082058414464534
0.07352775588334647,0.9082058414464534
0.07353603603603603,0.9082058414464534
0.07354431805383489,0.9082058414464534
0.07355260193737329,0.9082058414464534
0.07344823701701025,0.9068150208623088
0.07345651194231635,0.9068150208623088
0.07346478873239437,0.9068150208623088
0.07336037863421231,0.9054242002781642
0.07325594500169053,0.9040333796940194
0.07326420198376916,0.9040333796940194
0.07327246082741518,0.9040333796940194
0.07328072153325817,0.9040333796940194
0.07328898410192806,0.9040333796940194
0.07329724853405503,0.9040333796940194
0.07330551483026954,0.9040333796940194
0.07331378299120235,0.9040333796940194
0.07332205301748448,0.9040333796940194
0.0733303249097473,0.9040333796940194
0.07333859866862236,0.9040333796940194
0.0733468742947416,0.9040333796940194
0.07335515178873717,0.9040333796940194
0.07336343115124154,0.9040333796940194
0.07337171238288746,0.9040333796940194
0.07337999548430797,0.9040333796940194
0.07338828045613639,0.9040333796940194
0.07339656729900633,0.9040333796940194
0.07340485601355166,0.9040333796940194
0.07330020329794443,0.9026425591098748
0.07330848300011296,0.9026425591098748
0.07320379575237235,0.9012517385257302
0.0732120664331714,0.9012517385257302
0.07322033898305084,0.9012517385257302
0.07322861340264436,0.9012517385257302
0.07312386980108498,0.8998609179415855
0.07313213518706907,0.8998609179415855
0.07314040244178159,0.8998609179415855
0.07314867156585642,0.8998609179415855
0.07316521542462966,0.8998609179415855
0.07317349016059715,0.8998609179415855
0.0731817667684651,0.8998609179415855
0.07319004524886878,0.8998609179415855
0.07319832560244371,0.8998609179415855
0.07320660782982576,0.8998609179415855
0.07321489193165101,0.8998609179415855
0.07322317790855591,0.8998609179415855
0.07323146576117713,0.8998609179415855
0.07323975549015169,0.8998609179415855
0.07324804709611683,0.8998609179415855
0.07325634057971014,0.8998609179415855
0.07326463594156947,0.8998609179415855
0.07327293318233295,0.8998609179415855
0.07328123230263903,0.8998609179415855
0.07328953330312642,0.8998609179415855
0.07329783618443413,0.8998609179415855
0.07330614094720145,0.8998609179415855
0.07331444759206798,0.8998609179415855
0.07332275611967362,0.8998609179415855
0.0733310665306585,0.8998609179415855
0.07333937882566312,0.8998609179415855
0.07334769300532819,0.8998609179415855
0.07335600907029478,0.8998609179415855
0.07336432702120421,0.8998609179415855
0.07337264685869811,0.8998609179415855
0.0733809685834184,0.8998609179415855
0.07338929219600726,0.8998609179415855
0.0733976176971072,0.8998609179415855
0.07340594508736102,0.8998609179415855
0.07341427436741178,0.8998609179415855
0.07342260553790286,0.8998609179415855
0.07343093859947793,0.8998609179415855
0.07343927355278093,0.8998609179415855
0.07344761039845613,0.8998609179415855
0.07345594913714805,0.8998609179415855
0.07346428976950153,0.8998609179415855
0.0734726322961617,0.8998609179415855
0.0734893230349841,0.8998609179415855
0.07349767124843803,0.8998609179415855
0.07350602135878209,0.8998609179415855
0.07351437336666287,0.8998609179415855
0.07352272727272727,0.8998609179415855
0.07353108307762246,0.8998609179415855
0.07353944078199591,0.8998609179415855
0.0735478003864954,0.8998609179415855
0.07355616189176899,0.8998609179415855
0.07356452529846504,0.8998609179415855
0.0735728906072322,0.8998609179415855
0.07358125781871944,0.8998609179415855
0.07358962693357597,0.8998609179415855
0.07359799795245137,0.8998609179415855
0.07360637087599545,0.8998609179415855
0.0735009671179884,0.8984700973574409
0.07350933090578061,0.8984700973574409
0.07351769659724593,0.8984700973574409
0.07341224675620305,0.8970792767732962
0.07342060330108138,0.8970792767732962
0.07342896174863388,0.8970792767732962
0.07343732209951041,0.8970792767732962
0.07344568435436119,0.8970792767732962
0.07345404851383669,0.8970792767732962
0.0734624145785877,0.8970792767732962
0.0734707825492653,0.8970792767732962
0.07347915242652085,0.8970792767732962
0.07348752421100604,0.8970792767732962
0.07349589790337284,0.8970792767732962
0.07351265101436061,0.8970792767732962
0.07352103043428701,0.8970792767732962
0.07352941176470588,0.8970792767732962
0.07353779500627067,0.8970792767732962
0.07354618015963511,0.8970792767732962
0.0735545672254533,0.8970792767732962
0.07356295620437957,0.8970792767732962
0.07357134709706856,0.8970792767732962
0.07357973990417523,0.8970792767732962
0.07358813462635481,0.8970792767732962
0.0735965312642629,0.8970792767732962
0.07360492981855529,0.8970792767732962
0.07361333028988816,0.8970792767732962
0.07362173267891793,0.8970792767732962
0.07363013698630137,0.8970792767732962
0.07363854321269551,0.8970792767732962
0.0736469513587577,0.8970792767732962
0.0736553614251456,0.8970792767732962
0.07366377341251713,0.8970792767732962
0.07367218732153055,0.8970792767732962
0.07368060315284441,0.8970792767732962
0.07368902090711756,0.8970792767732962
0.07369744058500914,0.8970792767732962
0.0737058621871786,0.8970792767732962
0.07371428571428572,0.8970792767732962
0.07372271116699051,0.8970792767732962
0.07373113854595337,0.8970792767732962
0.07373956785183491,0.8970792767732962
0.07374799908529614,0.8970792767732962
0.07375643224699828,0.8970792767732962
0.07376486733760293,0.8970792767732962
0.07377330435777193,0.8970792767732962
0.07378174330816746,0.8970792767732962
0.073790184189452,0.8970792767732962
0.07379862700228833,0.8970792767732962
0.07380707174733951,0.8970792767732962
0.0738239670367403,0.8970792767732962
0.07383241758241758,0.8970792767732962
0.07384087006296508,0.8970792767732962
0.0738493244790474,0.8970792767732962
0.07385778083132943,0.8970792767732962
0.0738662391204764,0.8970792767732962
0.07387469934715382,0.8970792767732962
0.07388316151202749,0.8970792767732962
0.07389162561576355,0.8970792767732962
0.07390009165902842,0.8970792767732962
0.07390855964248882,0.8970792767732962
0.07391702956681183,0.8970792767732962
0.07392550143266476,0.8970792767732962
0.07393397524071527,0.8970792767732962
0.07394245099163133,0.8970792767732962
0.07395092868608118,0.8970792767732962
0.0739594083247334,0.8970792767732962
0.07385321100917432,0.8956884561891516
0.07386168138547998,0.8956884561891516
0.07387015370497821,0.8956884561891516
0.07387862796833773,0.8956884561891516
0.07377237264800367,0.894297635605007
0.07378083763625932,0.894297635605007
0.07378930456736287,0.894297635605007
0.07379777344198324,0.894297635605007
0.07380624426078972,0.894297635605007
0.07381471702445185,0.894297635605007
0.07370838117106773,0.8929068150208623
0.07371684464347227,0.8929068150208623
0.07372531005971521,0.8929068150208623
0.07373377742046629,0.8929068150208623
0.0737422467263956,0.8929068150208623
0.07375071797817347,0.8929068150208623
0.07375919117647059,0.8929068150208623
0.07376766632195794,0.8929068150208623
0.07377614341530683,0.8929068150208623
0.07378462245718882,0.8929068150208623
0.07379310344827586,0.8929068150208623
0.07380158638924014,0.8929068150208623
0.07369510232237296,0.8915159944367177
0.0737035759457284,0.8915159944367177
0.07371205151793929,0.8915159944367177
0.07372052903967798,0.8915159944367177
0.0737290085116172,0.8915159944367177
0.07373748993443,0.8915159944367177
0.0737459733087897,0.8915159944367177
0.07375445863536992,0.8915159944367177
0.07376294591484465,0.8915159944367177
0.07377143514788813,0.8915159944367177
0.07377992633517495,0.8915159944367177
0.07378841947737999,0.8915159944367177
0.07379691457517845,0.8915159944367177
0.0736902705814623,0.8901251738525731
0.07369875633348687,0.8901251738525731
0.07370724404007832,0.8901251738525731
0.073715733701912,0.8901251738525731
0.07372422531966363,0.8901251738525731
0.07373271889400922,0.8901251738525731
0.07374121442562508,0.8901251738525731
0.07374971191518784,0.8901251738525731
0.07375821136337443,0.8901251738525731
0.07376671277086215,0.8901251738525731
0.07377521613832853,0.8901251738525731
0.07378372146645146,0.8901251738525731
0.07379222875590914,0.8901251738525731
0.07380073800738007,0.8901251738525731
0.07380924922154307,0.8901251738525731
0.07381776239907728,0.8901251738525731
0.07382627754066214,0.8901251738525731
0.07383479464697738,0.8901251738525731
0.07384331371870313,0.8901251738525731
0.07385183475651973,0.8901251738525731
0.0738603577611079,0.8901251738525731
0.07386888273314866,0.8901251738525731
0.07387740967332333,0.8901251738525731
0.07388593858231356,0.8901251738525731
0.07389446946080129,0.8901251738525731
0.07390300230946882,0.8901251738525731
0.07391153712899873,0.8901251738525731
0.07392007392007392,0.8901251738525731
0.07381309922605983,0.8887343532684284
0.07382162661737524,0.8887343532684284
0.07383015597920277,0.8887343532684284
0.07383868731222556,0.8887343532684284
0.07384722061712701,0.8887343532684284
0.07385575589459084,0.8887343532684284
0.07386429314530112,0.8887343532684284
0.0738728323699422,0.8887343532684284
0.07388137356919876,0.8887343532684284
0.07388991674375578,0.8887343532684284
0.0738984618942986,0.8887343532684284
0.07390700902151284,0.8887343532684284
0.07391555812608444,0.8887343532684284
0.07392410920869967,0.8887343532684284
0.07393266227004512,0.8887343532684284
0.07394121731080769,0.8887343532684284
0.07394977433167457,0.8887343532684284
0.07395833333333333,0.8887343532684284
0.07396689431647181,0.8887343532684284
0.07397545728177819,0.8887343532684284
0.07398402222994095,0.8887343532684284
0.07399258916164891,0.8887343532684284
0.0740011580775912,0.8887343532684284
0.07400972897845726,0.8887343532684284
0.07401830186493687,0.8887343532684284
0.07402687673772011,0.8887343532684284
0.0740354535974974,0.8887343532684284
0.07404403244495944,0.8887343532684284
0.0740526132807973,0.8887343532684284
0.07406119610570236,0.8887343532684284
0.0740697809203663,0.8887343532684284
0.0740783677254811,0.8887343532684284
0.07408695652173913,0.8887343532684284
0.07409554730983302,0.8887343532684284
0.07410414009045575,0.8887343532684284
0.07411273486430063,0.8887343532684284
0.07412133163206125,0.8887343532684284
0.07412993039443155,0.8887343532684284
0.07413853115210581,0.8887343532684284
0.07415573865614483,0.8887343532684284
0.07416434540389973,0.8887343532684284
0.07417295414973883,0.8887343532684284
0.07418156489435802,0.8887343532684284
0.0741901776384535,0.8887343532684284
0.07419879238272178,0.8887343532684284
0.07420740912785971,0.8887343532684284
0.07421602787456447,0.8887343532684284
0.0742246486235335,0.8887343532684284
0.07423327137546469,0.8887343532684284
0.07424189613105611,0.8887343532684284
0.07425052289100627,0.8887343532684284
0.07425915165601395,0.8887343532684284
0.07426778242677824,0.8887343532684284
0.07427641520399861,0.8887343532684284
0.07428504998837479,0.8887343532684284
0.07429368678060691,0.8887343532684284
0.07430232558139535,0.8887343532684284
0.07431096639144087,0.8887343532684284
0.07431960921144452,0.8887343532684284
0.07432825404210772,0.8887343532684284
0.07433690088413215,0.8887343532684284
0.0743455497382199,0.8887343532684284
0.0743542006050733,0.8887343532684284
0.07436285348539509,0.8887343532684284
0.07437150837988826,0.8887343532684284
0.0743801652892562,0.8887343532684284
0.07438882421420256,0.8887343532684284
0.07439748515543136,0.8887343532684284
0.07441481308955397,0.8887343532684284
0.07442348008385745,0.8887343532684284
0.07443214909726267,0.8887343532684284
0.0744408201304753,0.8887343532684284
0.07444949318420133,0.8887343532684284
0.07445816825914706,0.8887343532684284
0.0744668453560191,0.8887343532684284
0.07447552447552448,0.8887343532684284
0.07448420561837044,0.8887343532684284
0.07437631149452087,0.8873435326842837
0.07438498309432202,0.8873435326842837
0.07439365671641791,0.8873435326842837
0.07440233236151604,0.8873435326842837
0.07441101003032424,0.8873435326842837
0.07441968972355069,0.8873435326842837
0.07442837144190387,0.8873435326842837
0.07443705518609264,0.8873435326842837
0.07444574095682614,0.8873435326842837
0.07445442875481387,0.8873435326842837
0.07446311858076564,0.8873435326842837
0.07447181043539162,0.8873435326842837
0.07448050431940229,0.8873435326842837
0.07448920023350847,0.8873435326842837
0.0744978981784213,0.8873435326842837
0.07450659815485228,0.8873435326842837
0.0745153001635132,0.8873435326842837
0.07452400420511622,0.8873435326842837
0.07453271028037384,0.8873435326842837
0.07454141838999884,0.8873435326842837
0.07455012853470437,0.8873435326842837
0.07455884071520393,0.8873435326842837
0.07456755493221132,0.8873435326842837
0.07457627118644068,0.8873435326842837
0.0745849894786065,0.8873435326842837
0.07459370980942359,0.8873435326842837
0.0746024321796071,0.8873435326842837
0.07461115658987252,0.8873435326842837
0.07450292397660818,0.885952712100139
0.07451163878816236,0.885952712100139
0.07440336920917173,0.8845618915159944
0.07441207441207441,0.8845618915159944
0.07442078165223497,0.8845618915159944
0.07442949093036863,0.8845618915159944
0.07443820224719101,0.8845618915159944
0.074446915603418,0.8845618915159944
0.07433856239756498,0.8831710709318498
0.07434726612808805,0.8831710709318498
0.0743559718969555,0.8831710709318498
0.07436467970488347,0.8831710709318498
0.07437338955258843,0.8831710709318498
0.07426496427316387,0.8817802503477051
0.07427366447985005,0.8817802503477051
0.07428236672524897,0.8817802503477051
0.07429107101007734,0.8817802503477051
0.07429977733505215,0.8817802503477051
0.07430848570089077,0.8817802503477051
0.07419997655608955,0.8803894297635605
0.0742086752637749,0.8803894297635605
0.07421737601125572,0.8803894297635605
0.07422607879924953,0.8803894297635605
0.07423478362847426,0.8803894297635605
0.07424349049964814,0.8803894297635605
0.07425219941348973,0.8803894297635605
0.07426091037071797,0.8803894297635605
0.07426962337205209,0.8803894297635605
0.07427833841821169,0.8803894297635605
0.07428705550991668,0.8803894297635605
0.07429577464788732,0.8803894297635605
0.07430449583284424,0.8803894297635605
0.07431321906550833,0.8803894297635605
0.07432194434660092,0.8803894297635605
0.07433067167684358,0.8803894297635605
0.07433940105695831,0.8803894297635605
0.07434813248766738,0.8803894297635605
0.07423939856689768,0.8789986091794159
0.07424812030075188,0.8789986091794159
0.07425684408412643,0.8789986091794159
0.07426556991774383,0.8789986091794159
0.07427429780232694,0.8789986091794159
0.07428302773859896,0.8789986091794159
0.07429175972728341,0.8789986091794159
0.07430049376910416,0.8789986091794159
0.07430922986478541,0.8789986091794159
0.07431796801505174,0.8789986091794159
0.07432670822062801,0.8789986091794159
0.07433545048223947,0.8789986091794159
0.07422656158099047,0.8776077885952712
0.07423529411764705,0.8776077885952712
0.07424402870925992,0.8776077885952712
0.07425276535655448,0.8776077885952712
0.07426150406025656,0.8776077885952712
0.07427024482109228,0.8776077885952712
0.07427898763978812,0.8776077885952712
0.07428773251707087,0.8776077885952712
0.07429647945366773,0.8776077885952712
0.07430522845030617,0.8776077885952712
0.07431397950771405,0.8776077885952712
0.07432273262661955,0.8776077885952712
0.0743314878077512,0.8776077885952712
0.0743402450518379,0.8776077885952712
0.07434900435960881,0.8776077885952712
0.07435776573179355,0.8776077885952712
0.07436652916912198,0.8776077885952712
0.07437529467232437,0.8776077885952712
0.07438406224213132,0.8776077885952712
0.07439283187927376,0.8776077885952712
0.07440160358448296,0.8776077885952712
0.07441037735849057,0.8776077885952712
0.07441915320202853,0.8776077885952712
0.07442793111582921,0.8776077885952712
0.07443671110062522,0.8776077885952712
0.0744454931571496,0.8776077885952712
0.0744542772861357,0.8776077885952712
0.0744630634883172,0.8776077885952712
0.07447185176442818,0.8776077885952712
0.07448064211520303,0.8776077885952712
0.07448943454137646,0.8776077885952712
0.07449822904368358,0.8776077885952712
0.07438894792773645,0.8762169680111266
0.07439773264052905,0.8762169680111266
0.07428841384197472,0.874826147426982
0.07429718875502007,0.874826147426982
0.07430596574128766,0.874826147426982
0.07431474480151229,0.874826147426982
0.07420536452794517,0.8734353268428373
0.07421413377452139,0.8734353268428373
0.07422290509396053,0.8734353268428373
0.07423167848699763,0.8734353268428373
0.07424045395436812,0.8734353268428373
0.07413976587442356,0.8720445062586927
0.07414853358561968,0.8720445062586927
0.07415730337078652,0.8720445062586927
0.07404778802933523,0.8706536856745479
0.0740565479711345,0.8706536856745479
0.07406530998580217,0.8706536856745479
0.07407407407407407,0.8706536856745479
0.07396449704142012,0.8692628650904033
0.07397325127233992,0.8692628650904033
0.07398200757575757,0.8692628650904033
0.07399076595240914,0.8692628650904033
0.07399952640303102,0.8692628650904033
0.07400828892835998,0.8692628650904033
0.07401705352913311,0.8692628650904033
0.07390737889375815,0.8678720445062587
0.07391613361762615,0.8678720445062587
0.0739248904158275,0.8678720445062587
0.07393364928909953,0.8678720445062587
0.07394241023817988,0.8678720445062587
0.07395117326380658,0.8678720445062587
0.07395993836671803,0.8678720445062587
0.07396870554765292,0.8678720445062587
0.07385892116182573,0.866481223922114
0.07386767844439175,0.866481223922114
0.07387643780386577,0.866481223922114
0.07388519924098672,0.866481223922114
0.07389396275649389,0.866481223922114
0.07390272835112693,0.866481223922114
0.07391149602562581,0.866481223922114
0.0739202657807309,0.866481223922114
0.07392903761718286,0.866481223922114
0.07393781153572276,0.866481223922114
0.07394658753709199,0.866481223922114
0.07395536562203228,0.866481223922114
0.07396414579128577,0.866481223922114
0.07397292804559487,0.866481223922114
0.0739817123857024,0.866481223922114
0.07399049881235155,0.866481223922114
0.07399928732628579,0.866481223922114
0.074008077928249,0.866481223922114
0.07401687061898539,0.866481223922114
0.07402566539923955,0.866481223922114
0.0740344622697564,0.866481223922114
0.0740432612312812,0.866481223922114
0.07405206228455961,0.866481223922114
0.07406086543033762,0.866481223922114
0.07406967066936156,0.866481223922114
0.07407847800237811,0.866481223922114
0.07408728743013437,0.866481223922114
0.07409609895337774,0.866481223922114
0.07410491257285595,0.866481223922114
0.07411372828931716,0.866481223922114
0.07400356930398572,0.8650904033379694
0.07401237505949548,0.8650904033379694
0.07402999285884314,0.8650904033379694
0.07403880490417808,0.8650904033379694
0.07404761904761904,0.8650904033379694
0.07405643528991547,0.8650904033379694
0.0740652536318171,0.8650904033379694
0.07407407407407407,0.8650904033379694
0.07408289661743687,0.8650904033379694
0.07409172126265634,0.8650904033379694
0.07410054801048369,0.8650904033379694
0.07410937686167043,0.8650904033379694
0.07411820781696854,0.8650904033379694
0.07412704087713026,0.8650904033379694
0.07413587604290822,0.8650904033379694
0.07414471331505543,0.8650904033379694
0.0740343347639485,0.8636995827538247
0.07404316203648503,0.8636995827538247
0.07405199141426186,0.8636995827538247
0.0740608228980322,0.8636995827538247
0.07395038167938932,0.8623087621696801
0.07395920314923059,0.8623087621696801
0.07384872345502266,0.8609179415855355
0.07385753490036988,0.8609179415855355
0.07386634844868735,0.8609179415855355
0.07387516410072802,0.8609179415855355
0.07388398185724517,0.8609179415855355
0.07377342724125582,0.8595271210013908
0.07378223495702006,0.8595271210013908
0.0737910447761194,0.8595271210013908
0.07379985669930739,0.8595271210013908
0.07380867072733788,0.8595271210013908
0.07381748686096512,0.8595271210013908
0.07382630510094373,0.8595271210013908
0.07383512544802867,0.8595271210013908
0.07384394790297527,0.8595271210013908
0.0738527724665392,0.8595271210013908
0.07386159913947651,0.8595271210013908
0.07387042792254363,0.8595271210013908
0.0738792588164973,0.8595271210013908
0.07376853180296508,0.8581363004172462
0.07377735262465622,0.8581363004172462
0.07378617555608706,0.8581363004172462
0.0737950005980146,0.8581363004172462
0.07380382775119618,0.8581363004172462
0.07381265701638952,0.8581363004172462
0.07382148839435272,0.8581363004172462
0.07383032188584421,0.8581363004172462
0.07383915749162279,0.8581363004172462
0.07384799521244764,0.8581363004172462
0.07385683504907829,0.8581363004172462
0.07386567700227463,0.8581363004172462
0.07387452107279693,0.8581363004172462
0.07388336726140582,0.8581363004172462
0.07389221556886227,0.8581363004172462
0.07390106599592766,0.8581363004172462
0.07390991854336368,0.8581363004172462
0.07391877321193244,0.8581363004172462
0.07392763000239636,0.8581363004172462
0.07393648891551828,0.8581363004172462
0.07394534995206137,0.8581363004172462
0.07395421311278916,0.8581363004172462
0.0739630783984656,0.8581363004172462
0.07397194580985493,0.8581363004172462
0.07398081534772183,0.8581363004172462
0.07398968701283128,0.8581363004172462
0.07399856080594867,0.8581363004172462
0.07400743672783976,0.8581363004172462
0.07401631477927063,0.8581363004172462
0.0740251949610078,0.8581363004172462
0.0740340772738181,0.8581363004172462
0.07404296171846873,0.8581363004172462
0.07405184829572732,0.8581363004172462
0.07406073700636179,0.8581363004172462
0.07406962785114046,0.8581363004172462
0.07407852083083204,0.8581363004172462
0.07408741594620558,0.8581363004172462
0.0740963131980305,0.8581363004172462
0.07410521258707663,0.8581363004172462
0.07411411411411412,0.8581363004172462
0.07400288322921672,0.8567454798331016
0.07401177460050462,0.8567454798331016
0.07402066810862773,0.8567454798331016
0.07390938589111885,0.8553546592489569
0.07379807692307692,0.8539638386648123
0.07380694795047482,0.8539638386648123
0.07381582111084395,0.8539638386648123
0.0738246964049537,0.8539638386648123
0.07383357383357383,0.8539638386648123
0.07384245339747444,0.8539638386648123
0.07385133509742603,0.8539638386648123
0.07386021893419945,0.8539638386648123
0.07386910490856594,0.8539638386648123
0.07387799302129708,0.8539638386648123
0.07388688327316487,0.8539638386648123
0.07389577566494163,0.8539638386648123
0.0739046701974001,0.8539638386648123
0.07379318646924281,0.8525730180806675
0.07380207079219842,0.8525730180806675
0.07381095725466587,0.8525730180806675
0.07381984585741812,0.8525730180806675
0.07382873660122848,0.8525730180806675
0.07383762948687063,0.8525730180806675
0.07384652451511867,0.8525730180806675
0.07385542168674698,0.8525730180806675
0.07386432100253043,0.8525730180806675
0.07387322246324415,0.8525730180806675
0.07389993972272453,0.8525730180806675
0.07390884977091873,0.8525730180806675
0.07391776196792475,0.8525730180806675
0.07392667631452002,0.8525730180806675
0.07393559281148233,0.8525730180806675
0.0738238841978287,0.8511821974965229
0.0738327904451683,0.8511821974965229
0.07384169884169885,0.8511821974965229
0.07385060938819839,0.8511821974965229
0.07385952208544533,0.8511821974965229
0.07386843693421846,0.8511821974965229
0.07387735393529696,0.8511821974965229
0.07388627308946034,0.8511821974965229
0.07390411786016182,0.8511821974965229
0.07391304347826087,0.8511821974965229
0.07392197125256673,0.8511821974965229
0.07381009905774341,0.8497913769123783
0.07381901655189078,0.8497913769123783
0.07382793620106332,0.8497913769123783
0.0738368580060423,0.8497913769123783
0.07384578196760938,0.8497913769123783
0.0738547080865466,0.8497913769123783
0.07374274661508703,0.8484005563282336
0.07375166243501391,0.8484005563282336
0.07376058041112454,0.8484005563282336
0.07376950054420123,0.8484005563282336
0.07377842283502661,0.8484005563282336
0.0737873472843837,0.8484005563282336
0.07379627389305589,0.8484005563282336
0.07380520266182698,0.8484005563282336
0.07381413359148112,0.8484005563282336
0.07382306668280286,0.8484005563282336
0.0738320019365771,0.8484005563282336
0.07384093935358915,0.8484005563282336
0.07384987893462469,0.8484005563282336
0.0738588206804698,0.8484005563282336
0.07386776459191087,0.8484005563282336
0.07387671066973477,0.8484005563282336
0.07388565891472869,0.8484005563282336
0.07389460932768019,0.8484005563282336
0.07390356190937727,0.8484005563282336
0.07391251666060826,0.8484005563282336
0.0739214735821619,0.8484005563282336
0.07393939393939394,0.8484005563282336
0.07394835737665172,0.8484005563282336
0.07395732298739088,0.8484005563282336
0.07396629077240209,0.8484005563282336
0.07397526073247636,0.8484005563282336
0.07386294724075197,0.847009735744089
0.07387190684133915,0.847009735744089
0.07388086861579522,0.847009735744089
0.07388983256491143,0.847009735744089
0.07389879868947943,0.847009735744089
0.07390776699029127,0.847009735744089
0.07391673746813934,0.847009735744089
0.07392571012381646,0.847009735744089
0.07393468495811582,0.847009735744089
0.07394366197183098,0.847009735744089
0.07395264116575592,0.847009735744089
0.07396162254068496,0.847009735744089
0.07397060609741285,0.847009735744089
0.07397959183673469,0.847009735744089
0.07398857975944599,0.847009735744089
0.07399756986634265,0.847009735744089
0.07400656215822092,0.847009735744089
0.07401555663587749,0.847009735744089
0.0740245533001094,0.847009735744089
0.07404255319148936,0.847009735744089
0.07405155642023346,0.847009735744089
0.07406056183874499,0.847009735744089
0.07394794453904159,0.8456189151599444
0.0739569395450675,0.8456189151599444
0.07396593673965937,0.8456189151599444
0.07397493612361601,0.8456189151599444
0.07398393769773667,0.8456189151599444
0.07399294146282098,0.8456189151599444
0.07400194741966894,0.8456189151599444
0.07401095556908095,0.8456189151599444
0.0740199659118578,0.8456189151599444
0.07402897844880069,0.8456189151599444
0.07403799318071115,0.8456189151599444
0.07404701010839118,0.8456189151599444
0.07405602923264312,0.8456189151599444
0.0740650505542697,0.8456189151599444
0.07407407407407407,0.8456189151599444
0.07408309979285975,0.8456189151599444
0.0739702656592737,0.8442280945757997
0.07397928092626448,0.8442280945757997
0.07398829839102877,0.8442280945757997
0.07399731805437035,0.8442280945757997
0.07400633991709339,0.8442280945757997
0.07389342763077673,0.8428372739916551
0.07390243902439024,0.8428372739916551
0.0739114526161727,0.8428372739916551
0.07379848743595999,0.8414464534075105
0.07380749054532146,0.8414464534075105
0.07381649585163494,0.8414464534075105
0.07370347773032337,0.8400556328233658
0.07372146954717441,0.8400556328233658
0.07373046875,0.8400556328233658
0.07373947015016481,0.8400556328233658
0.07374847374847375,0.8400556328233658
0.07375747954573209,0.8400556328233658
0.07376648754274548,0.8400556328233658
0.07377549774032002,0.8400556328233658
0.07378451013926215,0.8400556328233658
0.07379352474037874,0.8400556328233658
0.07380254154447703,0.8400556328233658
0.07381156055236465,0.8400556328233658
0.07382058176484967,0.8400556328233658
0.0738296051827405,0.8400556328233658
0.07383863080684597,0.8400556328233658
0.07384765863797531,0.8400556328233658
0.07385668867693812,0.8400556328233658
0.07386572092454445,0.8400556328233658
0.07387475538160469,0.8400556328233658
0.07388379204892967,0.8400556328233658
0.07389283092733057,0.8400556328233658
0.07390187201761898,0.8400556328233658
0.07391091532060695,0.8400556328233658
0.07391996083710684,0.8400556328233658
0.07392900856793146,0.8400556328233658
0.07393805851389398,0.8400556328233658
0.07394711067580803,0.8400556328233658
0.07395616505448757,0.8400556328233658
0.073965221650747,0.8400556328233658
0.0739742804654011,0.8400556328233658
0.07398334149926507,0.8400556328233658
0.07399240475315448,0.8400556328233658
0.07400147022788532,0.8400556328233658
0.07401053792427399,0.8400556328233658
0.07401960784313726,0.8400556328233658
0.07402867998529232,0.8400556328233658
0.07403775435155675,0.8400556328233658
0.07404683094274855,0.8400556328233658
0.07405590975968612,0.8400556328233658
0.07406499080318822,0.8400556328233658
0.07407407407407407,0.8400556328233658
0.07408315957316325,0.8400556328233658
0.07409224730127575,0.8400556328233658
0.074101337259232,0.8400556328233658
0.07411042944785276,0.8400556328233658
0.07411952386795925,0.8400556328233658
0.0741286205203731,0.8400556328233658
0.07413771940591629,0.8400556328233658
0.07414682052541124,0.8400556328233658
0.07415592387968079,0.8400556328233658
0.07416502946954813,0.8400556328233658
0.07417413729583691,0.8400556328233658
0.07418324735937117,0.8400556328233658
0.07419235966097532,0.8400556328233658
0.0742014742014742,0.8400556328233658
0.07421059098169308,0.8400556328233658
0.07421971000245761,0.8400556328233658
0.07422883126459383,0.8400556328233658
0.07423795476892822,0.8400556328233658
0.07424708051628764,0.8400556328233658
0.07425620850749938,0.8400556328233658
0.07426533874339113,0.8400556328233658
0.07427447122479094,0.8400556328233658
0.07416974169741697,0.8386648122392212
0.07405584942797393,0.8372739916550765
0.07406496062992125,0.8372739916550765
0.07407407407407407,0.8372739916550765
0.07396012798424809,0.8358831710709318
0.07396923076923077,0.8358831710709318
0.0739783357951748,0.8358831710709318
0.07398744306290779,0.8358831710709318
0.07399655257325782,0.8358831710709318
0.07388252678241596,0.8344923504867872
0.07389162561576355,0.8344923504867872
0.07390072669047912,0.8344923504867872
0.07390983000739099,0.8344923504867872
0.07391893556732783,0.8344923504867872
0.07392804337111877,0.8344923504867872
0.07393715341959335,0.8344923504867872
0.07394626571358147,0.8344923504867872
0.07383212128682362,0.8331015299026425
0.07384122287968442,0.8331015299026425
0.07385032671680435,0.8331015299026425
0.07385943279901357,0.8331015299026425
0.07386854112714268,0.8331015299026425
0.07387765170202269,0.8331015299026425
0.07388676452448502,0.8331015299026425
0.07389587959536147,0.8331015299026425
0.07390499691548427,0.8331015299026425
0.07391411648568608,0.8331015299026425
0.07392323830679995,0.8331015299026425
0.07393236237965935,0.8331015299026425
0.07394148870509813,0.8331015299026425
0.07395061728395062,0.8331015299026425
0.07395974811705149,0.8331015299026425
0.07396888120523586,0.8331015299026425
0.07397801654933926,0.8331015299026425
0.07398715415019763,0.8331015299026425
0.07399629400864731,0.8331015299026425
0.07400543612552508,0.8331015299026425
0.0740145805016681,0.8331015299026425
0.07402372713791398,0.8331015299026425
0.07403287603510073,0.8331015299026425
0.07404202719406675,0.8331015299026425
0.07405118061565089,0.8331015299026425
0.07406033630069238,0.8331015299026425
0.07406949425003091,0.8331015299026425
0.07407865446450655,0.8331015299026425
0.0740878169449598,0.8331015299026425
0.07409698169223157,0.8331015299026425
0.07410614870716319,0.8331015299026425
0.07411531799059638,0.8331015299026425
0.07412448954337335,0.8331015299026425
0.07413366336633663,0.8331015299026425
0.07414283946032925,0.8331015299026425
0.07402822480812082,0.8317107093184979
0.0740373901200941,0.8317107093184979
0.07392273402674591,0.8303198887343533
0.07393188854489165,0.8303198887343533
0.07394104533069111,0.8303198887343533
0.07395020438498699,0.8303198887343533
0.0739593657086224,0.8303198887343533
0.07396852930244084,0.8303198887343533
0.07397769516728625,0.8303198887343533
0.07398686330400298,0.8303198887343533
0.0739960337134358,0.8303198887343533
0.07400520639642989,0.8303198887343533
0.0740143813538309,0.8303198887343533
0.07402355858648481,0.8303198887343533
0.0740327380952381,0.8303198887343533
0.07404191988093761,0.8303198887343533
0.07405110394443067,0.8303198887343533
0.07406029028656494,0.8303198887343533
0.07406947890818859,0.8303198887343533
0.07408786299329859,0.8303198887343533
0.0740970584584833,0.8303198887343533
0.07410625620655412,0.8303198887343533
0.07411545623836127,0.8303198887343533
0.0741246585547554,0.8303198887343533
0.07413386315658761,0.8303198887343533
0.0741430700447094,0.8303198887343533
0.0740280710470749,0.8289290681502086
0.07403726708074534,0.8289290681502086
0.0740464653994285,0.8289290681502086
0.0739314115308151,0.827538247566064
0.0739405989809867,0.827538247566064
0.07394978871488939,0.827538247566064
0.07395898073337477,0.827538247566064
0.07396817503729487,0.827538247566064
0.07397737162750218,0.827538247566064
0.07386222332753047,0.8261474269819193
0.07387140902872777,0.8261474269819193
0.07388059701492537,0.8261474269819193
0.073889787286976,0.8261474269819193
0.07389897984573277,0.8261474269819193
0.07390817469204927,0.8261474269819193
0.07391737182677949,0.8261474269819193
0.07392657125077785,0.8261474269819193
0.07393577296489919,0.8261474269819193
0.07382049047678327,0.8247566063977747
0.0738296812749004,0.8247566063977747
0.07383887436184784,0.8247566063977747
0.0738480697384807,0.8247566063977747
0.0738572674056545,0.8247566063977747
0.07386646736422521,0.8247566063977747
0.07387566961504921,0.8247566063977747
0.0738848741589833,0.8247566063977747
0.07389408099688473,0.8247566063977747
0.07390329012961117,0.8247566063977747
0.07391250155802069,0.8247566063977747
0.07392171528297183,0.8247566063977747
0.07393093130532352,0.8247566063977747
0.07394014962593516,0.8247566063977747
0.07394937024566654,0.8247566063977747
0.0739585931653779,0.8247566063977747
0.0738430834476737,0.8233657858136301
0.07385229540918163,0.8233657858136301
0.07386150966936993,0.8233657858136301
0.07387072622909907,0.8233657858136301
0.07387994508923,0.8233657858136301
0.07388916625062407,0.8233657858136301
0.07389838971414306,0.8233657858136301
0.07390761548064918,0.8233657858136301
0.07391684355100511,0.8233657858136301
0.07392607392607392,0.8233657858136301
0.07393530660671913,0.8233657858136301
0.07394454159380465,0.8233657858136301
0.07395377888819488,0.8233657858136301
0.07384730725977759,0.8219749652294854
0.0738565358660335,0.8219749652294854
0.0738657667791526,0.8219749652294854
0.073875,0.8219749652294854
0.07375921990248781,0.8205841446453408
0.07376844211052763,0.8205841446453408
0.07377766662498438,0.8205841446453408
0.07378689344672336,0.8205841446453408
0.07379612257661038,0.8205841446453408
0.07380535401551164,0.8205841446453408
0.07381458776429375,0.8205841446453408
0.07382382382382383,0.8205841446453408
0.07383306219496934,0.8205841446453408
0.07371714643304131,0.8191933240611962
0.07372637376392539,0.8191933240611962
0.07374483535745587,0.8191933240611962
0.07375406962183821,0.8191933240611962
0.07376330619912336,0.8191933240611962
0.07377254509018036,0.8191933240611962
0.07378178629587874,0.8191933240611962
0.07379102981708845,0.8191933240611962
0.0736749780729232,0.8178025034770514
0.07368421052631578,0.8178025034770514
0.07369344529389647,0.8178025034770514
0.07370268237653547,0.8178025034770514
0.07371192177510343,0.8178025034770514
0.07372116349047142,0.8178025034770514
0.07373040752351097,0.8178025034770514
0.07373965387509406,0.8178025034770514
0.07374890254609306,0.8178025034770514
0.07375815353738083,0.8178025034770514
0.07376740684983063,0.8178025034770514
0.07377666248431619,0.8178025034770514
0.07378592044171163,0.8178025034770514
0.07379518072289157,0.8178025034770514
0.07380444332873101,0.8178025034770514
0.07381370826010544,0.8178025034770514
0.07382297551789077,0.8178025034770514
0.07370668006027122,0.8164116828929068
0.07371593620494789,0.8164116828929068
0.07372519467470484,0.8164116828929068
0.07373445547041829,0.8164116828929068
0.07374371859296483,0.8164116828929068
0.07362734011810529,0.8150208623087621
0.07363659210856999,0.8150208623087621
0.07364584642453186,0.8150208623087621
0.07365510306686777,0.8150208623087621
0.07366436203645506,0.8150208623087621
0.07367362333417149,0.8150208623087621
0.07368288696089526,0.8150208623087621
0.07369215291750503,0.8150208623087621
0.0737014212048799,0.8150208623087621
0.07358490566037736,0.8136300417246175
0.07359416278777205,0.8136300417246175
0.07360342224458984,0.8136300417246175
0.07361268403171008,0.8136300417246175
0.07362194815001258,0.8136300417246175
0.0736312146003776,0.8136300417246175
0.0736404833836858,0.8136300417246175
0.07364975450081833,0.8136300417246175
0.07365902795265676,0.8136300417246175
0.07366830374008311,0.8136300417246175
0.07367758186397985,0.8136300417246175
0.07368686232522988,0.8136300417246175
0.07369614512471655,0.8136300417246175
0.07370543026332367,0.8136300417246175
0.07371471774193548,0.8136300417246175
0.07372400756143667,0.8136300417246175
0.07373329972271238,0.8136300417246175
0.07374259422664818,0.8136300417246175
0.0737518910741301,0.8136300417246175
0.07376119026604464,0.8136300417246175
0.07377049180327869,0.8136300417246175
0.07365367637785344,0.8122392211404729
0.07366296670030273,0.8122392211404729
0.07367225936672134,0.8122392211404729
0.07355538733282867,0.8108484005563282
0.07356466876971608,0.8108484005563282
0.07357395254921757,0.8108484005563282
0.07358323867222012,0.8108484005563282
0.0735925271396112,0.8108484005563282
0.07347557126625426,0.8094575799721836
0.07348484848484849,0.8094575799721836
0.07349412804647051,0.8094575799721836
0.07350340995200809,0.8094575799721836
0.07351269420234938,0.8094575799721836
0.07352198079838303,0.8094575799721836
0.0735312697409981,0.8094575799721836
0.07354056103108415,0.8094575799721836
0.07354985466953115,0.8094575799721836
0.07355915065722952,0.8094575799721836
0.07356844899507016,0.8094575799721836
0.07345132743362832,0.808066759388039
0.07346990389479009,0.808066759388039
0.07347919564942457,0.808066759388039
0.07348848975461675,0.808066759388039
0.0734977862112587,0.808066759388039
0.07350708502024292,0.808066759388039
0.07351638618246235,0.808066759388039
0.07352568969881043,0.808066759388039
0.07353499557018099,0.808066759388039
0.07354430379746836,0.808066759388039
0.07355361438156728,0.808066759388039
0.07356292732337301,0.808066759388039
0.07357224262378119,0.808066759388039
0.07358156028368794,0.808066759388039
0.07359088030398987,0.808066759388039
0.0736095274293678,0.808066759388039
0.07350145735648207,0.8066759388038943
0.07351077313054499,0.8066759388038943
0.0735200912663202,0.8066759388038943
0.07353873462660074,0.8066759388038943
0.07354805985290389,0.8066759388038943
0.0735573874445149,0.8066759388038943
0.07356671740233384,0.8066759388038943
0.0735760497272612,0.8066759388038943
0.07358538442019792,0.8066759388038943
0.07359472148204542,0.8066759388038943
0.07360406091370558,0.8066759388038943
0.07361340271608072,0.8066759388038943
0.07362274689007363,0.8066759388038943
0.07363209343658754,0.8066759388038943
0.07364144235652616,0.8066759388038943
0.07365079365079365,0.8066759388038943
0.07366014732029465,0.8066759388038943
0.07366950336593421,0.8066759388038943
0.07367886178861789,0.8066759388038943
0.07368822258925169,0.8066759388038943
0.07369758576874205,0.8066759388038943
0.07370695132799593,0.8066759388038943
0.07371631926792069,0.8066759388038943
0.07372568958942417,0.8066759388038943
0.0737350622934147,0.8066759388038943
0.07374443738080101,0.8066759388038943
0.07375381485249237,0.8066759388038943
0.07376319470939845,0.8066759388038943
0.07364538285423557,0.8052851182197497
0.07352754102531485,0.803894297635605
0.07353689567430026,0.803894297635605
0.07354625270390636,0.803894297635605
0.073555612115042,0.803894297635605
0.07356497390861652,0.803894297635605
0.07357433808553972,0.803894297635605
0.07358370464672183,0.803894297635605
0.0735930735930736,0.803894297635605
0.07360244492550617,0.803894297635605
0.07361181864493123,0.803894297635605
0.07362119475226085,0.803894297635605
0.07363057324840765,0.803894297635605
0.07363995413428462,0.803894297635605
0.0736493374108053,0.803894297635605
0.07353128584172296,0.8025034770514604
0.07354065765995411,0.8025034770514604
0.0734225621414914,0.8011126564673157
0.07330443651198368,0.799721835883171
0.0731862807599133,0.7983310152990264
0.07319561336393778,0.7983310152990264
0.07320494834842495,0.7983310152990264
0.07321428571428572,0.7983310152990264
0.07322362546243143,0.7983310152990264
0.07323296759377393,0.7983310152990264
0.07311471226234528,0.7969401947148818
0.07312404287901991,0.7969401947148818
0.07313337587747287,0.7969401947148818
0.0731427112586163,0.7969401947148818
0.0731520490233627,0.7969401947148818
0.07316138917262513,0.7969401947148818
0.07317073170731707,0.7969401947148818
0.07318007662835249,0.7969401947148818
0.0731894239366458,0.7969401947148818
0.0731987736331119,0.7969401947148818
0.07320812571866615,0.7969401947148818
0.07322683706070288,0.7969401947148818
0.0732361963190184,0.7969401947148818
0.07324555797008821,0.7969401947148818
0.07325492201482997,0.7969401947148818
0.07326428845416187,0.7969401947148818
0.07327365728900256,0.7969401947148818
0.07328302852027113,0.7969401947148818
0.07329240214888719,0.7969401947148818
0.07330177817577076,0.7969401947148818
0.07331115660184237,0.7969401947148818
0.07332053742802304,0.7969401947148818
0.0733299206552342,0.7969401947148818
0.0733393062843978,0.7969401947148818
0.07334869431643626,0.7969401947148818
0.07323006017155294,0.7955493741307371
0.07323943661971831,0.7955493741307371
0.07324881546933026,0.7955493741307371
0.07325819672131148,0.7955493741307371
0.07326758037658511,0.7955493741307371
0.07327696643607481,0.7955493741307371
0.07328635490070468,0.7955493741307371
0.07329574577139929,0.7955493741307371
0.07330513904908369,0.7955493741307371
0.07331453473468341,0.7955493741307371
0.07332393282912447,0.7955493741307371
0.07333333333333333,0.7955493741307371
0.07334273624823695,0.7955493741307371
0.07335214157476276,0.7955493741307371
0.07336154931383866,0.7955493741307371
0.07337095946639302,0.7955493741307371
0.07338037203335472,0.7955493741307371
0.07338978701565306,0.7955493741307371
0.07339920441421789,0.7955493741307371
0.07340862422997947,0.7955493741307371
0.07341804646386857,0.7955493741307371
0.07342747111681643,0.7955493741307371
0.07343689818975478,0.7955493741307371
0.07344632768361582,0.7955493741307371
0.07345575959933222,0.7955493741307371
0.07346519393783714,0.7955493741307371
0.07347463070006423,0.7955493741307371
0.07348406988694758,0.7955493741307371
0.07337445386790029,0.7941585535465925
0.07338388381956047,0.7941585535465925
0.07339331619537275,0.7941585535465925
0.07340275099627201,0.7941585535465925
0.07341218822319362,0.7941585535465925
0.07342162787707342,0.7941585535465925
0.07343106995884774,0.7941585535465925
0.07331189710610933,0.7927677329624478
0.0733213275019295,0.7927677329624478
0.07333076032419915,0.7927677329624478
0.07334019557385486,0.7927677329624478
0.07334963325183375,0.7927677329624478
0.07335907335907337,0.7927677329624478
0.07336851589651178,0.7927677329624478
0.07337796086508754,0.7927677329624478
0.07338740826573967,0.7927677329624478
0.07339685809940767,0.7927677329624478
0.07340631036703155,0.7927677329624478
0.07341576506955177,0.7927677329624478
0.07342522220790931,0.7927677329624478
0.0734346817830456,0.7927677329624478
0.07344414379590258,0.7927677329624478
0.07345360824742268,0.7927677329624478
0.07346307513854879,0.7927677329624478
0.07347254447022429,0.7927677329624478
0.0733531004254222,0.7913769123783032
0.07323362558019597,0.7899860917941586
0.07324306898774983,0.7899860917941586
0.07325251483105494,0.7899860917941586
0.07326196311105379,0.7899860917941586
0.07327141382868937,0.7899860917941586
0.07328086698490517,0.7899860917941586
0.07329032258064516,0.7899860917941586
0.07317073170731707,0.7885952712100139
0.07318017552916882,0.7885952712100139
0.07306053956370208,0.7872044506258693
0.07306997159824426,0.7872044506258693
0.07307940606843125,0.7872044506258693
0.07308884297520661,0.7872044506258693
0.07296913341082267,0.7858136300417247
0.07284939292172565,0.7844228094575799
0.07285880377212246,0.7844228094575799
0.07286821705426356,0.7844228094575799
0.07287763276909161,0.7844228094575799
0.07288705091754975,0.7844228094575799
0.07289647150058162,0.7844228094575799
0.07290589451913133,0.7844228094575799
0.07291531997414351,0.7844228094575799
0.07292474786656322,0.7844228094575799
0.0729341781973361,0.7844228094575799
0.07295304617772604,0.7844228094575799
0.07296248382923674,0.7844228094575799
0.07297192392288783,0.7844228094575799
0.07298136645962733,0.7844228094575799
0.07299081144040379,0.7844228094575799
0.07300025886616619,0.7844228094575799
0.07300970873786408,0.7844228094575799
0.07301916105644744,0.7844228094575799
0.07302861582286677,0.7844228094575799
0.07303807303807304,0.7844228094575799
0.07304753270301774,0.7844228094575799
0.07305699481865285,0.7844228094575799
0.07306645938593082,0.7844228094575799
0.07307592640580461,0.7844228094575799
0.07308539587922767,0.7844228094575799
0.07309486780715396,0.7844228094575799
0.07310434219053791,0.7844228094575799
0.07311381903033445,0.7844228094575799
0.07312329832749903,0.7844228094575799
0.07313278008298756,0.7844228094575799
0.07314226429775646,0.7844228094575799
0.07315175097276265,0.7844228094575799
0.07303152159813206,0.7830319888734353
0.07304099636741049,0.7830319888734353
0.07305047359543272,0.7830319888734353
0.07305995328315598,0.7830319888734353
0.07306943543153796,0.7830319888734353
0.07307892004153686,0.7830319888734353
0.07308840711411138,0.7830319888734353
0.07298701298701299,0.7816411682892906
0.0729964930510456,0.7816411682892906
0.07287607170693687,0.780250347705146
0.07276507276507277,0.7788595271210014
0.07277452891487979,0.7788595271210014
0.072783987522745,0.7788595271210014
0.07279344858962693,0.7788595271210014
0.07280291211648465,0.7788595271210014
0.07281237810427772,0.7788595271210014
0.07282184655396619,0.7788595271210014
0.0728313174665106,0.7788595271210014
0.07284079084287201,0.7788595271210014
0.07285026668401197,0.7788595271210014
0.07285974499089254,0.7788595271210014
0.07286922576447626,0.7788595271210014
0.07287870900572618,0.7788595271210014
0.07288819471560588,0.7788595271210014
0.0728976828950794,0.7788595271210014
0.07290717354511131,0.7788595271210014
0.07291666666666667,0.7788595271210014
0.07292616226071102,0.7788595271210014
0.07293566032821047,0.7788595271210014
0.07294516087013156,0.7788595271210014
0.07295466388744137,0.7788595271210014
0.07284336721396925,0.7774687065368567
0.07285286068030757,0.7774687065368567
0.0728623566214807,0.7774687065368567
0.07287185503845653,0.7774687065368567
0.07288135593220339,0.7774687065368567
0.07289085930369019,0.7774687065368567
0.07290036515388629,0.7774687065368567
0.07290987348376157,0.7774687065368567
0.07291938429428646,0.7774687065368567
0.07292889758643183,0.7774687065368567
0.0729384133611691,0.7774687065368567
0.07294793161947018,0.7774687065368567
0.07282693813625685,0.7760778859527121
0.07283644432841666,0.7760778859527121
0.07284595300261097,0.7760778859527121
0.07285546415981199,0.7760778859527121
0.07286497780099242,0.7760778859527121
0.0728744939271255,0.7760778859527121
0.07288401253918496,0.7760778859527121
0.072893533638145,0.7760778859527121
0.0729030572249804,0.7760778859527121
0.07278191558865804,0.7746870653685675
0.07279142707788813,0.7746870653685675
0.07280094105345707,0.7746870653685675
0.07281045751633987,0.7746870653685675
0.0728199764675121,0.7746870653685675
0.07257748136524127,0.7719054242002782
0.07258697358095736,0.7719054242002782
0.07259646827992151,0.7719054242002782
0.07261546513149288,0.7719054242002782
0.07262496728605078,0.7719054242002782
0.07263447192775814,0.7719054242002782
0.07264397905759162,0.7719054242002782
0.07265348867652834,0.7719054242002782
0.07266300078554595,0.7719054242002782
0.07267251538562262,0.7719054242002782
0.07268203247773704,0.7719054242002782
0.07269155206286837,0.7719054242002782
0.07270107414199634,0.7719054242002782
0.07271059871610114,0.7719054242002782
0.07272012578616352,0.7719054242002782
0.07272965535316472,0.7719054242002782
0.0727391874180865,0.7719054242002782
0.07274872198191112,0.7719054242002782
0.0727677986102006,0.7719054242002782
0.07277734067663258,0.7719054242002782
0.07278688524590164,0.7719054242002782
0.07279643231899266,0.7719054242002782
0.07280598189689098,0.7719054242002782
0.07282508857105367,0.7719054242002782
0.07283464566929133,0.7719054242002782
0.07284420527628298,0.7719054242002782
0.07285376739301654,0.7719054242002782
0.07286333202048051,0.7719054242002782
0.07287289915966387,0.7719054242002782
0.07288246881155613,0.7719054242002782
0.07289204097714735,0.7719054242002782
0.07290161565742809,0.7719054242002782
0.07291119285338939,0.7719054242002782
0.07292077256602286,0.7719054242002782
0.07293035479632064,0.7719054242002782
0.07293993954527533,0.7719054242002782
0.07294952681388013,0.7719054242002782
0.0729591166031287,0.7719054242002782
0.07296870891401525,0.7719054242002782
0.07297830374753451,0.7719054242002782
0.07298790110468174,0.7719054242002782
0.07299750098645272,0.7719054242002782
0.07300710339384373,0.7719054242002782
0.07301670832785159,0.7719054242002782
0.07302631578947369,0.7719054242002782
0.07303592577970786,0.7719054242002782
0.07304553829955251,0.7719054242002782
0.07305515335000658,0.7719054242002782
0.07309363887791387,0.7719054242002782
0.07310326659641728,0.7719054242002782
0.07311289685153471,0.7719054242002782
0.07312252964426877,0.7719054242002782
0.07313216497562261,0.7719054242002782
0.0731418028465999,0.7719054242002782
0.07301963885593779,0.7705146036161336
0.07302926443448458,0.7705146036161336
0.07303889255108767,0.7705146036161336
0.07304852320675105,0.7705146036161336
0.07305815640247923,0.7705146036161336
0.07306779213927724,0.7705146036161336
0.0729455216989843,0.7691237830319889
0.07295514511873351,0.7691237830319889
0.07296477107797862,0.7691237830319889
0.0728424386381631,0.7677329624478443
0.0728520522634288,0.7677329624478443
0.07286166842661035,0.7677329624478443
0.07287128712871287,0.7677329624478443
0.07288090837074201,0.7677329624478443
0.07289053215370395,0.7677329624478443
0.07290015847860538,0.7677329624478443
0.07290978734645358,0.7677329624478443
0.07291941875825628,0.7677329624478443
0.0729290527150218,0.7677329624478443
0.07293868921775898,0.7677329624478443
0.0729483282674772,0.7677329624478443
0.07295796986518636,0.7677329624478443
0.0729676140118969,0.7677329624478443
0.07297726070861978,0.7677329624478443
0.07298690995636652,0.7677329624478443
0.07299656175614917,0.7677329624478443
0.0728739584711017,0.7663421418636995
0.07275132275132275,0.7649513212795549
0.07276094721524011,0.7649513212795549
0.0727705742259857,0.7649513212795549
0.07278020378457059,0.7649513212795549
0.07278983589200635,0.7649513212795549
0.07279947054930509,0.7649513212795549
0.07280910775747948,0.7649513212795549
0.07281874751754269,0.7649513212795549
0.07269597457627118,0.7635605006954103
0.07270560190703218,0.7635605006954103
0.07271523178807947,0.7635605006954103
0.07272486422042655,0.7635605006954103
0.07273449920508744,0.7635605006954103
0.07274413674307673,0.7635605006954103
0.07275377683540948,0.7635605006954103
0.07276341948310139,0.7635605006954103
0.07277306468716861,0.7635605006954103
0.07278271244862787,0.7635605006954103
0.07279236276849642,0.7635605006954103
0.07280201564779207,0.7635605006954103
0.07281167108753316,0.7635605006954103
0.07282132908873856,0.7635605006954103
0.0728309896524277,0.7635605006954103
0.07284065277962054,0.7635605006954103
0.07285031847133758,0.7635605006954103
0.07285998672859986,0.7635605006954103
0.07286965755242898,0.7635605006954103
0.07287933094384708,0.7635605006954103
0.0728890069038768,0.7635605006954103
0.07289868543354136,0.7635605006954103
0.07290836653386454,0.7635605006954103
0.07291805020587064,0.7635605006954103
0.07292773645058448,0.7635605006954103
0.07293742526903149,0.7635605006954103
0.07294711666223758,0.7635605006954103
0.07295681063122923,0.7635605006954103
0.0729665071770335,0.7635605006954103
0.07297620630067791,0.7635605006954103
0.07298590800319064,0.7635605006954103
0.07299561228560032,0.7635605006954103
0.07300531914893617,0.7635605006954103
0.07301502859422795,0.7635605006954103
0.07289172652301144,0.7621696801112656
0.0727683916456033,0.760778859527121
0.07277807344332092,0.760778859527121
0.07278775781769793,0.760778859527121
0.0727974447697631,0.760778859527121
0.07267403167842407,0.7593880389429764
0.07268370607028754,0.7593880389429764
0.07256024497403808,0.7579972183588317
0.07256990679094541,0.7579972183588317
0.07257957118124916,0.7579972183588317
0.07259890768615958,0.7579972183588317
0.07260857980282441,0.7579972183588317
0.072618254497002,0.7579972183588317
0.07262793176972282,0.7579972183588317
0.07263761162201786,0.7579972183588317
0.07264729405491868,0.7579972183588317
0.07265697906945741,0.7579972183588317
0.07266666666666667,0.7579972183588317
0.07267635684757967,0.7579972183588317
0.07269574496465253,0.7579972183588317
0.07270544290288154,0.7579972183588317
0.07271514342895263,0.7579972183588317
0.0727248465439018,0.7579972183588317
0.07273455224876552,0.7579972183588317
0.07274426054458089,0.7579972183588317
0.07275397143238553,0.7579972183588317
0.07276368491321762,0.7579972183588317
0.0727734009881159,0.7579972183588317
0.07278311965811966,0.7579972183588317
0.07279284092426873,0.7579972183588317
0.07280256478760352,0.7579972183588317
0.072812291249165,0.7579972183588317
0.07283175197113458,0.7579972183588317
0.07284148623362738,0.7579972183588317
0.07285122309851624,0.7579972183588317
0.07286096256684492,0.7579972183588317
0.07287070463965771,0.7579972183588317
0.07288044931799946,0.7579972183588317
0.07289994649545212,0.7579972183588317
0.07290969899665552,0.7579972183588317
0.07291945410757292,0.7579972183588317
0.07292921182925198,0.7579972183588317
0.0729389721627409,0.7579972183588317
0.07294873510908848,0.7579972183588317
0.07295850066934405,0.7579972183588317
0.07296826884455751,0.7579972183588317
0.07297803963577933,0.7579972183588317
0.07298781304406053,0.7579972183588317
0.07286364854004822,0.7566063977746871
0.07287340924313462,0.7566063977746871
0.07288317256162916,0.7566063977746871
0.07275894412434677,0.7552155771905424
0.07276869471991423,0.7552155771905424
0.072778447929232,0.7552155771905424
0.07278820375335121,0.7552155771905424
0.0727979621933235,0.7552155771905424
0.07280772325020113,0.7552155771905424
0.07281748692503688,0.7552155771905424
0.0726931330472103,0.7538247566063978
0.0727028839704896,0.7538247566063978
0.07271263751006171,0.7538247566063978
0.07272239366697975,0.7538247566063978
0.07273215244229737,0.7538247566063978
0.07274191383706885,0.7538247566063978
0.07261744966442953,0.7524339360222532
0.07262719828164854,0.7524339360222532
0.07263694951664877,0.7524339360222532
0.07264670337048476,0.7524339360222532
0.07265645984421165,0.7524339360222532
0.07266621893888515,0.7524339360222532
0.07267598065556152,0.7524339360222532
0.07268574499529759,0.7524339360222532
0.07269551195915076,0.7524339360222532
0.07270528154817901,0.7524339360222532
0.07271505376344085,0.7524339360222532
0.07272482860599543,0.7524339360222532
0.0727346060769024,0.7524339360222532
0.072744386177222,0.7524339360222532
0.07275416890801506,0.7524339360222532
0.07276395427034298,0.7524339360222532
0.07277374226526769,0.7524339360222532
0.07278353289385174,0.7524339360222532
0.07279332615715824,0.7524339360222532
0.07280312205625084,0.7524339360222532
0.07282272176605196,0.7524339360222532
0.07283252557889068,0.7524339360222532
0.07284233203177595,0.7524339360222532
0.0728521411257743,0.7524339360222532
0.07286195286195286,0.7524339360222532
0.07287176724137931,0.7524339360222532
0.07288158426512192,0.7524339360222532
0.07289140393424953,0.7524339360222532
0.07290122624983156,0.7524339360222532
0.072911051212938,0.7524339360222532
0.07292087882463943,0.7524339360222532
0.072930709086007,0.7524339360222532
0.07295037756202805,0.7524339360222532
0.0729602157788267,0.7524339360222532
0.07283517669274346,0.7510431154381085
0.07271010387157696,0.7496522948539638
0.0727199136535348,0.7496522948539638
0.07272972608284982,0.7496522948539638
0.07273954116059379,0.7496522948539638
0.07274935888783911,0.7496522948539638
0.07275917926565875,0.7496522948539638
0.07276900229512623,0.7496522948539638
0.07277882797731569,0.7496522948539638
0.07278865631330182,0.7496522948539638
0.07279848730415991,0.7496522948539638
0.07280832095096583,0.7496522948539638
0.072818157254796,0.7496522948539638
0.07269287934062965,0.7482614742698191
0.07270270270270271,0.7482614742698191
0.07257737532098932,0.7468706536856745
0.07258718572587186,0.7468706536856745
0.07260681449432126,0.7468706536856745
0.07261663286004057,0.7468706536856745
0.07262645388152555,0.7468706536856745
0.07263627755985391,0.7468706536856745
0.0726461038961039,0.7468706536856745
0.07265593289135434,0.7468706536856745
0.0726657645466847,0.7468706536856745
0.07267559886317498,0.7468706536856745
0.07268543584190579,0.7468706536856745
0.07269527548395831,0.7468706536856745
0.0727051177904143,0.7468706536856745
0.07257955314827352,0.7454798331015299
0.07258938244853738,0.7454798331015299
0.07259921441148584,0.7454798331015299
0.07260904903820103,0.7454798331015299
0.07261888632976561,0.7454798331015299
0.07262872628726287,0.7454798331015299
0.07263856891177667,0.7454798331015299
0.07264841420439143,0.7454798331015299
0.07265826216619221,0.7454798331015299
0.07266811279826464,0.7454798331015299
0.07267796610169491,0.7454798331015299
0.07268782207756984,0.7454798331015299
0.07269768072697681,0.7454798331015299
0.0727075420510038,0.7454798331015299
0.07271740605073938,0.7454798331015299
0.07272727272727272,0.7454798331015299
0.07273714208169359,0.7454798331015299
0.0727470141150923,0.7454798331015299
0.0727568888285598,0.7454798331015299
0.07276676622318762,0.7454798331015299
0.07277664630006789,0.7454798331015299
0.07278652906029331,0.7454798331015299
0.07279641450495722,0.7454798331015299
0.07280630263515349,0.7454798331015299
0.07281619345197664,0.7454798331015299
0.07282608695652174,0.7454798331015299
0.0728359831498845,0.7454798331015299
0.07284588203316118,0.7454798331015299
0.07285578360744868,0.7454798331015299
0.07286568787384448,0.7454798331015299
0.07287559483344663,0.7454798331015299
0.07288550448735383,0.7454798331015299
0.07289541683666531,0.7454798331015299
0.07290533188248095,0.7454798331015299
0.07291524962590124,0.7454798331015299
0.0729251700680272,0.7454798331015299
0.07293509320996054,0.7454798331015299
0.07280892759934676,0.7440890125173852
0.0728188376207976,0.7440890125173852
0.07282875034032127,0.7440890125173852
0.07283866575901975,0.7440890125173852
0.07284858387799564,0.7440890125173852
0.07285850469835217,0.7440890125173852
0.07286842822119313,0.7440890125173852
0.07287835444762295,0.7440890125173852
0.07288828337874659,0.7440890125173852
0.0728982150156697,0.7440890125173852
0.0729081493594985,0.7440890125173852
0.07291808641133979,0.7440890125173852
0.07292802617230099,0.7440890125173852
0.07293796864349011,0.7440890125173852
0.07294791382601581,0.7440890125173852
0.07295786172098732,0.7440890125173852
0.07296781232951445,0.7440890125173852
0.07298772169167804,0.7440890125173852
0.07299768044753718,0.7440890125173852
0.07300764192139737,0.7440890125173852
0.07288112460761567,0.7426981919332406
0.0728910728910729,0.7426981919332406
0.07290102389078498,0.7426981919332406
0.07291097760786455,0.7426981919332406
0.07292093404342483,0.7426981919332406
0.07293089319857962,0.7426981919332406
0.07294085507444338,0.7426981919332406
0.07295081967213114,0.7426981919332406
0.07296078699275857,0.7426981919332406
0.07297075703744192,0.7426981919332406
0.07284406177395107,0.741307371349096
0.07286397812713602,0.741307371349096
0.07287394038829642,0.741307371349096
0.07288390537399152,0.741307371349096
0.07289387308533916,0.741307371349096
0.0729038435234578,0.741307371349096
0.07291381668946649,0.741307371349096
0.07292379258448488,0.741307371349096
0.07293377120963328,0.741307371349096
0.07294375256603257,0.741307371349096
0.07295373665480427,0.741307371349096
0.0729637234770705,0.741307371349096
0.072973713033954,0.741307371349096
0.07298370532657812,0.741307371349096
0.07299370035606684,0.741307371349096
0.07300369812354472,0.741307371349096
0.07301369863013699,0.741307371349096
0.07302370187696945,0.741307371349096
0.07303370786516854,0.741307371349096
0.07304371659586131,0.741307371349096
0.07305372807017543,0.741307371349096
0.07292666209732694,0.7399165507649513
0.07279956128324651,0.7385257301808067
0.07280954339777869,0.7385257301808067
0.07281952825013714,0.7385257301808067
0.07282951584144837,0.7385257301808067
0.0728395061728395,0.7385257301808067
0.07284949924543833,0.7385257301808067
0.07272228320526894,0.7371349095966621
0.07273226293399204,0.7371349095966621
0.0727422454021411,0.7371349095966621
0.0727522306108442,0.7371349095966621
0.0727622185612301,0.7371349095966621
0.07277220925442812,0.7371349095966621
0.07278220269156825,0.7371349095966621
0.07279219887378108,0.7371349095966621
0.07280219780219781,0.7371349095966621
0.07281219947795027,0.7371349095966621
0.07282220390217092,0.7371349095966621
0.07283221107599286,0.7371349095966621
0.07284222100054975,0.7371349095966621
0.07285223367697595,0.7371349095966621
0.07286224910640637,0.7371349095966621
0.07287226728997663,0.7371349095966621
0.07288228822882288,0.7371349095966621
0.07289231192408197,0.7371349095966621
0.07290233837689133,0.7371349095966621
0.07291236758838905,0.7371349095966621
0.07292239955971382,0.7371349095966621
0.07293243429200495,0.7371349095966621
0.07294247178640242,0.7371349095966621
0.0729525120440468,0.7371349095966621
0.0729625550660793,0.7371349095966621
0.07297260085364174,0.7371349095966621
0.07284494629578628,0.7357440890125174
0.07285497865307809,0.7357440890125174
0.07286501377410469,0.7357440890125174
0.07287505166000827,0.7357440890125174
0.07288509231193166,0.7357440890125174
0.07289513573101833,0.7357440890125174
0.07291523087525845,0.7357440890125174
0.07292528260270195,0.7357440890125174
0.07293533710188888,0.7357440890125174
0.07295545442007999,0.7357440890125174
0.07296551724137931,0.7357440890125174
0.07297558283901227,0.7357440890125174
0.0728476821192053,0.7343532684283728
0.0728677891250345,0.7343532684283728
0.07287784679089027,0.7343532684283728
0.07288790723357261,0.7343532684283728
0.07289797045423167,0.7343532684283728
0.0729181052340837,0.7343532684283728
0.07292817679558011,0.7343532684283728
0.07293825113966017,0.7343532684283728
0.0729483282674772,0.7343532684283728
0.07295840818018516,0.7343532684283728
0.07296849087893864,0.7343532684283728
0.07297857636489288,0.7343532684283728
0.07298866463920375,0.7343532684283728
0.07299875570302779,0.7343532684283728
0.07300884955752213,0.7343532684283728
0.07301894620384455,0.7343532684283728
0.07289073305670817,0.7329624478442281
0.07290081615714483,0.7329624478442281
0.0729109020475927,0.7329624478442281
0.0729209907292099,0.7329624478442281
0.07279269305286465,0.7315716272600834
0.07280276816608997,0.7315716272600834
0.07281284606866002,0.7315716272600834
0.07282292676173335,0.7315716272600834
0.07283301024646913,0.7315716272600834
0.07284309652402714,0.7315716272600834
0.07285318559556787,0.7315716272600834
0.0728632774622524,0.7315716272600834
0.07287337212524245,0.7315716272600834
0.07288346958570042,0.7315716272600834
0.0729036729036729,0.7315716272600834
0.07277515941225395,0.7301808066759388
0.0727852488562318,0.7301808066759388
0.07279534109816972,0.7301808066759388
0.07280543613923172,0.7301808066759388
0.07281553398058252,0.7301808066759388
0.07282563462338744,0.7301808066759388
0.07283573806881243,0.7301808066759388
0.07284584431802414,0.7301808066759388
0.07285595337218984,0.7301808066759388
0.07286606523247745,0.7301808066759388
0.07287617990005553,0.7301808066759388
0.0728862973760933,0.7301808066759388
0.07289641766176062,0.7301808066759388
0.07290654075822803,0.7301808066759388
0.07277777777777777,0.7287899860917941
0.07278788720655646,0.7287899860917941
0.07279799944429008,0.7287899860917941
0.07281823235130629,0.7287899860917941
0.0728283530229326,0.7287899860917941
0.07283847650820127,0.7287899860917941
0.0728587319243604,0.7287899860917941
0.07286886385759977,0.7287899860917941
0.07287899860917942,0.7287899860917941
0.07288913618027543,0.7287899860917941
0.07289927657206455,0.7287899860917941
0.07290941978572422,0.7287899860917941
0.0729195658224325,0.7287899860917941
0.07292971468336813,0.7287899860917941
0.07293986636971046,0.7287899860917941
0.07295002088263956,0.7287899860917941
0.07296017822333611,0.7287899860917941
0.07299066722384734,0.7287899860917941
0.07286152131512956,0.7273991655076495
0.07287167340114253,0.7273991655076495
0.07288182831661093,0.7273991655076495
0.07289198606271777,0.7273991655076495
0.07290214664064679,0.7273991655076495
0.07277289836888332,0.7260083449235049
0.072643614054657,0.7246175243393602
0.0726537442476642,0.7246175243393602
0.07252440725244072,0.7232267037552156
0.07254464285714286,0.7232267037552156
0.07241523650062788,0.721835883171071
0.07242534189226905,0.721835883171071
0.0724354501046755,0.721835883171071
0.07244556113902847,0.721835883171071
0.07246579167830215,0.721835883171071
0.07233626588465299,0.7204450625869263
0.07234636871508379,0.7204450625869263
0.07235647436792848,0.7204450625869263
0.07236658284436993,0.7204450625869263
0.07237669414559172,0.7204450625869263
0.07238680827277809,0.7204450625869263
0.07239692522711391,0.7204450625869263
0.07240704500978473,0.7204450625869263
0.0724171676219768,0.7204450625869263
0.07242729306487695,0.7204450625869263
0.07243742133967278,0.7204450625869263
0.07244755244755245,0.7204450625869263
0.07245768638970486,0.7204450625869263
0.07247796278158668,0.7204450625869263
0.07248810523369717,0.7204450625869263
0.07249825052484254,0.7204450625869263
0.072508398656215,0.7204450625869263
0.07251854962900742,0.7204450625869263
0.07252870344441333,0.7204450625869263
0.07253886010362694,0.7204450625869263
0.07254901960784314,0.7204450625869263
0.07255918195825746,0.7204450625869263
0.07256934715606612,0.7204450625869263
0.07257951520246603,0.7204450625869263
0.07258968609865471,0.7204450625869263
0.07259985984583041,0.7204450625869263
0.07261003644519204,0.7204450625869263
0.07262021589793916,0.7204450625869263
0.07263039820527202,0.7204450625869263
0.07264058336839153,0.7204450625869263
0.0726507713884993,0.7204450625869263
0.0726609622667976,0.7204450625869263
0.07267115600448934,0.7204450625869263
0.07268135260277817,0.7204450625869263
0.07269155206286837,0.7204450625869263
0.0727017543859649,0.7204450625869263
0.07271195957327344,0.7204450625869263
0.07272216762600028,0.7204450625869263
0.07273237854535243,0.7204450625869263
0.07274259233253756,0.7204450625869263
0.07275280898876405,0.7204450625869263
0.0727630285152409,0.7204450625869263
0.07277325091317786,0.7204450625869263
0.0727834761837853,0.7204450625869263
0.07279370432827431,0.7204450625869263
0.07280393534785665,0.7204450625869263
0.07281416924374473,0.7204450625869263
0.07282440601715169,0.7204450625869263
0.07283464566929133,0.7204450625869263
0.07284488820137815,0.7204450625869263
0.07285513361462728,0.7204450625869263
0.0728653819102546,0.7204450625869263
0.07287563308947664,0.7204450625869263
0.07288588715351062,0.7204450625869263
0.07289614410357445,0.7204450625869263
0.07291666666666667,0.7204450625869263
0.07293720078851028,0.7204450625869263
0.07294747218701592,0.7204450625869263
0.07295774647887324,0.7204450625869263
0.07296802366530497,0.7204450625869263
0.07297830374753451,0.7204450625869263
0.0729988726042841,0.7204450625869263
0.07286821705426356,0.7190542420027817
0.07287848886382858,0.7190542420027817
0.07288876356971662,0.7190542420027817
0.07289904117315285,0.7190542420027817
0.07290932167536314,0.7190542420027817
0.07291960507757404,0.7190542420027817
0.07294018058690745,0.7190542420027817
0.07281964436917866,0.717663421418637
0.07268877911079746,0.7162726008344924
0.07269904009034443,0.7162726008344924
0.07270930396724552,0.7162726008344924
0.07271957074272804,0.7162726008344924
0.07272984041802005,0.7162726008344924
0.07274011299435028,0.7162726008344924
0.07275038847294815,0.7162726008344924
0.0727606668550438,0.7162726008344924
0.07277094814186802,0.7162726008344924
0.07278123233465235,0.7162726008344924
0.07279151943462897,0.7162726008344924
0.07280180944303082,0.7162726008344924
0.07267071963806022,0.7148817802503477
0.07268099547511313,0.7148817802503477
0.07256011315417256,0.713490959666203
0.0725703777054746,0.713490959666203
0.07258064516129033,0.713490959666203
0.07260118879139542,0.713490959666203
0.07261146496815286,0.713490959666203
0.07262174405436013,0.713490959666203
0.072632026051253,0.713490959666203
0.07264231096006797,0.713490959666203
0.07265259878204221,0.713490959666203
0.0726628895184136,0.713490959666203
0.07267318317042074,0.713490959666203
0.07268347973930292,0.713490959666203
0.07269377922630013,0.713490959666203
0.07270408163265306,0.713490959666203
0.07271438695960313,0.713490959666203
0.07273500638026371,0.713490959666203
0.07274532047646058,0.713490959666203
0.07275563749822721,0.713490959666203
0.07276595744680851,0.713490959666203
0.07263441622925237,0.7121001390820584
0.07264472190692395,0.7121001390820584
0.07265503050943664,0.7121001390820584
0.07266534203803576,0.7121001390820584
0.07267565649396736,0.7121001390820584
0.07268597387847814,0.7121001390820584
0.07269629419281556,0.7121001390820584
0.07270661743822777,0.7121001390820584
0.07271694361596365,0.7121001390820584
0.07272727272727272,0.7121001390820584
0.07273760477340531,0.7121001390820584
0.07274793975561239,0.7121001390820584
0.07275827767514566,0.7121001390820584
0.07276861853325753,0.7121001390820584
0.07277896233120114,0.7121001390820584
0.0727893090702303,0.7121001390820584
0.0727996587515996,0.7121001390820584
0.07281001137656427,0.7121001390820584
0.07282036694638032,0.7121001390820584
0.07283072546230442,0.7121001390820584
0.07269881917769241,0.7107093184979137
0.07270916334661355,0.7107093184979137
0.07272986051807571,0.7107093184979137
0.07274021352313167,0.7107093184979137
0.07275056947608201,0.7107093184979137
0.07276092837818596,0.7107093184979137
0.0727712902307035,0.7107093184979137
0.07278165503489531,0.7107093184979137
0.07279202279202279,0.7107093184979137
0.07280239350334805,0.7107093184979137
0.07281276717013394,0.7107093184979137
0.072823143793644,0.7107093184979137
0.07283352337514253,0.7107093184979137
0.07272208755168971,0.7093184979137691
0.07273245864232744,0.7093184979137691
0.07274283269148481,0.7093184979137691
0.07275320970042796,0.7093184979137691
0.07276358967042375,0.7093184979137691
0.07277397260273973,0.7093184979137691
0.07278435849864422,0.7093184979137691
0.07279474735940622,0.7093184979137691
0.0728051391862955,0.7093184979137691
0.07281553398058252,0.7093184979137691
0.0728363324764353,0.7093184979137691
0.07284673618054564,0.7093184979137691
0.07271428571428572,0.7079276773296245
0.0727246749535648,0.7079276773296245
0.0727350671620463,0.7079276773296245
0.07274546234100329,0.7079276773296245
0.07261292166952545,0.7065368567454798
0.07262330235882773,0.7065368567454798
0.07263368601658564,0.7065368567454798
0.07264407264407265,0.7065368567454798
0.07265446224256293,0.7065368567454798
0.07266485481333143,0.7065368567454798
0.07267525035765379,0.7065368567454798
0.07254256689082844,0.7051460361613352
0.07257371886630404,0.7051460361613352
0.07258410880458124,0.7051460361613352
0.07259450171821306,0.7051460361613352
0.07260489760847773,0.7051460361613352
0.07247207103981668,0.7037552155771906
0.07248245237072053,0.7037552155771906
0.07250322395758704,0.7037552155771906
0.07251361421610776,0.7037552155771906
0.07252400745306005,0.7037552155771906
0.07253440366972477,0.7037552155771906
0.07254480286738352,0.7037552155771906
0.07255520504731862,0.7037552155771906
0.07256561021081313,0.7037552155771906
0.0725760183591509,0.7037552155771906
0.0725864294936164,0.7037552155771906
0.07259684361549498,0.7037552155771906
0.07246376811594203,0.7023643949930459
0.07248457011626237,0.7023643949930459
0.07249497559575079,0.7023643949930459
0.07250538406317301,0.7023643949930459
0.0725157955198162,0.7023643949930459
0.07252620996696826,0.7023643949930459
0.07253662740591783,0.7023643949930459
0.07254704783795432,0.7023643949930459
0.07255747126436782,0.7023643949930459
0.07256789768644921,0.7023643949930459
0.07257832710549009,0.7023643949930459
0.0725887595227828,0.7023643949930459
0.07259919493962047,0.7023643949930459
0.07260963335729691,0.7023643949930459
0.0726200747771067,0.7023643949930459
0.0726409666283084,0.7023643949930459
0.07266187050359713,0.7023643949930459
0.0726723269535185,0.7023643949930459
0.07268278641335636,0.7023643949930459
0.07269324888441053,0.7023643949930459
0.07270371436798158,0.7023643949930459
0.07271418286537078,0.7023643949930459
0.07272465437788019,0.7023643949930459
0.07274560645347163,0.7023643949930459
0.0727560870191615,0.7023643949930459
0.07276657060518732,0.7023643949930459
0.07278754684347075,0.7023643949930459
0.07279803949834222,0.7023643949930459
0.07280853517877739,0.7023643949930459
0.07282953562157485,0.7023643949930459
0.07269580268282129,0.7009735744089013
0.0727062896710906,0.7009735744089013
0.07271677968547108,0.7009735744089013
0.07272727272727272,0.7009735744089013
0.07273776879780632,0.7009735744089013
0.07274826789838337,0.7009735744089013
0.07275877003031615,0.7009735744089013
0.0727692751949177,0.7009735744089013
0.0727797833935018,0.7009735744089013
0.07279029462738301,0.7009735744089013
0.07280080889787664,0.7009735744089013
0.0726878612716763,0.6995827538247567
0.07269836681601387,0.6995827538247567
0.07270887539751374,0.6995827538247567
0.07271938701749313,0.6995827538247567
0.0727299016772701,0.6995827538247567
0.07274041937816342,0.6995827538247567
0.07275094012149262,0.6995827538247567
0.07276146390857804,0.6995827538247567
0.07277199074074074,0.6995827538247567
0.07278252061930256,0.6995827538247567
0.0727930535455861,0.6995827538247567
0.07280358952091474,0.6995827538247567
0.07281412854661262,0.6995827538247567
0.07282467062400463,0.6995827538247567
0.07283521575441645,0.6995827538247567
0.07284576393917451,0.6995827538247567
0.07285631517960603,0.6995827538247567
0.07286686947703896,0.6995827538247567
0.07287742683280209,0.6995827538247567
0.0728879872482249,0.6995827538247567
0.07289855072463768,0.6995827538247567
0.07291968686575818,0.6995827538247567
0.07294083526682135,0.6995827538247567
0.07295141406816534,0.6995827538247567
0.07296199593849724,0.6995827538247567
0.07297258087915276,0.6995827538247567
0.07299375997678131,0.6995827538247567
0.07300435413642961,0.6995827538247567
0.07301495137175207,0.6995827538247567
0.07302555168408827,0.6995827538247567
0.07303615507477856,0.6995827538247567
0.0730467615451641,0.6995827538247567
0.07305737109658678,0.6995827538247567
0.07306798373038931,0.6995827538247567
0.07307859944791516,0.6995827538247567
0.07309984013951461,0.6995827538247567
0.07311046511627907,0.6995827538247567
0.07312109318214857,0.6995827538247567
0.07313172433847048,0.6995827538247567
0.07314235858659299,0.6995827538247567
0.07315299592786503,0.6995827538247567
0.07316363636363636,0.6995827538247567
0.07317427989525749,0.6995827538247567
0.07318492652407974,0.6995827538247567
0.07319557625145517,0.6995827538247567
0.07320622907873672,0.6995827538247567
0.07321688500727802,0.6995827538247567
0.07322754403843354,0.6995827538247567
0.07323820617355853,0.6995827538247567
0.07324887141400903,0.6995827538247567
0.07325953976114186,0.6995827538247567
0.07327021121631463,0.6995827538247567
0.07328088578088578,0.6995827538247567
0.07329156345621449,0.6995827538247567
0.07330224424366075,0.6995827538247567
0.07331292814458534,0.6995827538247567
0.07332361516034985,0.6995827538247567
0.07333430529231666,0.6995827538247567
0.07335569491031063,0.6995827538247567
0.07337709700948213,0.6995827538247567
0.07338780274292384,0.6995827538247567
0.07339851160075879,0.6995827538247567
0.07340922358435494,0.6995827538247567
0.07341993869508101,0.6995827538247567
0.07344137830340196,0.6995827538247567
0.07345210280373832,0.6995827538247567
0.0734628304366876,0.6995827538247567
0.07347356120362256,0.6995827538247567
0.07348429510591672,0.6995827538247567
0.0733489187609585,0.6981919332406119
0.07335963758585416,0.6981919332406119
0.07337035954399299,0.6981919332406119
0.07338108463674901,0.6981919332406119
0.07339181286549708,0.6981919332406119
0.07341327873647266,0.6981919332406119
0.0732777534006143,0.6968011126564673
0.07328847279110591,0.6968011126564673
0.07329919531821506,0.6968011126564673
0.07316359379572725,0.6954102920723226
0.07317430118542367,0.6954102920723226
0.07318501170960187,0.6954102920723226
0.0731957253696384,0.6954102920723226
0.07320644216691069,0.6954102920723226
0.0732171621027969,0.6954102920723226
0.07322788517867604,0.6954102920723226
0.07323861139592794,0.6954102920723226
0.07310284207442133,0.694019471488178
0.07311355311355311,0.694019471488178
0.0731242672919109,0.694019471488178
0.07313498461087498,0.694019471488178
0.07314570507182644,0.694019471488178
0.07315642867614719,0.694019471488178
0.07317788532042821,0.694019471488178
0.07318861836315635,0.694019471488178
0.0731993545547895,0.694019471488178
0.07322083639031549,0.694019471488178
0.07324233083810362,0.694019471488178
0.07325308279506752,0.694019471488178
0.07326383790926443,0.694019471488178
0.07327459618208516,0.694019471488178
0.07328535761492143,0.694019471488178
0.07329612220916569,0.694019471488178
0.07315998237108859,0.6926286509040334
0.07317073170731707,0.6926286509040334
0.07318148420279207,0.6926286509040334
0.07319223985890652,0.6926286509040334
0.07305600470380715,0.6912378303198887
0.07306674507497794,0.6912378303198887
0.07307748860461696,0.6912378303198887
0.07308823529411765,0.6912378303198887
0.07310973815828185,0.6912378303198887
0.07312049433573635,0.6912378303198887
0.07313125367863449,0.6912378303198887
0.0731420161883738,0.6912378303198887
0.07300559317044451,0.6898470097357441
0.07301634035036067,0.6898470097357441
0.07302709069493522,0.6898470097357441
0.0730378442055662,0.6898470097357441
0.07304860088365243,0.6898470097357441
0.0730593607305936,0.6898470097357441
0.07307012374779022,0.6898470097357441
0.07308088993664358,0.6898470097357441
0.07309165929855585,0.6898470097357441
0.07310243183493,0.6898470097357441
0.07311320754716981,0.6898470097357441
0.07312398643667993,0.6898470097357441
0.07298731937481569,0.6884561891515995
0.07299808287863147,0.6884561891515995
0.07300884955752213,0.6884561891515995
0.07287210503024044,0.6870653685674548
0.07288285629979345,0.6870653685674548
0.07289361074221631,0.6870653685674548
0.07290436835891381,0.6870653685674548
0.07291512915129152,0.6870653685674548
0.07292589312075583,0.6870653685674548
0.07293666026871401,0.6870653685674548
0.07279976373301832,0.6856745479833102
0.07281051543346626,0.6856745479833102
0.07282127031019202,0.6856745479833102
0.07283202836460334,0.6856745479833102
0.07284278959810875,0.6856745479833102
0.0728643216080402,0.6856745479833102
0.07287509238728751,0.6856745479833102
0.0728966435014047,0.6856745479833102
0.07290742383910086,0.6856745479833102
0.0729182073657743,0.6856745479833102
0.07292899408284023,0.6856745479833102
0.07293978399171475,0.6856745479833102
0.07295057709381474,0.6856745479833102
0.07296137339055794,0.6856745479833102
0.07297217288336294,0.6856745479833102
0.07298297557364915,0.6856745479833102
0.07299378146283683,0.6856745479833102
0.0730045905523471,0.6856745479833102
0.07301540284360189,0.6856745479833102
0.07303703703703704,0.6856745479833102
0.07304785894206549,0.6856745479833102
0.07305868405453468,0.6856745479833102
0.07306951237587075,0.6856745479833102
0.07308034390750075,0.6856745479833102
0.07309117865085249,0.6856745479833102
0.0731128577784369,0.6856745479833102
0.07312370216552952,0.6856745479833102
0.07313454977006378,0.6856745479833102
0.07314540059347181,0.6856745479833102
0.07315625463718653,0.6856745479833102
0.07316711190264173,0.6856745479833102
0.07317797239127208,0.6856745479833102
0.07318883610451306,0.6856745479833102
0.07319970304380104,0.6856745479833102
0.07321057321057321,0.6856745479833102
0.07322144660626764,0.6856745479833102
0.07323232323232323,0.6856745479833102
0.07324320309017976,0.6856745479833102
0.07310549777117385,0.6842837273991655
0.07311636201515827,0.6842837273991655
0.07312722948870393,0.6842837273991655
0.07313810019325108,0.6842837273991655
0.07300029735355337,0.6828929068150209
0.07301115241635688,0.6828929068150209
0.07302201070791196,0.6828929068150209
0.07303287222965937,0.6828929068150209
0.07304373698304076,0.6828929068150209
0.07305460496949859,0.6828929068150209
0.0730654761904762,0.6828929068150209
0.07307635064741777,0.6828929068150209
0.07293837451622506,0.6815020862308763
0.072992700729927,0.6815020862308763
0.07300357568533969,0.6815020862308763
0.07301445388168679,0.6815020862308763
0.07302533532041729,0.6815020862308763
0.07303622000298107,0.6815020862308763
0.07304710793082886,0.6815020862308763
0.07305799910541226,0.6815020862308763
0.07306889352818371,0.6815020862308763
0.07293064876957495,0.6801112656467315
0.07294152744630071,0.6801112656467315
0.07295240936893928,0.6801112656467315
0.0729632945389436,0.6801112656467315
0.0729741829577675,0.6801112656467315
0.07298507462686567,0.6801112656467315
0.07299596954769369,0.6801112656467315
0.07300686772170797,0.6801112656467315
0.07301776915036584,0.6801112656467315
0.07302867383512544,0.6801112656467315
0.07303958177744585,0.6801112656467315
0.07305049297878698,0.6801112656467315
0.07306140744060959,0.6801112656467315
0.07307232516437537,0.6801112656467315
0.07308324615154685,0.6801112656467315
0.07310509792196143,0.6801112656467315
0.07311602870813397,0.6801112656467315
0.07312696276357111,0.6801112656467315
0.07313790008973975,0.6801112656467315
0.0731488406881077,0.6801112656467315
0.07315978456014363,0.6801112656467315
0.07317073170731707,0.6801112656467315
0.07318168213109848,0.6801112656467315
0.0730429576410717,0.6787204450625869
0.07305389221556886,0.6787204450625869
0.0730648300643809,0.6787204450625869
0.07307577118897873,0.6787204450625869
0.07308671559083421,0.6787204450625869
0.07294787297783104,0.6773296244784422
0.07295880149812733,0.6773296244784422
0.07296973329337729,0.6773296244784422
0.0729806683650532,0.6773296244784422
0.07284172661870504,0.6759388038942976
0.07285264578024284,0.6759388038942976
0.0728744939271255,0.6759388038942976
0.07288542291541691,0.6759388038942976
0.07289635518224089,0.6759388038942976
0.07290729072907291,0.6759388038942976
0.07291822955738934,0.6759388038942976
0.07277911164465786,0.674547983310153
0.07279003451898544,0.674547983310153
0.07280096067247073,0.674547983310153
0.07282282282282282,0.674547983310153
0.07283375882264605,0.674547983310153
0.0728446981075398,0.674547983310153
0.07285564067898452,0.674547983310153
0.07286658653846154,0.674547983310153
0.07287753568745305,0.674547983310153
0.07288848812744214,0.674547983310153
0.07292136520823936,0.674547983310153
0.07293233082706767,0.674547983310153
0.07294329974432245,0.674547983310153
0.07295427196149218,0.674547983310153
0.07296524748006619,0.674547983310153
0.07297622630153476,0.674547983310153
0.07298720842738901,0.674547983310153
0.0728476821192053,0.6731571627260083
0.07285864820111396,0.6731571627260083
0.07286961758506474,0.6731571627260083
0.07288059027254931,0.6731571627260083
0.07289156626506024,0.6731571627260083
0.07290254556409098,0.6731571627260083
0.07291352817113589,0.6731571627260083
0.07292451408769023,0.6731571627260083
0.07293550331525014,0.6731571627260083
0.07294649585531274,0.6731571627260083
0.07295749170937595,0.6731571627260083
0.07297949336550061,0.6731571627260083
0.07299049917056251,0.6731571627260083
0.07300150829562595,0.6731571627260083
0.07301252074219339,0.6731571627260083
0.07303455560585484,0.6731571627260083
0.07304557802595835,0.6731571627260083
0.07306763285024155,0.6731571627260083
0.07307866525743621,0.6731571627260083
0.07308970099667775,0.6731571627260083
0.07310074006947591,0.6731571627260083
0.07311178247734139,0.6731571627260083
0.07312282822178577,0.6731571627260083
0.07313387730432155,0.6731571627260083
0.07314492972646214,0.6731571627260083
0.07315598548972188,0.6731571627260083
0.07316704459561603,0.6731571627260083
0.07317810704566072,0.6731571627260083
0.07303795554211402,0.6717663421418637
0.07304900181488204,0.6717663421418637
0.0730600514294358,0.6717663421418637
0.07307110438729199,0.6717663421418637
0.07308216068996823,0.6717663421418637
0.07294188861985472,0.6703755215577191
0.07295292871197215,0.6703755215577191
0.07281259461095974,0.6689847009735744
0.07267221801665405,0.6675938803894298
0.0726832222895215,0.6675938803894298
0.07254278358321975,0.6662030598052852
0.07255377158436838,0.6662030598052852
0.0725647629147099,0.6662030598052852
0.07257575757575757,0.6662030598052852
0.07258675556902561,0.6662030598052852
0.07261976955730746,0.6662030598052852
0.07263078089461714,0.6662030598052852
0.07264179557173188,0.6662030598052852
0.0726528135901714,0.6662030598052852
0.07266383495145631,0.6662030598052852
0.07252313761189501,0.6648122392211405
0.07253414264036419,0.6648122392211405
0.07254515100925786,0.6648122392211405
0.07255616272009714,0.6648122392211405
0.07256717777440413,0.6648122392211405
0.07257819617370179,0.6648122392211405
0.07260024301336573,0.6648122392211405
0.07261127145678262,0.6648122392211405
0.0726223032512914,0.6648122392211405
0.07263333839841969,0.6648122392211405
0.07264437689969605,0.6648122392211405
0.07266646397081179,0.6648122392211405
0.07267751254371294,0.6648122392211405
0.07268856447688564,0.6648122392211405
0.07269961977186312,0.6648122392211405
0.07272174045336985,0.6648122392211405
0.07273280584297018,0.6648122392211405
0.07274387460051743,0.6648122392211405
0.07275494672754947,0.6648122392211405
0.07276602222560512,0.6648122392211405
0.07277710109622412,0.6648122392211405
0.07279926896131587,0.6648122392211405
0.0728103579588728,0.6648122392211405
0.07282145033516149,0.6648122392211405
0.07283254609172635,0.6648122392211405
0.07284364523011277,0.6648122392211405
0.07286585365853658,0.6648122392211405
0.07289919170352295,0.6648122392211405
0.07291031116534472,0.6648122392211405
0.07292143401983218,0.6648122392211405
0.0729325602685383,0.6648122392211405
0.07296595939551213,0.6648122392211405
0.07297709923664122,0.6648122392211405
0.0729882424797679,0.6648122392211405
0.07299938912645082,0.6648122392211405
0.07301053917824958,0.6648122392211405
0.07302169263672471,0.6648122392211405
0.07303284950343773,0.6648122392211405
0.07305517346782821,0.6648122392211405
0.07306634056863344,0.6648122392211405
0.07307751108393212,0.6648122392211405
0.07308868501529052,0.6648122392211405
0.07309986236427589,0.6648122392211405
0.07311104313245641,0.6648122392211405
0.07312222732140125,0.6648122392211405
0.07313341493268054,0.6648122392211405
0.0731558004285277,0.6648122392211405
0.07317819963257807,0.6648122392211405
0.07318940437911499,0.6648122392211405
0.07321182416909175,0.6648122392211405
0.07322303921568628,0.6648122392211405
0.07323425769878965,0.6648122392211405
0.07324547961998161,0.6648122392211405
0.07325670498084291,0.6648122392211405
0.07326793378295524,0.6648122392211405
0.07327916602790127,0.6648122392211405
0.07329040171726464,0.6648122392211405
0.07331288343558282,0.6648122392211405
0.07332412946770978,0.6648122392211405
0.07333537895059834,0.6648122392211405
0.07334663188583704,0.6648122392211405
0.07335788827501534,0.6648122392211405
0.07336914811972371,0.6648122392211405
0.07338041142155358,0.6648122392211405
0.07339167818209734,0.6648122392211405
0.0734029484029484,0.6648122392211405
0.07341422208570113,0.6648122392211405
0.07342549923195084,0.6648122392211405
0.07344806392132759,0.6648122392211405
0.07345935146765022,0.6648122392211405
0.07347064248386105,0.6648122392211405
0.07348193697156034,0.6648122392211405
0.07349323493234933,0.6648122392211405
0.07350453636783023,0.6648122392211405
0.07351584127960628,0.6648122392211405
0.07352714966928164,0.6648122392211405
0.07353846153846154,0.6648122392211405
0.07354977688875211,0.6648122392211405
0.07356109572176055,0.6648122392211405
0.07357241803909496,0.6648122392211405
0.07358374384236453,0.6648122392211405
0.07359507313317937,0.6648122392211405
0.0736064059131506,0.6648122392211405
0.07361774218389035,0.6648122392211405
0.0736290819470117,0.6648122392211405
0.07364042520412879,0.6648122392211405
0.0736517719568567,0.6648122392211405
0.07366312220681152,0.6648122392211405
0.07367447595561036,0.6648122392211405
0.07353167874209958,0.6634214186369958
0.07338883749614554,0.6620305980528511
0.07340015420200463,0.6620305980528511
0.07341147439851943,0.6620305980528511
0.07342279808730526,0.6620305980528511
0.0734341252699784,0.6620305980528511
0.07344545594815614,0.6620305980528511
0.0734567901234568,0.6620305980528511
0.07346812779749962,0.6620305980528511
0.07347946897190491,0.6620305980528511
0.07334774552192712,0.6606397774687065
0.07335907335907337,0.6606397774687065
0.0733704046957059,0.6606397774687065
0.07338173953344662,0.6606397774687065
0.07340441971874517,0.6606397774687065
0.07341576506955177,0.6606397774687065
0.07342711392796414,0.6606397774687065
0.07343846629560916,0.6606397774687065
0.07344982217411473,0.6606397774687065
0.0734611815651098,0.6606397774687065
0.07347254447022429,0.6606397774687065
0.0734839108910891,0.6606397774687065
0.07334055392232709,0.6592489568845619
0.0733519034354689,0.6592489568845619
0.073363256461848,0.6592489568845619
0.07337461300309597,0.6592489568845619
0.07338597306084534,0.6592489568845619
0.07339733663672963,0.6592489568845619
0.07340870373238347,0.6592489568845619
0.07342007434944238,0.6592489568845619
0.07343144848954299,0.6592489568845619
0.0734428261543229,0.6592489568845619
0.0732992406632574,0.6578581363004172
0.07331060136391816,0.6578581363004172
0.07332196558673074,0.6578581363004172
0.07333333333333333,0.6578581363004172
0.07334470460536517,0.6578581363004172
0.0733560794044665,0.6578581363004172
0.07336745773227858,0.6578581363004172
0.07337883959044368,0.6578581363004172
0.07339022498060511,0.6578581363004172
0.07341300636349526,0.6578581363004172
0.07342440235951568,0.6578581363004172
0.07343580189411582,0.6578581363004172
0.0734472049689441,0.6578581363004172
0.07345861158564995,0.6578581363004172
0.07331469400434917,0.6564673157162726
0.07333747669359851,0.6564673157162726
0.07334887334887336,0.6564673157162726
0.07336027354678272,0.6564673157162726
0.0733716772889787,0.6564673157162726
0.07338308457711443,0.6564673157162726
0.07339449541284404,0.6564673157162726
0.07326178254783014,0.655076495132128
0.07327317983820784,0.655076495132128
0.07328458067527618,0.655076495132128
0.07329598506069095,0.655076495132128
0.07330739299610894,0.655076495132128
0.07331880448318805,0.655076495132128
0.0733302195235871,0.655076495132128
0.07334163811896606,0.655076495132128
0.07335306027098583,0.655076495132128
0.07336448598130842,0.655076495132128
0.07337591525159683,0.655076495132128
0.07338734808351512,0.655076495132128
0.07339878447872837,0.655076495132128
0.07341022443890274,0.655076495132128
0.07349040411920736,0.655076495132128
0.07350187265917603,0.655076495132128
0.07351334477914781,0.655076495132128
0.07352482048079925,0.655076495132128
0.07353629976580796,0.655076495132128
0.0735477826358526,0.655076495132128
0.07355926909261284,0.655076495132128
0.07357075913776945,0.655076495132128
0.07358225277300422,0.655076495132128
0.07359375,0.655076495132128
0.0736052508204407,0.655076495132128
0.07361675523601126,0.655076495132128
0.07362826324839769,0.655076495132128
0.07363977485928705,0.655076495132128
0.07365129007036747,0.655076495132128
0.07366280888332812,0.655076495132128
0.07367433129985922,0.655076495132128
0.07368585732165206,0.655076495132128
0.07354091691441089,0.6536856745479833
0.07355242566510173,0.6536856745479833
0.07356393801846925,0.6536856745479833
0.07357545397620538,0.6536856745479833
0.07358697354000313,0.6536856745479833
0.07359849671155654,0.6536856745479833
0.07345340642129992,0.6522948539638387
0.07330827067669173,0.650904033379694
0.07331975560081466,0.650904033379694
0.07333124412409903,0.650904033379694
0.07334273624823695,0.650904033379694
0.07335423197492164,0.650904033379694
0.07336573130584731,0.650904033379694
0.07337723424270931,0.650904033379694
0.07338874078720402,0.650904033379694
0.07340025094102885,0.650904033379694
0.07341176470588236,0.650904033379694
0.07342328208346408,0.650904033379694
0.07343480307547466,0.650904033379694
0.07344632768361582,0.650904033379694
0.07345785590959034,0.650904033379694
0.07346938775510205,0.650904033379694
0.07348092322185587,0.650904033379694
0.07349246231155779,0.650904033379694
0.07350400502591488,0.650904033379694
0.07351555136663525,0.650904033379694
0.07352710133542813,0.650904033379694
0.07353865493400377,0.650904033379694
0.07355021216407355,0.650904033379694
0.07356177302734988,0.650904033379694
0.0735733375255463,0.650904033379694
0.07358490566037736,0.650904033379694
0.07359647743355874,0.650904033379694
0.0734507706826046,0.6495132127955494
0.07346232499606732,0.6495132127955494
0.07347388294524858,0.6495132127955494
0.07348544453186467,0.6495132127955494
0.07349700975763299,0.6495132127955494
0.073508578624272,0.6495132127955494
0.07352015113350126,0.6495132127955494
0.07353172728704141,0.6495132127955494
0.07354330708661418,0.6495132127955494
0.07355489053394235,0.6495132127955494
0.07357806837876162,0.6495132127955494
0.07358966277970375,0.6495132127955494
0.07360126083530338,0.6495132127955494
0.07361286254728877,0.6495132127955494
0.07362446791738925,0.6495132127955494
0.07363607694733522,0.6495132127955494
0.07364768963885822,0.6495132127955494
0.07365930599369085,0.6495132127955494
0.07367092601356681,0.6495132127955494
0.0736825497002209,0.6495132127955494
0.07369417705538898,0.6495132127955494
0.07370580808080808,0.6495132127955494
0.07371744277821626,0.6495132127955494
0.0737290811493527,0.6495132127955494
0.07375236891977259,0.6495132127955494
0.07376401832253988,0.6495132127955494
0.0736176935229068,0.6481223922114048
0.0736293253278559,0.6481223922114048
0.0736409608091024,0.6481223922114048
0.07365259996838944,0.6481223922114048
0.07366424280746127,0.6481223922114048
0.07367588932806324,0.6481223922114048
0.0736875395319418,0.6481223922114048
0.07369919342084454,0.6481223922114048
0.07371085099652008,0.6481223922114048
0.07372251226071824,0.6481223922114048
0.07373417721518988,0.6481223922114048
0.07374584586168698,0.6481223922114048
0.07375751820196265,0.6481223922114048
0.07376919423777109,0.6481223922114048
0.07378087397086763,0.6481223922114048
0.0737925574030087,0.6481223922114048
0.07380424453595186,0.6481223922114048
0.0736575320766672,0.6467315716272601
0.07366920152091255,0.6467315716272601
0.07352242116938679,0.6453407510431154
0.07353407290015848,0.6453407510431154
0.07354572832461563,0.6453407510431154
0.07356905026161407,0.6453407510431154
0.07358071677767206,0.6453407510431154
0.07359238699444885,0.6453407510431154
0.07360406091370558,0.6453407510431154
0.07345708392828812,0.6439499304589708
0.07346874008251349,0.6439499304589708
0.07348039993651802,0.6439499304589708
0.0734920634920635,0.6439499304589708
0.07350373075091285,0.6439499304589708
0.0735154017148301,0.6439499304589708
0.07352707638558044,0.6439499304589708
0.07353875476493012,0.6439499304589708
0.07355043685464654,0.6439499304589708
0.07356212265649825,0.6439499304589708
0.0735738121722549,0.6439499304589708
0.07358550540368722,0.6439499304589708
0.07359720235256716,0.6439499304589708
0.07360890302066772,0.6439499304589708
0.07362060740976308,0.6439499304589708
0.0736323155216285,0.6439499304589708
0.0736440273580404,0.6439499304589708
0.07365574292077633,0.6439499304589708
0.07366746221161495,0.6439499304589708
0.07367918523233609,0.6439499304589708
0.07369091198472068,0.6439499304589708
0.07370264247055078,0.6439499304589708
0.07371437669160961,0.6439499304589708
0.07372611464968153,0.6439499304589708
0.073737856346552,0.6439499304589708
0.07374960178400765,0.6439499304589708
0.07376135096383622,0.6439499304589708
0.07377310388782664,0.6439499304589708
0.07378486055776892,0.6439499304589708
0.07379662097545425,0.6439499304589708
0.07366071428571429,0.6425591098748261
0.07367246053261042,0.6425591098748261
0.07368421052631578,0.6425591098748261
0.07369596426862339,0.6425591098748261
0.07354818123803446,0.6411682892906815
0.07355991702569012,0.6411682892906815
0.07357165655920843,0.6411682892906815
0.07358339984038308,0.6411682892906815
0.07359514687100895,0.6411682892906815
0.073606897652882,0.6411682892906815
0.07361865218779942,0.6411682892906815
0.0736304104775595,0.6411682892906815
0.07364217252396166,0.6411682892906815
0.07365393832880651,0.6411682892906815
0.07366570789389582,0.6411682892906815
0.07367748122103245,0.6411682892906815
0.07368925831202046,0.6411682892906815
0.07370103916866506,0.6411682892906815
0.07372461218615065,0.6411682892906815
0.07373640435060781,0.6411682892906815
0.07374820028795392,0.6411682892906815
0.07376,0.6411682892906815
0.07378361075544174,0.6411682892906815
0.07380723663144412,0.6411682892906815
0.07383087764253683,0.6411682892906815
0.07384270382828768,0.6411682892906815
0.07385453380326819,0.6411682892906815
0.07386636756929979,0.6411682892906815
0.07387820512820513,0.6411682892906815
0.07389004648180798,0.6411682892906815
0.07391374058040724,0.6411682892906815
0.07392559332905708,0.6411682892906815
0.0739374498797113,0.6411682892906815
0.07394931023419955,0.6411682892906815
0.07396117439435264,0.6411682892906815
0.07397304236200257,0.6411682892906815
0.0739849141389825,0.6411682892906815
0.07399678972712681,0.6411682892906815
0.07400866912827099,0.6411682892906815
0.07402055234425177,0.6411682892906815
0.07403243937690701,0.6411682892906815
0.07404433022807581,0.6411682892906815
0.0740562248995984,0.6411682892906815
0.0740681233933162,0.6411682892906815
0.07408002571107183,0.6411682892906815
0.0740919318547091,0.6411682892906815
0.07410384182607298,0.6411682892906815
0.07411575562700964,0.6411682892906815
0.07412767325936646,0.6411682892906815
0.07413959472499196,0.6411682892906815
0.07415152002573588,0.6411682892906815
0.07416344916344916,0.6411682892906815
0.07417538213998391,0.6411682892906815
0.07418731895719344,0.6411682892906815
0.07419925961693224,0.6411682892906815
0.07422315247142167,0.6411682892906815
0.07423510466988728,0.6411682892906815
0.07424706071831212,0.6411682892906815
0.0742590206185567,0.6411682892906815
0.07427098437248268,0.6411682892906815
0.07428295198195295,0.6411682892906815
0.07429492344883158,0.6411682892906815
0.07430689877498388,0.6411682892906815
0.07431887796227632,0.6411682892906815
0.07433086101257659,0.6411682892906815
0.07418158361554587,0.6397774687065368
0.07419354838709677,0.6397774687065368
0.07420551701887401,0.6397774687065368
0.07421748951274605,0.6397774687065368
0.07424144609425436,0.6397774687065368
0.07425343018563357,0.6397774687065368
0.07426541814659347,0.6397774687065368
0.07427740997900856,0.6397774687065368
0.07428940568475452,0.6397774687065368
0.07431340872374798,0.6397774687065368
0.07432541606075295,0.6397774687065368
0.07433742727860375,0.6397774687065368
0.07434944237918216,0.6397774687065368
0.07436146136437116,0.6397774687065368
0.07437348423605497,0.6397774687065368
0.07438551099611902,0.6397774687065368
0.07439754164644995,0.6397774687065368
0.07440957618893562,0.6397774687065368
0.0744336569579288,0.6397774687065368
0.07445775331822596,0.6397774687065368
0.0744698073498462,0.6397774687065368
0.0744818652849741,0.6397774687065368
0.07449392712550608,0.6397774687065368
0.07450599287333981,0.6397774687065368
0.07451806253037421,0.6397774687065368
0.07453013609850939,0.6397774687065368
0.07454221357964673,0.6397774687065368
0.07455429497568881,0.6397774687065368
0.07456638028853947,0.6397774687065368
0.07457846952010376,0.6397774687065368
0.07459056267228799,0.6397774687065368
0.07460265974699967,0.6397774687065368
0.0746147607461476,0.6397774687065368
0.07446463335496431,0.6383866481223922
0.07447671588512088,0.6383866481223922
0.07432651736449204,0.6369958275382476
0.07433858139912351,0.6369958275382476
0.07435064935064935,0.6369958275382476
0.07436272122097744,0.6369958275382476
0.0743747970120169,0.6369958275382476
0.07438687672567809,0.6369958275382476
0.0744110479285134,0.6369958275382476
0.07442313942151446,0.6369958275382476
0.07443523484479116,0.6369958275382476
0.07444733420026008,0.6369958275382476
0.07445943748983905,0.6369958275382476
0.0743089430894309,0.6356050069541029
0.0743210278093999,0.6356050069541029
0.07434520904506263,0.6356050069541029
0.07435730556459486,0.6356050069541029
0.07436940602115541,0.6356050069541029
0.07421875,0.6342141863699583
0.07423083184111998,0.6342141863699583
0.0742429176164116,0.6342141863699583
0.07425500732779677,0.6342141863699583
0.0742671009771987,0.6342141863699583
0.07427919856654178,0.6342141863699583
0.07412838057999348,0.6328233657858137
0.07414045950790288,0.6328233657858137
0.07415254237288135,0.6328233657858137
0.07416462917685411,0.6328233657858137
0.07417671992174764,0.6328233657858137
0.07418881460948965,0.6328233657858137
0.07420091324200913,0.6328233657858137
0.07421301582123634,0.6328233657858137
0.07422512234910278,0.6328233657858137
0.0742372328275412,0.6328233657858137
0.07428571428571429,0.6328233657858137
0.07429784454604833,0.6328233657858137
0.07430997876857749,0.6328233657858137
0.07432211695524338,0.6328233657858137
0.0743342591079889,0.6328233657858137
0.07434640522875817,0.6328233657858137
0.07435855531949664,0.6328233657858137
0.07437070938215103,0.6328233657858137
0.07438286741866929,0.6328233657858137
0.07439502943100065,0.6328233657858137
0.07440719542109567,0.6328233657858137
0.07441936539090611,0.6328233657858137
0.07443153934238508,0.6328233657858137
0.07444371727748691,0.6328233657858137
0.07446808510638298,0.6328233657858137
0.07448027500409232,0.6328233657858137
0.07449246889325475,0.6328233657858137
0.07450466677583101,0.6328233657858137
0.07451686865378317,0.6328233657858137
0.07454128440366972,0.6328233657858137
0.07456571615863651,0.6328233657858137
0.07457793804294378,0.6328233657858137
0.07459016393442623,0.6328233657858137
0.07460239383505493,0.6328233657858137
0.07461462774680223,0.6328233657858137
0.07462686567164178,0.6328233657858137
0.07463910761154856,0.6328233657858137
0.07465135356849877,0.6328233657858137
0.07466360354446996,0.6328233657858137
0.074675857541441,0.6328233657858137
0.07468811556139199,0.6328233657858137
0.07471264367816093,0.6328233657858137
0.07472491377894563,0.6328233657858137
0.07473718791064389,0.6328233657858137
0.07474946607524231,0.6328233657858137
0.07476174827472888,0.6328233657858137
0.07477403451109285,0.6328233657858137
0.07478632478632478,0.6328233657858137
0.07479861910241657,0.6328233657858137
0.0748109174613614,0.6328233657858137
0.07482321986515376,0.6328233657858137
0.07483552631578948,0.6328233657858137
0.07484783681526568,0.6328233657858137
0.07486015136558079,0.6328233657858137
0.0748847926267281,0.6328233657858137
0.0749094501152453,0.6328233657858137
0.0749217849497777,0.6328233657858137
0.07493412384716733,0.6328233657858137
0.07494646680942184,0.6328233657858137
0.07495881383855024,0.6328233657858137
0.07498352010547132,0.6328233657858137
0.07499587934728862,0.6328233657858137
0.07500824266402902,0.6328233657858137
0.07502061005770816,0.6328233657858137
0.07486807387862797,0.631432545201669
0.07488042223321788,0.631432545201669
0.07489277466182778,0.631432545201669
0.07492985641194917,0.631432545201669
0.07494222515681744,0.631432545201669
0.0749669749009247,0.631432545201669
0.0749793559042114,0.631432545201669
0.07499174099768748,0.631432545201669
0.07483892284817446,0.6300417246175244
0.07485128883013879,0.6300417246175244
0.07486365889935548,0.6300417246175244
0.07487603305785125,0.6300417246175244
0.07488841130765415,0.6300417246175244
0.07491318008930048,0.6300417246175244
0.0749379652605459,0.6300417246175244
0.07495036399735275,0.6300417246175244
0.07496276683766341,0.6300417246175244
0.07498758483694752,0.6300417246175244
0.075,0.6300417246175244
0.07501241927471436,0.6300417246175244
0.07502484266313349,0.6300417246175244
0.07503727016730163,0.6300417246175244
0.07504970178926441,0.6300417246175244
0.07506213753106876,0.6300417246175244
0.075074577394763,0.6300417246175244
0.0751119217376886,0.6300417246175244
0.07512437810945273,0.6300417246175244
0.07513683861336871,0.6300417246175244
0.07514930325149304,0.6300417246175244
0.07517424493859941,0.6300417246175244
0.07518672199170125,0.6300417246175244
0.075199203187251,0.6300417246175244
0.07521168852731197,0.6300417246175244
0.07522417801394886,0.6300417246175244
0.0752366716492277,0.6300417246175244
0.07524916943521595,0.6300417246175244
0.07526167137398239,0.6300417246175244
0.07527417746759721,0.6300417246175244
0.07528668771813196,0.6300417246175244
0.07531172069825437,0.6300417246175244
0.07532424343199202,0.6300417246175244
0.07533677033094961,0.6300417246175244
0.0753493013972056,0.6300417246175244
0.0753618366328398,0.6300417246175244
0.07537437603993344,0.6300417246175244
0.0753994673768309,0.6300417246175244
0.07541201931080406,0.6300417246175244
0.07542457542457542,0.6300417246175244
0.07543713572023314,0.6300417246175244
0.07544970019986676,0.6300417246175244
0.07546226886556721,0.6300417246175244
0.07547484171942685,0.6300417246175244
0.07548741876353941,0.6300417246175244
0.07551258543090515,0.6300417246175244
0.07552517505835278,0.6300417246175244
0.07553776888444222,0.6300417246175244
0.07555036691127419,0.6300417246175244
0.07556296914095079,0.6300417246175244
0.07557557557557558,0.6300417246175244
0.07558818621725347,0.6300417246175244
0.07560080106809079,0.6300417246175244
0.0756134201301953,0.6300417246175244
0.07562604340567612,0.6300417246175244
0.07547169811320754,0.6286509040333796
0.07548430193720775,0.6286509040333796
0.07549690997160514,0.6286509040333796
0.07550952221850986,0.6286509040333796
0.07553475935828877,0.6286509040333796
0.07554738425539027,0.6286509040333796
0.0755600133734537,0.6286509040333796
0.07557264671459622,0.6286509040333796
0.0754180602006689,0.627260083449235
0.07543067402575682,0.627260083449235
0.07544329207092673,0.627260083449235
0.0754559143382968,0.627260083449235
0.07546854082998661,0.627260083449235
0.07548117154811715,0.627260083449235
0.07532641446267158,0.6258692628650904
0.07533902561526871,0.6258692628650904
0.07518419290020094,0.6244784422809457
0.0751967844582147,0.6244784422809457
0.07520938023450587,0.6244784422809457
0.0752219802311945,0.6244784422809457
0.07506702412868632,0.6230876216968011
0.0750796044913692,0.6230876216968011
0.07509218907140462,0.6230876216968011
0.07510477787091366,0.6230876216968011
0.07512996813684387,0.6230876216968011
0.07514256960751425,0.6230876216968011
0.07515517530615669,0.6230876216968011
0.07516778523489932,0.6230876216968011
0.07518039939587179,0.6230876216968011
0.0751930177912051,0.6230876216968011
0.07521826729348556,0.6230876216968011
0.07523089840470193,0.6230876216968011
0.07524353375881761,0.6230876216968011
0.07525617335797077,0.6230876216968011
0.07529411764705882,0.6230876216968011
0.07530677424777274,0.6230876216968011
0.07531943510423672,0.6230876216968011
0.07533210021859761,0.6230876216968011
0.0753447695930037,0.6230876216968011
0.07537012113055182,0.6230876216968011
0.07538280329799764,0.6230876216968011
0.07539548973409627,0.6230876216968011
0.0754081804410032,0.6230876216968011
0.07542087542087542,0.6230876216968011
0.07543357467587136,0.6230876216968011
0.07544627820815089,0.6230876216968011
0.07545898601987536,0.6230876216968011
0.07547169811320754,0.6230876216968011
0.07548441449031171,0.6230876216968011
0.07532861476238625,0.6216968011126565
0.07534131130962414,0.6216968011126565
0.075354012137559,0.6216968011126565
0.0753667172483561,0.6216968011126565
0.07541758056352287,0.6216968011126565
0.07543030712116099,0.6216968011126565
0.07544303797468355,0.6216968011126565
0.07548125633232017,0.6216968011126565
0.07549400439115014,0.6216968011126565
0.07550675675675676,0.6216968011126565
0.07551951343132286,0.6216968011126565
0.07553227441703278,0.6216968011126565
0.07554503971607233,0.6216968011126565
0.0755578093306288,0.6216968011126565
0.07557058326289096,0.6216968011126565
0.07559614408929477,0.6216968011126565
0.07562172221282355,0.6216968011126565
0.07563451776649746,0.6216968011126565
0.07547808427821967,0.6203059805285118
0.07551642397561802,0.6203059805285118
0.07555480264272404,0.6203059805285118
0.07556760420196544,0.6203059805285118
0.07558041009998305,0.6203059805285118
0.07559322033898305,0.6203059805285118
0.07560603492117308,0.6203059805285118
0.0756188538487623,0.6203059805285118
0.07563167712396134,0.6203059805285118
0.07564450474898236,0.6203059805285118
0.07565733672603901,0.6203059805285118
0.07567017305734645,0.6203059805285118
0.07568301374512133,0.6203059805285118
0.0756958587915818,0.6203059805285118
0.07570870819894755,0.6203059805285118
0.07572156196943973,0.6203059805285118
0.07573442010528103,0.6203059805285118
0.07557744565217392,0.6189151599443672
0.07560312606184166,0.6189151599443672
0.0756288239292998,0.6189151599443672
0.07564167941526433,0.6189151599443672
0.07565453927235634,0.6189151599443672
0.07566740350280564,0.6189151599443672
0.07568027210884354,0.6189151599443672
0.07569314509270283,0.6189151599443672
0.0757060224566179,0.6189151599443672
0.07571890420282457,0.6189151599443672
0.07573179033356024,0.6189151599443672
0.07574468085106383,0.6189151599443672
0.07577047505533799,0.6189151599443672
0.07578337874659401,0.6189151599443672
0.07579628683358883,0.6189151599443672
0.075809199318569,0.6189151599443672
0.07582211620378258,0.6189151599443672
0.07583503749147921,0.6189151599443672
0.07584796318391,0.6189151599443672
0.07586089328332765,0.6189151599443672
0.07587382779198636,0.6189151599443672
0.07571623465211459,0.6175243393602226
0.07572914889988061,0.6175243393602226
0.07574206755373593,0.6175243393602226
0.07575499061593585,0.6175243393602226
0.0757679180887372,0.6175243393602226
0.07578084997439836,0.6175243393602226
0.07579378627517924,0.6175243393602226
0.0758067269933413,0.6175243393602226
0.07583262169086251,0.6175243393602226
0.07588446419415484,0.6175243393602226
0.0758974358974359,0.6175243393602226
0.0759233926128591,0.6175243393602226
0.07593637762955362,0.6175243393602226
0.0759493670886076,0.6175243393602226
0.0757912745936698,0.6161335187760779
0.07581721718295396,0.6161335187760779
0.07584317753809279,0.6161335187760779
0.07585616438356164,0.6161335187760779
0.07586915567734201,0.6161335187760779
0.07588215142171977,0.6161335187760779
0.07589515161898236,0.6161335187760779
0.07590815627141878,0.6161335187760779
0.07592116538131963,0.6161335187760779
0.07593417895097702,0.6161335187760779
0.07594719698268472,0.6161335187760779
0.075960219478738,0.6161335187760779
0.07597324644143372,0.6161335187760779
0.07601235415236787,0.6161335187760779
0.0760253990046336,0.6161335187760779
0.07603844833504977,0.6161335187760779
0.07605150214592275,0.6161335187760779
0.07606456043956043,0.6161335187760779
0.07607762321827237,0.6161335187760779
0.07609069048436963,0.6161335187760779
0.07593197045181241,0.6147426981919333
0.07594501718213058,0.6147426981919333
0.07595806839663172,0.6147426981919333
0.07597112409762805,0.6147426981919333
0.07598418428743338,0.6147426981919333
0.07599724896836314,0.6147426981919333
0.0760103181427343,0.6147426981919333
0.07602339181286549,0.6147426981919333
0.0760364699810769,0.6147426981919333
0.07589055240061951,0.6133518776077886
0.07590361445783132,0.6133518776077886
0.07591668101222242,0.6133518776077886
0.0759297520661157,0.6133518776077886
0.07594282762183571,0.6133518776077886
0.07595590768170858,0.6133518776077886
0.07596899224806201,0.6133518776077886
0.07598208132322536,0.6133518776077886
0.07599517490952955,0.6133518776077886
0.07600827300930714,0.6133518776077886
0.07584899155318049,0.6119610570236439
0.07586206896551724,0.6119610570236439
0.0758882373232149,0.6119610570236439
0.07572882525444195,0.6105702364394993
0.07556935817805382,0.6091794158553546
0.07558239861949957,0.6091794158553546
0.07559544356230584,0.6091794158553546
0.07560849300880373,0.6091794158553546
0.07562154696132596,0.6091794158553546
0.07563460542220687,0.6091794158553546
0.07564766839378238,0.6091794158553546
0.07566073587839005,0.6091794158553546
0.07567380787836904,0.6091794158553546
0.07568688439606014,0.6091794158553546
0.07569996543380574,0.6091794158553546
0.07571305099394987,0.6091794158553546
0.07572614107883817,0.6091794158553546
0.07573923569081792,0.6091794158553546
0.07575233483223798,0.6091794158553546
0.0755924580522401,0.60778859527121
0.07560553633217994,0.60778859527121
0.07561861913825921,0.60778859527121
0.07563170647282796,0.60778859527121
0.07564479833823784,0.60778859527121
0.07548476454293629,0.6063977746870653
0.07532467532467532,0.6050069541029207
0.07535077082972458,0.6050069541029207
0.07536382536382537,0.6050069541029207
0.07537688442211055,0.6050069541029207
0.07538994800693241,0.6050069541029207
0.07541608876560332,0.6050069541029207
0.07542916594416507,0.6050069541029207
0.07544224765868887,0.6050069541029207
0.07545533391153512,0.6050069541029207
0.07546842470506593,0.6050069541029207
0.07550772435341087,0.6050069541029207
0.07552083333333333,0.6050069541029207
0.0751997221257381,0.6022253129346314
0.07522585128561501,0.6022253129346314
0.07523892267593398,0.6022253129346314
0.07525199860966285,0.6022253129346314
0.0750912567356162,0.6008344923504868
0.07510431154381085,0.6008344923504868
0.07511737089201878,0.6008344923504868
0.0751304347826087,0.6008344923504868
0.07514350321795095,0.6008344923504868
0.07515657620041753,0.6008344923504868
0.07518273581621998,0.6008344923504868
0.0751958224543081,0.6008344923504868
0.07520891364902507,0.6008344923504868
0.07523510971786834,0.6008344923504868
0.07524821459676015,0.6008344923504868
0.07526132404181185,0.6008344923504868
0.07510019167102283,0.5994436717663422
0.07493900313698153,0.5980528511821975
0.07497820401046207,0.5980528511821975
0.0749912800837112,0.5980528511821975
0.07484298674110258,0.5966620305980529
0.07485604606525911,0.5966620305980529
0.07486910994764398,0.5966620305980529
0.0748821783906441,0.5966620305980529
0.07489525139664804,0.5966620305980529
0.0749083289680461,0.5966620305980529
0.07492141110723018,0.5966620305980529
0.07493449781659389,0.5966620305980529
0.0749475890985325,0.5966620305980529
0.07496068495544295,0.5966620305980529
0.07497378538972388,0.5966620305980529
0.07498689040377557,0.5966620305980529
0.075,0.5966620305980529
0.07501311418080084,0.5966620305980529
0.07502623294858342,0.5966620305980529
0.07503935630575477,0.5966620305980529
0.07505248425472358,0.5966620305980529
0.07506561679790026,0.5966620305980529
0.07507875393769689,0.5966620305980529
0.07510504201680672,0.5966620305980529
0.07494309227805988,0.5952712100139083
0.07496934664564722,0.5952712100139083
0.07498248072880168,0.5952712100139083
0.07499561941475381,0.5952712100139083
0.07500876270592359,0.5952712100139083
0.07502191060473269,0.5952712100139083
0.07503506311360449,0.5952712100139083
0.07504822023496406,0.5952712100139083
0.07508771929824562,0.5952712100139083
0.07512725996138318,0.5952712100139083
0.07514044943820225,0.5952712100139083
0.07515364354697103,0.5952712100139083
0.07516684229012996,0.5952712100139083
0.0752064663503778,0.5952712100139083
0.07521968365553602,0.5952712100139083
0.07523290560731236,0.5952712100139083
0.07524613220815753,0.5952712100139083
0.075259363460524,0.5952712100139083
0.0750967288075976,0.5938803894297635
0.07510993843447669,0.5938803894297635
0.07512315270935961,0.5938803894297635
0.07513637163469998,0.5938803894297635
0.07514959521295318,0.5938803894297635
0.07516282344657631,0.5938803894297635
0.07517605633802817,0.5938803894297635
0.07518929388976933,0.5938803894297635
0.07520253610426206,0.5938803894297635
0.07503963360930069,0.5924895688456189
0.07506607929515419,0.5924895688456189
0.075079309129362,0.5924895688456189
0.0750925436277102,0.5924895688456189
0.07510578279266572,0.5924895688456189
0.07511902662669723,0.5924895688456189
0.07513227513227513,0.5924895688456189
0.07514552831187159,0.5924895688456189
0.07517204870301747,0.5924895688456189
0.07519858781994704,0.5924895688456189
0.07521186440677965,0.5924895688456189
0.07522514568250044,0.5924895688456189
0.07523843164959379,0.5924895688456189
0.07510160805796078,0.5910987482614742
0.07511488158359844,0.5910987482614742
0.0751281598020152,0.5910987482614742
0.07514144271570014,0.5910987482614742
0.07516802263883976,0.5910987482614742
0.07518131965328144,0.5910987482614742
0.07519462137296533,0.5910987482614742
0.07520792780038932,0.5910987482614742
0.0752212389380531,0.5910987482614742
0.07523455478845813,0.5910987482614742
0.07524787535410765,0.5910987482614742
0.07527453064116188,0.5910987482614742
0.07528786536758193,0.5910987482614742
0.07530120481927711,0.5910987482614742
0.07531454899875953,0.5910987482614742
0.07515065579581709,0.5897079276773296
0.0751639780180819,0.5897079276773296
0.075177304964539,0.5897079276773296
0.07519063663770172,0.5897079276773296
0.07520397304008514,0.5897079276773296
0.07521731417420614,0.5897079276773296
0.07523066004258339,0.5897079276773296
0.07524401064773735,0.5897079276773296
0.07507987220447285,0.588317107093185
0.07509320078111131,0.588317107093185
0.07492897727272728,0.5869262865090403
0.07494228378618363,0.5869262865090403
0.07477797513321492,0.5855354659248957
0.07479125954876532,0.5855354659248957
0.0748045486851457,0.5855354659248957
0.07481784254487293,0.5855354659248957
0.0748311411304657,0.5855354659248957
0.07484444444444445,0.5855354659248957
0.07485775248933144,0.5855354659248957
0.07487106526765072,0.5855354659248957
0.07492436376579463,0.5855354659248957
0.074937700249199,0.5855354659248957
0.07477301050382766,0.5841446453407511
0.07478632478632478,0.5841446453407511
0.07479964381121995,0.5841446453407511
0.07481296758104738,0.5841446453407511
0.07482629609834313,0.5841446453407511
0.07483962936564505,0.5841446453407511
0.07485296738549278,0.5841446453407511
0.0748663101604278,0.5841446453407511
0.0748796576929934,0.5841446453407511
0.07489300998573467,0.5841446453407511
0.07491972886193364,0.5841446453407511
0.07493309545049064,0.5841446453407511
0.07494646680942184,0.5841446453407511
0.07495984294128145,0.5841446453407511
0.07498660953401179,0.5841446453407511
0.07501339524915164,0.5841446453407511
0.07502679528403002,0.5841446453407511
0.0748615329640879,0.5827538247566064
0.07487491065046462,0.5827538247566064
0.07488829311885613,0.5827538247566064
0.07490168037182696,0.5827538247566064
0.0749150724119435,0.5827538247566064
0.07492846924177396,0.5827538247566064
0.07494187086388839,0.5827538247566064
0.07495527728085867,0.5827538247566064
0.07496868849525855,0.5827538247566064
0.07498210450966357,0.5827538247566064
0.07499552532665116,0.5827538247566064
0.07502238137869292,0.5827538247566064
0.07503581661891118,0.5827538247566064
0.07506270154066642,0.5827538247566064
0.07507615122737861,0.5827538247566064
0.07511652922194335,0.5827538247566064
0.07514347202295553,0.5827538247566064
0.07515695067264574,0.5827538247566064
0.07517043415859347,0.5827538247566064
0.07518392248340212,0.5827538247566064
0.07519741564967695,0.5827538247566064
0.07521091366002514,0.5827538247566064
0.07522441651705565,0.5827538247566064
0.07523792422337942,0.5827538247566064
0.07507183908045977,0.5813630041724618
0.07508532423208192,0.5813630041724618
0.07509881422924901,0.5813630041724618
0.07511230907457322,0.5813630041724618
0.07512580877066859,0.5813630041724618
0.07498651321704729,0.5799721835883171
0.075,0.5799721835883171
0.07501349163518618,0.5799721835883171
0.07484706729039223,0.5785813630041725
0.07486053626057225,0.5785813630041725
0.07487401007919367,0.5785813630041725
0.07488748874887488,0.5785813630041725
0.07490097227223623,0.5785813630041725
0.07491446065189987,0.5785813630041725
0.07492795389048991,0.5785813630041725
0.07494145199063232,0.5785813630041725
0.07495495495495495,0.5785813630041725
0.07478825013515948,0.5771905424200278
0.07480173035328046,0.5771905424200278
0.07481521543176492,0.5771905424200278
0.07466185752930568,0.5757997218358831
0.07470227354745579,0.5757997218358831
0.07471575527883054,0.5757997218358831
0.07472924187725631,0.5757997218358831
0.0747427333453692,0.5757997218358831
0.07475622968580715,0.5757997218358831
0.07476973090121004,0.5757997218358831
0.07478323699421965,0.5757997218358831
0.07479674796747968,0.5757997218358831
0.07462956270328876,0.5744089012517385
0.07464305078619193,0.5744089012517385
0.07465654374548084,0.5744089012517385
0.0746700415838004,0.5744089012517385
0.07469705190812082,0.5744089012517385
0.07471056439942113,0.5744089012517385
0.074724081780351,0.5744089012517385
0.07475113122171946,0.5744089012517385
0.07459713923592251,0.5730180806675939
0.0746106483158276,0.5730180806675939
0.07462416228944031,0.5730180806675939
0.0746376811594203,0.5730180806675939
0.07466473359913012,0.5730180806675939
0.07467826717418886,0.5730180806675939
0.07469180565627266,0.5730180806675939
0.07452402538531279,0.5716272600834492
0.07453754080522307,0.5716272600834492
0.07436967168510793,0.5702364394993046
0.07438316400580551,0.5702364394993046
0.07439666122300853,0.5702364394993046
0.07441016333938294,0.5702364394993046
0.07442367035759666,0.5702364394993046
0.07443718228031954,0.5702364394993046
0.07446422084998183,0.5702364394993046
0.07447774750227067,0.5702364394993046
0.07449127906976744,0.5702364394993046
0.07450481555515173,0.5702364394993046
0.07453190329031086,0.5702364394993046
0.07454545454545454,0.5702364394993046
0.0745590107292235,0.5702364394993046
0.07439068752273555,0.56884561891516
0.07422230307440422,0.5674547983310153
0.07424931756141948,0.5674547983310153
0.07426283218056061,0.5674547983310153
0.07427635172037138,0.5674547983310153
0.07428987618353969,0.5674547983310153
0.07430340557275542,0.5674547983310153
0.07433047914009838,0.5674547983310153
0.07434402332361516,0.5674547983310153
0.07435757244395845,0.5674547983310153
0.07437112650382792,0.5674547983310153
0.07438468550592525,0.5674547983310153
0.07421590080233406,0.5660639777468707
0.07407407407407407,0.564673157162726
0.07411464037970063,0.564673157162726
0.07412817235712982,0.564673157162726
0.07414170927684441,0.564673157162726
0.07415525114155251,0.564673157162726
0.07398611618560468,0.5632823365785814
0.07399963456970583,0.5632823365785814
0.07383040935672515,0.5618915159944368
0.07384390422226284,0.5618915159944368
0.07387090875845675,0.5618915159944368
0.07389793305286263,0.5618915159944368
0.0739114526161727,0.5618915159944368
0.07392497712717291,0.5618915159944368
0.0739385065885798,0.5618915159944368
0.07396558037348956,0.5618915159944368
0.07397912470243545,0.5618915159944368
0.073992673992674,0.5618915159944368
0.07400622824693168,0.5618915159944368
0.07401978746793697,0.5618915159944368
0.07403335165842037,0.5618915159944368
0.07406049495875344,0.5618915159944368
0.07407407407407407,0.5618915159944368
0.07408765816981477,0.5618915159944368
0.07410124724871607,0.5618915159944368
0.07411484131352046,0.5618915159944368
0.07412844036697248,0.5618915159944368
0.07395852449990824,0.5605006954102921
0.07397209985315713,0.5605006954102921
0.07398568019093078,0.5605006954102921
0.07399926551597502,0.5605006954102921
0.07401285583103764,0.5605006954102921
0.07402645113886848,0.5605006954102921
0.07404005144221937,0.5605006954102921
0.07405365674384418,0.5605006954102921
0.07406726704649881,0.5605006954102921
0.07408088235294118,0.5605006954102921
0.07409450266593123,0.5605006954102921
0.07412175832260438,0.5605006954102921
0.07413539367181751,0.5605006954102921
0.07414903403863846,0.5605006954102921
0.07416267942583732,0.5605006954102921
0.07417632983618627,0.5605006954102921
0.07420364573743325,0.5605006954102921
0.07421731123388582,0.5605006954102921
0.07423098176459753,0.5605006954102921
0.07424465733235078,0.5605006954102921
0.07425833793992997,0.5605006954102921
0.07428571428571429,0.5605006954102921
0.07429941002949852,0.5605006954102921
0.07431311082426702,0.5605006954102921
0.07432681667281446,0.5605006954102921
0.07434052757793765,0.5605006954102921
0.07435424354243543,0.5605006954102921
0.07418342867687765,0.5591098748261474
0.07419712070874862,0.5591098748261474
0.07421081779582794,0.5591098748261474
0.0742245199409158,0.5591098748261474
0.0742382271468144,0.5591098748261474
0.07425193941632804,0.5591098748261474
0.07426565675226307,0.5591098748261474
0.07427937915742794,0.5591098748261474
0.07429310663463315,0.5591098748261474
0.07430683918669131,0.5591098748261474
0.07432057681641709,0.5591098748261474
0.07433431952662722,0.5591098748261474
0.07434806732014056,0.5591098748261474
0.07436182019977802,0.5591098748261474
0.07419056429232193,0.5577190542420027
0.07420429311621021,0.5577190542420027
0.0742180270220248,0.5577190542420027
0.07423176601258794,0.5577190542420027
0.07424551009072394,0.5577190542420027
0.07425925925925926,0.5577190542420027
0.07427301352102242,0.5577190542420027
0.07410151908114117,0.5563282336578581
0.07411524921252548,0.5563282336578581
0.07412898443291327,0.5563282336578581
0.07414272474513438,0.5563282336578581
0.07415647015202076,0.5563282336578581
0.07417022065640645,0.5563282336578581
0.07418397626112759,0.5563282336578581
0.07403971052143254,0.5549374130737135
0.07405345211581292,0.5549374130737135
0.07406719881195471,0.5549374130737135
0.07408095061269959,0.5549374130737135
0.07409470752089137,0.5549374130737135
0.07410846953937593,0.5549374130737135
0.0741222366710013,0.5549374130737135
0.07413600891861762,0.5549374130737135
0.07414978628507712,0.5549374130737135
0.0741635687732342,0.5549374130737135
0.07417735638594534,0.5549374130737135
0.07419114912606917,0.5549374130737135
0.07420494699646643,0.5549374130737135
0.07421875,0.5549374130737135
0.07423255813953489,0.5549374130737135
0.07424637141793822,0.5549374130737135
0.07426018983807929,0.5549374130737135
0.07427401340282949,0.5549374130737135
0.07428784211506237,0.5549374130737135
0.07430167597765364,0.5549374130737135
0.07431551499348109,0.5549374130737135
0.07432935916542474,0.5549374130737135
0.07434320849636669,0.5549374130737135
0.0743570629891912,0.5549374130737135
0.07437092264678472,0.5549374130737135
0.0743847874720358,0.5549374130737135
0.07439865746783517,0.5549374130737135
0.07441253263707572,0.5549374130737135
0.07442641298265248,0.5549374130737135
0.07444029850746268,0.5549374130737135
0.07445418921440568,0.5549374130737135
0.07446808510638298,0.5549374130737135
0.0744819861862983,0.5549374130737135
0.07449589245705751,0.5549374130737135
0.07450980392156863,0.5549374130737135
0.07452372058274187,0.5549374130737135
0.07453764244348964,0.5549374130737135
0.07455156950672645,0.5549374130737135
0.0745655017753691,0.5549374130737135
0.07439252336448599,0.5535465924895688
0.07440643110861843,0.5535465924895688
0.07442034405385191,0.5535465924895688
0.07443426220310455,0.5535465924895688
0.07444818555929666,0.5535465924895688
0.07427502338634237,0.5521557719054242
0.07428892215568862,0.5521557719054242
0.07411566535654127,0.5507649513212796
0.07412953949831524,0.5507649513212796
0.07414341883542408,0.5507649513212796
0.07397003745318352,0.5493741307371349
0.0739838921146282,0.5493741307371349
0.07399775196702885,0.5493741307371349
0.07403936269915651,0.5493741307371349
0.07406712919557472,0.5493741307371349
0.07408102025506376,0.5493741307371349
0.07410881801125703,0.5493741307371349
0.07412272471382998,0.5493741307371349
0.07413663663663664,0.5493741307371349
0.07415055378261685,0.5493741307371349
0.07416447615471274,0.5493741307371349
0.07417840375586854,0.5493741307371349
0.07419233658903081,0.5493741307371349
0.07420627465714823,0.5493741307371349
0.07403231867718903,0.5479833101529903
0.07404623191129486,0.5479833101529903
0.07389996239187664,0.5465924895688457
0.07391386119992477,0.5465924895688457
0.07394167450611477,0.5465924895688457
0.07395558901016183,0.5465924895688457
0.07396950875211744,0.5465924895688457
0.07399736396158915,0.5465924895688457
0.07401129943502825,0.5465924895688457
0.07402524015822189,0.5465924895688457
0.07403918613413715,0.5465924895688457
0.07405313736574336,0.5465924895688457
0.07406709385601207,0.5465924895688457
0.07408105560791706,0.5465924895688457
0.07409502262443439,0.5465924895688457
0.07410899490854234,0.5465924895688457
0.07393436439079593,0.545201668984701
0.07394831163931334,0.545201668984701
0.07377358490566038,0.5438108484005564
0.07378750707680694,0.5438108484005564
0.07380143450358626,0.5438108484005564
0.0738153671889749,0.5438108484005564
0.07382930513595166,0.5438108484005564
0.07384324834749764,0.5438108484005564
0.07385719682659615,0.5438108484005564
0.07371007371007371,0.5424200278164116
0.07372400756143667,0.5424200278164116
0.07354887502363396,0.541029207232267
0.07356278366111951,0.541029207232267
0.07357669756005296,0.541029207232267
0.07341532639545885,0.5396383866481224
0.07342922028766086,0.5396383866481224
0.07344311943971228,0.5396383866481224
0.07326770162817114,0.5382475660639777
0.07328157545919334,0.5382475660639777
0.07329545454545454,0.5382475660639777
0.07330933888994128,0.5382475660639777
0.0733232284956423,0.5382475660639777
0.07333712336554861,0.5382475660639777
0.07335102350265353,0.5382475660639777
0.07337883959044368,0.5382475660639777
0.07323088597988997,0.5368567454798331
0.07324478178368121,0.5368567454798331
0.07325868286202315,0.5368567454798331
0.07327258921791951,0.5368567454798331
0.07328650085437631,0.5368567454798331
0.07330041777440183,0.5368567454798331
0.07331433998100664,0.5368567454798331
0.07332826747720365,0.5368567454798331
0.07334220026600798,0.5368567454798331
0.07316609654123907,0.5354659248956884
0.07298992586960654,0.5340751043115438
0.07300380228136882,0.5340751043115438
0.07301768397033656,0.5340751043115438
0.07303157093952073,0.5340751043115438
0.07304546319193456,0.5340751043115438
0.0730593607305936,0.5340751043115438
0.07308717167872097,0.5340751043115438
0.07311500380807312,0.5340751043115438
0.07312892782327175,0.5340751043115438
0.07314285714285715,0.5340751043115438
0.07317073170731707,0.5340751043115438
0.07318467695826186,0.5340751043115438
0.07319862752573389,0.5340751043115438
0.07322654462242563,0.5340751043115438
0.07324051115773413,0.5340751043115438
0.07325448302174742,0.5340751043115438
0.07326846021751574,0.5340751043115438
0.0732824427480916,0.5340751043115438
0.07329643061652988,0.5340751043115438
0.07311951126384116,0.5326842837273992
0.07317539166985097,0.5326842837273992
0.07318937511943435,0.5326842837273992
0.07320336391437308,0.5326842837273992
0.07321735805773275,0.5326842837273992
0.07323135755258126,0.5326842837273992
0.07324536240198891,0.5326842837273992
0.0732593726090283,0.5326842837273992
0.07327338817677444,0.5326842837273992
0.07328740910830463,0.5326842837273992
0.07330143540669856,0.5326842837273992
0.07331546707503829,0.5326842837273992
0.07332950411640819,0.5326842837273992
0.07335759433058801,0.5326842837273992
0.07337164750957854,0.5326842837273992
0.07338570607396053,0.5326842837273992
0.07339977002683021,0.5326842837273992
0.07344199424736338,0.5326842837273992
0.07345607978519371,0.5326842837273992
0.0734983688351564,0.5326842837273992
0.07351247600767755,0.5326842837273992
0.07352658859665963,0.5326842837273992
0.07354070660522273,0.5326842837273992
0.07355483003648934,0.5326842837273992
0.07358309317963496,0.5326842837273992
0.07359723289777094,0.5326842837273992
0.07361137805112435,0.5326842837273992
0.07362552864282967,0.5326842837273992
0.07363968467602384,0.5326842837273992
0.07365384615384615,0.5326842837273992
0.07366801307943835,0.5326842837273992
0.0736821854559446,0.5326842837273992
0.07369636328651145,0.5326842837273992
0.07371054657428791,0.5326842837273992
0.0737247353224254,0.5326842837273992
0.07373892953407778,0.5326842837273992
0.0737531292124013,0.5326842837273992
0.0737673343605547,0.5326842837273992
0.07379576107899807,0.5326842837273992
0.07380998265561765,0.5326842837273992
0.0738242097147263,0.5326842837273992
0.07383844225949489,0.5326842837273992
0.0738526802930968,0.5326842837273992
0.07386692381870781,0.5326842837273992
0.07388117283950617,0.5326842837273992
0.07389542735867258,0.5326842837273992
0.0739096873793902,0.5326842837273992
0.07392395290484463,0.5326842837273992
0.07393822393822394,0.5326842837273992
0.07395250048271867,0.5326842837273992
0.07396678254152182,0.5326842837273992
0.07398107011782885,0.5326842837273992
0.07399536321483771,0.5326842837273992
0.0740096618357488,0.5326842837273992
0.07402396598376498,0.5326842837273992
0.07403827566209163,0.5326842837273992
0.07406691162251015,0.5326842837273992
0.0739021087250919,0.5312934631432545
0.07391640866873066,0.5312934631432545
0.07394502516453735,0.5312934631432545
0.07395934172313649,0.5312934631432545
0.07397366382649109,0.5312934631432545
0.07398799147782296,0.5312934631432545
0.07400232468035645,0.5312934631432545
0.07401666343731834,0.5312934631432545
0.07403100775193798,0.5312934631432545
0.07404535762744718,0.5312934631432545
0.07405971306708026,0.5312934631432545
0.07410281280310378,0.5312934631432545
0.0739231664726426,0.5299026425591099
0.07395186335403726,0.5299026425591099
0.07396622015142691,0.5299026425591099
0.07399495047582055,0.5299026425591099
0.07381507381507381,0.5285118219749653
0.0738294151933165,0.5285118219749653
0.07384376214535561,0.5285118219749653
0.0738581146744412,0.5285118219749653
0.07387247278382582,0.5285118219749653
0.07388683647676453,0.5285118219749653
0.07391558062633728,0.5285118219749653
0.07392996108949416,0.5285118219749653
0.07394434714925083,0.5285118219749653
0.07395873880887505,0.5285118219749653
0.07397313607163714,0.5285118219749653
0.07398753894080996,0.5285118219749653
0.07400194741966894,0.5285118219749653
0.07401636151149202,0.5285118219749653
0.07403078121955971,0.5285118219749653
0.0740452065471551,0.5285118219749653
0.07405963749756382,0.5285118219749653
0.07407407407407407,0.5285118219749653
0.0740885162799766,0.5285118219749653
0.07410296411856475,0.5285118219749653
0.07411741759313438,0.5285118219749653
0.074131876706984,0.5285118219749653
0.07395121951219512,0.5271210013908206
0.07396565183450429,0.5271210013908206
0.073980089791138,0.5271210013908206
0.07399453338539633,0.5271210013908206
0.07400898262058192,0.5271210013908206
0.0740234375,0.5271210013908206
0.07403789802695838,0.5271210013908206
0.07405236420476749,0.5271210013908206
0.07408131352619234,0.5271210013908206
0.07390029325513196,0.5257301808066759
0.07391474384043802,0.5257301808066759
0.07392920007823196,0.5257301808066759
0.07394366197183098,0.5257301808066759
0.07395812952455488,0.5257301808066759
0.07397260273972603,0.5257301808066759
0.0739870816206694,0.5257301808066759
0.0740015661707126,0.5257301808066759
0.07404505386875612,0.5257301808066759
0.07405956112852664,0.5257301808066759
0.07407407407407407,0.5257301808066759
0.07408859270874167,0.5257301808066759
0.07410311703587531,0.5257301808066759
0.07411764705882352,0.5257301808066759
0.07395056885052961,0.5243393602225312
0.07376888365705317,0.5229485396383866
0.07379784102060843,0.5229485396383866
0.07381232822928936,0.5229485396383866
0.07384131971720345,0.5229485396383866
0.0738558240031428,0.5229485396383866
0.07387033398821218,0.5229485396383866
0.07389937106918239,0.5229485396383866
0.0737173186553961,0.521557719054242
0.07354965585054081,0.5201668984700973
0.07356412273800157,0.5201668984700973
0.07357859531772576,0.5201668984700973
0.0735930735930736,0.5201668984700973
0.07341074591615823,0.5187760778859527
0.0734251968503937,0.5187760778859527
0.07324276432368576,0.5173852573018081
0.07325718786923986,0.5173852573018081
0.07328605200945626,0.5173852573018081
0.07330049261083744,0.5173852573018081
0.07311785573512022,0.5159944367176634
0.07313226887443328,0.5159944367176634
0.07314668769716089,0.5159944367176634
0.07316111220666535,0.5159944367176634
0.07317554240631163,0.5159944367176634
0.07318997829946736,0.5159944367176634
0.07320441988950276,0.5159944367176634
0.0732188671797908,0.5159944367176634
0.07323332017370707,0.5159944367176634
0.07324777887462981,0.5159944367176634
0.07326224328593997,0.5159944367176634
0.07327671341102113,0.5159944367176634
0.07329118925325959,0.5159944367176634
0.07330567081604426,0.5159944367176634
0.0733201581027668,0.5159944367176634
0.07333465111682151,0.5159944367176634
0.07334914986160537,0.5159944367176634
0.0733636543405181,0.5159944367176634
0.07337816455696203,0.5159944367176634
0.07339268051434224,0.5159944367176634
0.07340720221606649,0.5159944367176634
0.07342172966554522,0.5159944367176634
0.0734362628661916,0.5159944367176634
0.0734508018214215,0.5159944367176634
0.07326732673267326,0.5146036161335188
0.07309825673534073,0.5132127955493742
0.0729146027342976,0.5118219749652295
0.0729290527150218,0.5118219749652295
0.07294350842418236,0.5118219749652295
0.07295796986518636,0.5118219749652295
0.07297243704144359,0.5118219749652295
0.07298690995636652,0.5118219749652295
0.07300138861337037,0.5118219749652295
0.07301587301587302,0.5118219749652295
0.0730303631672951,0.5118219749652295
0.07304485907105994,0.5118219749652295
0.0730593607305936,0.5118219749652295
0.07287529785544082,0.5104311543810849
0.07288977159880834,0.5104311543810849
0.07291873634015497,0.5104311543810849
0.07293322734499205,0.5104311543810849
0.07294772411051481,0.5104311543810849
0.07296222664015904,0.5104311543810849
0.07299124900556882,0.5104311543810849
0.07300576884821962,0.5104311543810849
0.07302029446876243,0.5104311543810849
0.07303482587064676,0.5104311543810849
0.07304936305732485,0.5104311543810849
0.07306390603225164,0.5104311543810849
0.0730784547988849,0.5104311543810849
0.07309300936068512,0.5104311543810849
0.07313670785173376,0.5104311543810849
0.07315128562886188,0.5104311543810849
0.0731658692185008,0.5104311543810849
0.07318045862412761,0.5104311543810849
0.07319505384922217,0.5104311543810849
0.07301017354877319,0.5090403337969402
0.07302474062250598,0.5090403337969402
0.07303931351027738,0.5090403337969402
0.07305389221556886,0.5090403337969402
0.07306847674186465,0.5090403337969402
0.07308306709265176,0.5090403337969402
0.07309766327142002,0.5090403337969402
0.07311226528166201,0.5090403337969402
0.07312687312687313,0.5090403337969402
0.07314148681055156,0.5090403337969402
0.07315610633619828,0.5090403337969402
0.07317073170731707,0.5090403337969402
0.07318536292741452,0.5090403337969402
0.0732,0.5090403337969402
0.07321464292858572,0.5090403337969402
0.0732586068855084,0.5090403337969402
0.07328794553464157,0.5090403337969402
0.0733026236731424,0.5090403337969402
0.07311698717948718,0.5076495132127955
0.07313163694650371,0.5076495132127955
0.07314629258517034,0.5076495132127955
0.07316095409901784,0.5076495132127955
0.07317562149157979,0.5076495132127955
0.07319029476639262,0.5076495132127955
0.07320497392699558,0.5076495132127955
0.0732196589769308,0.5076495132127955
0.07323434991974317,0.5076495132127955
0.07324904675898053,0.5076495132127955
0.0732637494981935,0.5076495132127955
0.07327845814093556,0.5076495132127955
0.07329317269076305,0.5076495132127955
0.07330789315123519,0.5076495132127955
0.07312173563680192,0.5062586926286509
0.07313642756680731,0.5062586926286509
0.07315112540192927,0.5062586926286509
0.07316582914572864,0.5062586926286509
0.07297949336550061,0.5048678720445062
0.07299416850995374,0.5048678720445062
0.07300884955752213,0.5048678720445062
0.07303822937625755,0.5048678720445062
0.07305292815455826,0.5048678720445062
0.07306763285024155,0.5048678720445062
0.07308234346688142,0.5048678720445062
0.07309706000805477,0.5048678720445062
0.07311178247734139,0.5048678720445062
0.07314124521458795,0.5048678720445062
0.07315598548972188,0.5048678720445062
0.07317073170731707,0.5048678720445062
0.07318548387096774,0.5048678720445062
0.07320024198427103,0.5048678720445062
0.07321500605082695,0.5048678720445062
0.07322977607423845,0.5048678720445062
0.07324455205811138,0.5048678720445062
0.07325933400605449,0.5048678720445062
0.07327412192167945,0.5048678720445062
0.07328891580860085,0.5048678720445062
0.07330371567043618,0.5048678720445062
0.0731165421127045,0.5034770514603616
0.07313131313131313,0.5034770514603616
0.07314609011921601,0.5034770514603616
0.07316087308003234,0.5034770514603616
0.07317566201738428,0.5034770514603616
0.07319045693489688,0.5034770514603616
0.07320525783619818,0.5034770514603616
0.07303257131296784,0.502086230876217
0.07304734925131526,0.502086230876217
0.07309171897145171,0.502086230876217
0.07310652085864723,0.502086230876217
0.0731213287421511,0.502086230876217
0.07313614262560778,0.502086230876217
0.07315096251266465,0.502086230876217
0.07316578840697203,0.502086230876217
0.07318062031218325,0.502086230876217
0.07319545823195459,0.502086230876217
0.07321030216994524,0.502086230876217
0.07322515212981745,0.502086230876217
0.07324000811523636,0.502086230876217
0.07325487012987013,0.502086230876217
0.0732697381773899,0.502086230876217
0.07328461226146975,0.502086230876217
0.0732994923857868,0.502086230876217
0.07331437855402112,0.502086230876217
0.07312614259597806,0.5006954102920723
0.07314099959366112,0.5006954102920723
0.07315586262954683,0.5006954102920723
0.07317073170731707,0.5006954102920723
0.07298231347834926,0.4993045897079277
0.07299715331435543,0.4993045897079277
0.07301199918649583,0.4993045897079277
0.07302685109845403,0.4993045897079277
0.07304170905391658,0.4993045897079277
0.07285307285307285,0.49791376912378305
0.07286790148585386,0.49791376912378305
0.07289757686825493,0.49791376912378305
0.07270875763747454,0.4965229485396384
0.07272356895498065,0.4965229485396384
0.07273838630806846,0.4965229485396384
0.07275320970042796,0.4965229485396384
0.072782874617737,0.4965229485396384
0.07279771615008157,0.4965229485396384
0.07281256373648787,0.4965229485396384
0.07282741738066095,0.4965229485396384
0.07284227708630892,0.4965229485396384
0.07285714285714286,0.4965229485396384
0.07287201469687692,0.4965229485396384
0.0726827276439363,0.4951321279554937
0.07249336328364304,0.4937413073713491
0.07250816993464053,0.4937413073713491
0.07252298263534218,0.4937413073713491
0.07255262620069487,0.4937413073713491
0.07256745707277187,0.4937413073713491
0.07258229400940502,0.4937413073713491
0.07259713701431493,0.4937413073713491
0.0726119860912252,0.4937413073713491
0.07262684124386252,0.4937413073713491
0.07264170247595662,0.4937413073713491
0.07265656979124027,0.4937413073713491
0.07267144319344933,0.4937413073713491
0.07268632268632269,0.4937413073713491
0.0727012082736023,0.4937413073713491
0.07271609995903318,0.4937413073713491
0.07273099774636345,0.4937413073713491
0.07274590163934426,0.4937413073713491
0.07276081164172986,0.4937413073713491
0.07277572775727757,0.4937413073713491
0.0727906499897478,0.4937413073713491
0.07280557834290402,0.4937413073713491
0.07282051282051281,0.4937413073713491
0.07283545342634387,0.4937413073713491
0.07285040016416991,0.4937413073713491
0.07288031205091357,0.4937413073713491
0.0728952772073922,0.4937413073713491
0.07291024851098789,0.4937413073713491
0.07292522596548891,0.4937413073713491
0.07294020957468667,0.4937413073713491
0.07298519736842106,0.4937413073713491
0.07300020563438207,0.4937413073713491
0.07301522007404361,0.4937413073713491
0.0730302406912158,0.4937413073713491
0.0728395061728395,0.49235048678720444
0.07286949361877315,0.49235048678720444
0.07288449660284126,0.49235048678720444
0.0728995057660626,0.49235048678720444
0.07291452111225541,0.49235048678720444
0.07294457036884401,0.49235048678720444
0.07295960428689201,0.49235048678720444
0.07297464440321583,0.49235048678720444
0.07298969072164949,0.49235048678720444
0.07301980198019802,0.49235048678720444
0.07282855374458427,0.4909596662030598
0.07284358233594718,0.4909596662030598
0.07285861713106295,0.4909596662030598
0.0726672171758877,0.48956884561891517
0.07269723254853366,0.48956884561891517
0.07271224953522,0.48956884561891517
0.07272727272727272,0.48956884561891517
0.07275733774286895,0.48956884561891517
0.07258064516129033,0.48817802503477054
0.07259565667011375,0.48817802503477054
0.07261067438973935,0.48817802503477054
0.07262569832402235,0.48817802503477054
0.0726407284768212,0.48817802503477054
0.07265576485199751,0.48817802503477054
0.07267080745341616,0.48817802503477054
0.07268585628494513,0.48817802503477054
0.07270091135045567,0.48817802503477054
0.07271597265382225,0.48817802503477054
0.0727310401989225,0.48817802503477054
0.0727461139896373,0.48817802503477054
0.07277628032345014,0.48817802503477054
0.07279137287432601,0.48817802503477054
0.07261410788381743,0.48678720445062584
0.07262917617763022,0.48678720445062584
0.07264425072644251,0.48678720445062584
0.07246677740863787,0.4853963838664812
0.07248182762201454,0.4853963838664812
0.07249688408807645,0.4853963838664812
0.07251194681072097,0.4853963838664812
0.07254209104136354,0.4853963838664812
0.07234927234927235,0.48400556328233657
0.07236431690580163,0.48400556328233657
0.0723793677204659,0.48400556328233657
0.07239442479717079,0.48400556328233657
0.07240948813982521,0.48400556328233657
0.07242455775234131,0.48400556328233657
0.07243963363863447,0.48400556328233657
0.07245471580262336,0.48400556328233657
0.07246980424822991,0.48400556328233657
0.07248489897937929,0.48400556328233657
0.0725,0.48400556328233657
0.07251510731402376,0.48400556328233657
0.07253022092538558,0.48400556328233657
0.07254534083802376,0.48400556328233657
0.0725604670558799,0.48400556328233657
0.07257559958289886,0.48400556328233657
0.07262103505843072,0.48400556328233657
0.07263619286161553,0.48400556328233657
0.07265135699373695,0.48400556328233657
0.07266652745875966,0.48400556328233657
0.07268170426065163,0.48400556328233657
0.07269688740338416,0.48400556328233657
0.07271207689093188,0.48400556328233657
0.07272727272727272,0.48400556328233657
0.07274247491638795,0.48400556328233657
0.07275768346226218,0.48400556328233657
0.07277289836888332,0.48400556328233657
0.07280334728033473,0.48400556328233657
0.07281858129315756,0.48400556328233657
0.07284906845300397,0.48400556328233657
0.07270060758432852,0.48261474269819193
0.07271584241408215,0.48261474269819193
0.07273108363026619,0.48261474269819193
0.07276158523799539,0.48261474269819193
0.0727768456375839,0.48261474269819193
0.07280738564834242,0.48261474269819193
0.07282266526757608,0.48261474269819193
0.07283795130142737,0.48261474269819193
0.07288384793110692,0.48261474269819193
0.07289915966386555,0.48261474269819193
0.0729144778314772,0.48261474269819193
0.07292980243799915,0.48261474269819193
0.07294513348749211,0.48261474269819193
0.07296047098402018,0.48261474269819193
0.0729758149316509,0.48261474269819193
0.0729911653344552,0.48261474269819193
0.07300652219650747,0.48261474269819193
0.07302188552188552,0.48261474269819193
0.07303725531467059,0.48261474269819193
0.07305263157894737,0.48261474269819193
0.07306801431880396,0.48261474269819193
0.07308340353833193,0.48261474269819193
0.07291886195995785,0.4812239221140473
0.07293423271500843,0.4812239221140473
0.07296499367355547,0.4812239221140473
0.07301118379404938,0.4812239221140473
0.07302659349936683,0.4812239221140473
0.07283090563647879,0.47983310152990266
0.07284628378378379,0.47983310152990266
0.07286166842661035,0.47983310152990266
0.07287705956907478,0.47983310152990266
0.07289245721529686,0.47983310152990266
0.07292327203551047,0.47983310152990266
0.07293868921775898,0.47983310152990266
0.07295411292027913,0.47983310152990266
0.07296954314720812,0.47983310152990266
0.0729849799026867,0.47983310152990266
0.07301587301587302,0.47983310152990266
0.07303132938187976,0.47983310152990266
0.07304679229303408,0.47983310152990266
0.07307773776742216,0.47983310152990266
0.07309322033898305,0.47983310152990266
0.07310870947234584,0.47983310152990266
0.07312420517168292,0.47983310152990266
0.07317073170731707,0.47983310152990266
0.07297411964361476,0.47844228094575797
0.072989603225122,0.47844228094575797
0.07279286926994907,0.47705146036161333
0.07259605179367438,0.4756606397774687
0.07261146496815286,0.4756606397774687
0.07241452537693778,0.47426981919332406
0.07242990654205607,0.47426981919332406
0.07244529424261738,0.47426981919332406
0.07246068848278793,0.47426981919332406
0.07247608926673751,0.47426981919332406
0.07249149659863946,0.47426981919332406
0.07250691048267063,0.47426981919332406
0.07252233092301148,0.47426981919332406
0.072537757923846,0.47426981919332406
0.0725531914893617,0.47426981919332406
0.07235582038731644,0.4728789986091794
0.07237122179650915,0.4728789986091794
0.07238662976367895,0.4728789986091794
0.07240204429301533,0.4728789986091794
0.0724174653887114,0.4728789986091794
0.07243289305496378,0.4728789986091794
0.07223524398039634,0.4714881780250348
0.07225063938618925,0.4714881780250348
0.07226604135578768,0.4714881780250348
0.07228144989339019,0.4714881780250348
0.07229686500319897,0.4714881780250348
0.07231228668941979,0.4714881780250348
0.072327714956262,0.4714881780250348
0.07234314980793854,0.4714881780250348
0.07235859124866595,0.4714881780250348
0.07237403928266439,0.4714881780250348
0.07240495514737291,0.4714881780250348
0.07242042298654133,0.4714881780250348
0.07243589743589744,0.4714881780250348
0.07245137849967942,0.4714881780250348
0.07246686618212911,0.4714881780250348
0.07226854821466752,0.47009735744089015
0.07229946524064171,0.47009735744089015
0.07231493367565255,0.47009735744089015
0.0723458904109589,0.47009735744089015
0.07236137871976023,0.47009735744089015
0.07237687366167024,0.47009735744089015
0.07239237524095095,0.47009735744089015
0.07240788346186804,0.47009735744089015
0.07242339832869081,0.47009735744089015
0.07222460351478782,0.46870653685674546
0.0722400857449089,0.46870653685674546
0.07225557461406518,0.46870653685674546
0.07227107012652799,0.46870653685674546
0.07228657228657229,0.46870653685674546
0.07230208109847672,0.46870653685674546
0.0723175965665236,0.46870653685674546
0.07233311869499892,0.46870653685674546
0.07237972508591066,0.46870653685674546
0.0723952738990333,0.46870653685674546
0.07241082939406962,0.46870653685674546
0.07242639157532775,0.46870653685674546
0.07244196044711952,0.46870653685674546
0.0724731182795699,0.46870653685674546
0.07248870724887073,0.46870653685674546
0.07250430292598967,0.46870653685674546
0.07251990531525715,0.46870653685674546
0.07253551442100732,0.46870653685674546
0.07255113024757805,0.46870653685674546
0.07256675279931094,0.46870653685674546
0.07258238208055137,0.46870653685674546
0.07238259370960792,0.4673157162726008
0.07239819004524888,0.4673157162726008
0.07241379310344828,0.4673157162726008
0.07242940288855357,0.4673157162726008
0.0724450194049159,0.4673157162726008
0.07246064265689023,0.4673157162726008
0.0724762726488352,0.4673157162726008
0.07249190938511327,0.4673157162726008
0.07250755287009064,0.4673157162726008
0.07252320310813727,0.4673157162726008
0.07253886010362694,0.4673157162726008
0.0723385877780177,0.4659248956884562
0.07235421166306695,0.4659248956884562
0.0723698422985526,0.4659248956884562
0.07238547968885048,0.4659248956884562
0.07240112383834017,0.4659248956884562
0.07241677475140511,0.4659248956884562
0.07243243243243243,0.4659248956884562
0.07246376811594203,0.4659248956884562
0.07226308957161402,0.46453407510431155
0.0722943722943723,0.46453407510431155
0.0723100238146785,0.46453407510431155
0.07232568211346903,0.46453407510431155
0.07212475633528265,0.4631432545201669
0.07214038128249567,0.4631432545201669
0.07215601300108343,0.4631432545201669
0.07217165149544863,0.4631432545201669
0.07218729676999783,0.4631432545201669
0.07198612315698179,0.4617524339360223
0.07200173498156583,0.4617524339360223
0.0720173535791757,0.4617524339360223
0.07203297895422,0.4617524339360223
0.07207989578810248,0.4617524339360223
0.07209554831704669,0.4617524339360223
0.07212687377797089,0.4617524339360223
0.07215822647250597,0.4617524339360223
0.07198782079164855,0.4603616133518776
0.07178594735697194,0.45897079276773295
0.07180156657963446,0.45897079276773295
0.07181719260065289,0.45897079276773295
0.0718328254244667,0.45897079276773295
0.07184846505551927,0.45897079276773295
0.07186411149825785,0.45897079276773295
0.07187976475713352,0.45897079276773295
0.0718954248366013,0.45897079276773295
0.07191109174112006,0.45897079276773295
0.07192676547515257,0.45897079276773295
0.07194244604316546,0.45897079276773295
0.07174007849978195,0.4575799721835883
0.0717557251908397,0.4575799721835883
0.07177137870855148,0.4575799721835883
0.071787039057386,0.4575799721835883
0.0718027062418158,0.4575799721835883
0.0718183802663174,0.4575799721835883
0.07184974885346146,0.4575799721835883
0.07186544342507645,0.4575799721835883
0.07167832167832168,0.4561891515994437
0.07169398907103826,0.4561891515994437
0.07170966331438566,0.4561891515994437
0.07172534441285808,0.4561891515994437
0.07174103237095363,0.4561891515994437
0.07175672719317436,0.4561891515994437
0.07177242888402625,0.4561891515994437
0.07178813744801926,0.4561891515994437
0.07180385288966724,0.4561891515994437
0.07181957521348807,0.4561891515994437
0.0718353044240035,0.4561891515994437
0.07185104052573932,0.4561891515994437
0.07186678352322524,0.4561891515994437
0.07188253342099496,0.4561891515994437
0.07189829022358615,0.4561891515994437
0.07191405393554046,0.4561891515994437
0.07194560210572494,0.4561891515994437
0.07196138657305835,0.4561891515994437
0.07197717796796138,0.4561891515994437
0.07199297629499561,0.4561891515994437
0.07200878155872667,0.4561891515994437
0.07202459376372419,0.4561891515994437
0.07204041291456183,0.4561891515994437
0.07183655536028119,0.45479833101529904
0.07185234014502308,0.45479833101529904
0.07186813186813187,0.45479833101529904
0.07191554871343743,0.45479833101529904
0.0719313682358117,0.45479833101529904
0.07194719471947195,0.45479833101529904
0.07196302816901408,0.45479833101529904
0.07197886858903808,0.45479833101529904
0.07199471598414796,0.45479833101529904
0.07201057035895177,0.45479833101529904
0.07204230006609386,0.45479833101529904
0.07205817540766858,0.45479833101529904
0.07207405774741019,0.45479833101529904
0.07208994708994709,0.45479833101529904
0.07210584343991179,0.45479833101529904
0.07190119100132333,0.4534075104311544
0.07191705272446504,0.4534075104311544
0.07193292144748456,0.4534075104311544
0.07194879717501655,0.4534075104311544
0.07196467991169977,0.4534075104311544
0.07198056966217709,0.4534075104311544
0.0719964664310954,0.4534075104311544
0.07179147338193063,0.4520166898470097
0.07180733539549271,0.4520166898470097
0.07183908045977011,0.4520166898470097
0.07187085360459973,0.4520166898470097
0.07190265486725664,0.4520166898470097
0.07191856605443682,0.4520166898470097
0.07171314741035857,0.4506258692628651
0.07172902368828869,0.4506258692628651
0.07174490699734277,0.4506258692628651
0.07176079734219269,0.4506258692628651
0.07155516171909615,0.44923504867872044
0.07134943496565478,0.4478442280945758
0.07136524822695035,0.4478442280945758
0.07138106849922411,0.4478442280945758
0.07139689578713969,0.4478442280945758
0.07119095143047238,0.44645340751043117
0.07100066563124029,0.44506258692628653
0.07101642254771416,0.44506258692628653
0.07103218645948946,0.44506258692628653
0.07104795737122557,0.44506258692628653
0.07106373528758606,0.44506258692628653
0.07107952021323856,0.44506258692628653
0.07109531215285492,0.44506258692628653
0.07111111111111111,0.44506258692628653
0.07112691709268726,0.44506258692628653
0.07114273010226767,0.44506258692628653
0.07115855014454081,0.44506258692628653
0.0711743772241993,0.44506258692628653
0.07119021134593993,0.44506258692628653
0.07120605251446373,0.44506258692628653
0.07122190073447585,0.44506258692628653
0.07123775601068566,0.44506258692628653
0.07125361834780672,0.44506258692628653
0.07126948775055679,0.44506258692628653
0.07107843137254902,0.44367176634214184
0.07109427234232227,0.44367176634214184
0.07111012037449845,0.44367176634214184
0.07112597547380156,0.44367176634214184
0.07114183764495986,0.44367176634214184
0.07093464198081642,0.4422809457579972
0.07095046854082998,0.4422809457579972
0.07096630216469538,0.4422809457579972
0.07098214285714285,0.4422809457579972
0.0709979906229069,0.4422809457579972
0.07102970739334376,0.4422809457579972
0.07107733571747876,0.4422809457579972
0.07109322602280349,0.4422809457579972
0.07110912343470482,0.4422809457579972
0.07112502795795124,0.4422809457579972
0.07114093959731543,0.4422809457579972
0.0711568583575744,0.4422809457579972
0.0711727842435094,0.4422809457579972
0.07118871725990597,0.4422809457579972
0.07120465741155396,0.4422809457579972
0.07122060470324748,0.4422809457579972
0.07123655913978495,0.4422809457579972
0.07125252072596908,0.4422809457579972
0.07104437471985657,0.44089012517385257
0.0710762331838565,0.44089012517385257
0.07109217313298946,0.44089012517385257
0.07110812023328847,0.44089012517385257
0.07112407448956698,0.44089012517385257
0.07114003590664272,0.44089012517385257
0.07115600448933783,0.44089012517385257
0.07117198024247867,0.44089012517385257
0.07118796317089603,0.44089012517385257
0.07120395327942498,0.44089012517385257
0.07121995057290496,0.44089012517385257
0.07101123595505618,0.43949930458970793
0.07102719712294897,0.43949930458970793
0.0710431654676259,0.43949930458970793
0.07083427029458061,0.4381084840055633
0.0708502024291498,0.4381084840055633
0.07086614173228346,0.4381084840055633
0.07088208820882089,0.4381084840055633
0.07067296871483232,0.43671766342141866
0.07068887888338586,0.43671766342141866
0.07070479621706822,0.43671766342141866
0.07051137643613427,0.43532684283727396
0.07052726453357368,0.43532684283727396
0.07054315979265269,0.43532684283727396
0.0705590622182146,0.43532684283727396
0.07057497181510711,0.43532684283727396
0.07059088858818223,0.43532684283727396
0.07060681254229641,0.43532684283727396
0.07062274368231047,0.43532684283727396
0.0706386820130896,0.43532684283727396
0.07065462753950338,0.43532684283727396
0.07067058026642584,0.43532684283727396
0.07070250734131465,0.43532684283727396
0.07071848169905107,0.43532684283727396
0.07073446327683616,0.43532684283727396
0.070750452079566,0.43532684283727396
0.07076644811214108,0.43532684283727396
0.0707824513794663,0.43532684283727396
0.07079846188645103,0.43532684283727396
0.07081447963800905,0.43532684283727396
0.07083050463905861,0.43532684283727396
0.0708625764093276,0.43532684283727396
0.07087862318840579,0.43532684283727396
0.07089467723669308,0.43532684283727396
0.07091073855913003,0.43532684283727396
0.07092680716066169,0.43532684283727396
0.07094288304623754,0.43532684283727396
0.0709589662208116,0.43532684283727396
0.0709750566893424,0.43532684283727396
0.07099115445679292,0.43532684283727396
0.07100725952813067,0.43532684283727396
0.07102337190832766,0.43532684283727396
0.07103949160236042,0.43532684283727396
0.07105561861521,0.43532684283727396
0.07107175295186194,0.43532684283727396
0.07108789461730639,0.43532684283727396
0.07110404361653794,0.43532684283727396
0.07090909090909091,0.4339360222531293
0.07092521027506252,0.4339360222531293
0.07094133697135062,0.4339360222531293
0.07073004321128042,0.4325452016689847
0.07074613284804368,0.4325452016689847
0.07077833409194356,0.4325452016689847
0.07079444570908264,0.4325452016689847
0.07081056466302368,0.4325452016689847
0.07082669095877932,0.4325452016689847
0.07084282460136675,0.4325452016689847
0.0708589655958077,0.4325452016689847
0.07087511394712853,0.4325452016689847
0.07089126966036015,0.4325452016689847
0.07093978102189781,0.4325452016689847
0.07095596623317363,0.4325452016689847
0.07097215883158375,0.4325452016689847
0.07098835882218671,0.4325452016689847
0.07100456621004567,0.4325452016689847
0.07102078100022836,0.4325452016689847
0.0708085883965281,0.43115438108484005
0.07082476582133881,0.43115438108484005
0.07084095063985375,0.43115438108484005
0.07085714285714285,0.43115438108484005
0.07087334247828075,0.43115438108484005
0.07088954950834667,0.43115438108484005
0.07090576395242452,0.43115438108484005
0.07072556649118791,0.4297635605006954
0.07074175824175824,0.4297635605006954
0.07077416399450298,0.4297635605006954
0.07079037800687285,0.4297635605006954
0.07057745187901009,0.4283727399165508
0.0705936282374513,0.4283727399165508
0.07062600321027288,0.4283727399165508
0.07064220183486239,0.4283727399165508
0.07065840789171829,0.4283727399165508
0.07067462138595686,0.4283727399165508
0.07069084232269911,0.4283727399165508
0.07072330654420207,0.4283727399165508
0.0707395498392283,0.4283727399165508
0.07075580059728923,0.4283727399165508
0.07077205882352941,0.4283727399165508
0.07055849230062054,0.42698191933240615
0.07057471264367816,0.42698191933240615
0.07059094044607955,0.42698191933240615
0.07060717571297148,0.42698191933240615
0.07062341844950541,0.42698191933240615
0.07044198895027624,0.42559109874826145
0.07047443574389682,0.42559109874826145
0.07049067035245335,0.42559109874826145
0.07050691244239632,0.42559109874826145
0.07052316201889837,0.42559109874826145
0.07053941908713693,0.42559109874826145
0.0705719557195572,0.42559109874826145
0.07058823529411765,0.42559109874826145
0.07060452238117212,0.42559109874826145
0.070620816985922,0.42559109874826145
0.07063711911357341,0.42559109874826145
0.07065342876933733,0.42559109874826145
0.07068607068607069,0.42559109874826145
0.07070240295748614,0.42559109874826145
0.07071874277790617,0.42559109874826145
0.07075144508670521,0.42559109874826145
0.0705528568123988,0.4242002781641168
0.07056918093475242,0.4242002781641168
0.0705855126128211,0.4242002781641168
0.07060185185185185,0.4242002781641168
0.07061819865709655,0.4242002781641168
0.07063455303381196,0.4242002781641168
0.07066728452270621,0.4242002781641168
0.07068366164542295,0.4242002781641168
0.07071643867377696,0.4242002781641168
0.07073283858998144,0.4242002781641168
0.07051728137323127,0.4228094575799722
0.07030162412993039,0.42141863699582754
0.07031793919702947,0.42141863699582754
0.07035059205943812,0.42141863699582754
0.07036692986530423,0.42141863699582754
0.07038327526132404,0.42141863699582754
0.07041598884499187,0.42141863699582754
0.07043235704323571,0.42141863699582754
0.07044873285282492,0.42141863699582754
0.07048150732728542,0.42141863699582754
0.070497906002792,0.42141863699582754
0.0705143123109146,0.42141863699582754
0.07053072625698324,0.42141863699582754
0.07054714784633294,0.42141863699582754
0.07058001397624039,0.42141863699582754
0.07059645852749301,0.42141863699582754
0.07061291074341645,0.42141863699582754
0.07062937062937064,0.42141863699582754
0.07041268360923292,0.4200278164116829
0.07042910447761194,0.4200278164116829
0.07044553300676464,0.4200278164116829
0.07046196920205319,0.4200278164116829
0.07047841306884481,0.4200278164116829
0.07049486461251167,0.4200278164116829
0.07027784263366799,0.41863699582753827
0.07029425502101821,0.41863699582753827
0.07031067507591685,0.41863699582753827
0.07032710280373831,0.41863699582753827
0.07035998129967275,0.41863699582753827
0.07037643207855974,0.41863699582753827
0.0704093567251462,0.41863699582753827
0.07042583060364997,0.41863699582753827
0.07044231219283875,0.41863699582753827
0.07045880149812735,0.41863699582753827
0.07047529852493561,0.41863699582753827
0.07049180327868852,0.41863699582753827
0.07050831576481612,0.41863699582753827
0.07052483598875352,0.41863699582753827
0.07054136395594095,0.41863699582753827
0.07055789967182373,0.41863699582753827
0.07057444314185228,0.41863699582753827
0.07059099437148218,0.41863699582753827
0.07060755336617405,0.41863699582753827
0.07062412013139371,0.41863699582753827
0.07040600797934757,0.4172461752433936
0.07018779342723004,0.41585535465924894
0.0702042733035924,0.41585535465924894
0.07022076092062,0.41585535465924894
0.07023725628376791,0.41585535465924894
0.07025375939849623,0.41585535465924894
0.07027027027027027,0.41585535465924894
0.07005171603196991,0.4144645340751043
0.07006818716200329,0.4144645340751043
0.07008466603951082,0.4144645340751043
0.07010115266996,0.4144645340751043
0.07011764705882353,0.4144645340751043
0.07013414921157919,0.4144645340751043
0.07015065913370998,0.4144645340751043
0.07016717683070403,0.4144645340751043
0.07018370230805464,0.4144645340751043
0.07021677662582469,0.4144645340751043
0.07023332547725666,0.4144645340751043
0.07024988213107025,0.4144645340751043
0.07026644659278472,0.4144645340751043
0.07028301886792453,0.4144645340751043
0.07031618688060406,0.4144645340751043
0.07033278262921878,0.4144645340751043
0.07034938621340887,0.4144645340751043
0.0703659976387249,0.4144645340751043
0.07038261691072271,0.4144645340751043
0.07039924403496338,0.4144645340751043
0.07043252186244386,0.4144645340751043
0.07046583116576023,0.4144645340751043
0.07048249763481551,0.4144645340751043
0.07049917198959073,0.4144645340751043
0.07051585423568386,0.4144645340751043
0.07054924242424243,0.4144645340751043
0.07056594837793038,0.4144645340751043
0.07058266224538133,0.4144645340751043
0.07059938403221985,0.4144645340751043
0.07061611374407582,0.4144645340751043
0.0706328513865845,0.4144645340751043
0.07064959696538643,0.4144645340751043
0.07066635048612759,0.4144645340751043
0.0706831119544592,0.4144645340751043
0.0704626334519573,0.41307371349095967
0.07047935453251068,0.41307371349095967
0.07049608355091384,0.41307371349095967
0.07051282051282051,0.41307371349095967
0.07052956542388981,0.41307371349095967
0.07054631828978622,0.41307371349095967
0.07056307911617961,0.41307371349095967
0.07057984790874525,0.41307371349095967
0.07059662467316377,0.41307371349095967
0.07061340941512126,0.41307371349095967
0.07063020214030916,0.41307371349095967
0.07064700285442435,0.41307371349095967
0.07068062827225131,0.41307371349095967
0.07069745298738396,0.41307371349095967
0.07071428571428572,0.41307371349095967
0.07073112645868064,0.41307371349095967
0.07074797522629823,0.41307371349095967
0.07052656659518704,0.41168289290681503
0.07054337464251668,0.41168289290681503
0.07056019070321812,0.41168289290681503
0.07057701478302336,0.41168289290681503
0.07059384688766993,0.41168289290681503
0.07061068702290077,0.41168289290681503
0.07062753519446432,0.41168289290681503
0.07064439140811456,0.41168289290681503
0.07042253521126761,0.4102920723226704
0.0704393505253104,0.4102920723226704
0.07045617387150704,0.4102920723226704
0.07047300525561395,0.4102920723226704
0.07048984468339307,0.4102920723226704
0.07050669216061185,0.4102920723226704
0.07052354769304327,0.4102920723226704
0.0705404112864658,0.4102920723226704
0.07055728294666348,0.4102920723226704
0.07060794638583054,0.4102920723226704
0.07062485037107973,0.4102920723226704
0.07064176245210728,0.4102920723226704
0.0704191616766467,0.4089012517385257
0.0704529115744069,0.4089012517385257
0.0702301054650048,0.40751043115438107
0.07024694317909375,0.40751043115438107
0.07029750479846449,0.40751043115438107
0.070314374850012,0.40751043115438107
0.07033125300048007,0.40751043115438107
0.07034813925570228,0.40751043115438107
0.07036503362151778,0.40751043115438107
0.07038193610377132,0.40751043115438107
0.07039884670831331,0.40751043115438107
0.07041576544099976,0.40751043115438107
0.07043269230769231,0.40751043115438107
0.07044962731425823,0.40751043115438107
0.07046657046657047,0.40751043115438107
0.07048352177050758,0.40751043115438107
0.07050048123195381,0.40751043115438107
0.07051744885679903,0.40751043115438107
0.07053442465093886,0.40751043115438107
0.0705514086202745,0.40751043115438107
0.07056840077071291,0.40751043115438107
0.07034449530233679,0.40611961057023643
0.07036144578313253,0.40611961057023643
0.07037840443480357,0.40611961057023643
0.0703953712632594,0.40611961057023643
0.07041234627441524,0.40611961057023643
0.07042932947419199,0.40611961057023643
0.07044632086851628,0.40611961057023643
0.07046332046332046,0.40611961057023643
0.0704803282645426,0.40611961057023643
0.07049734427812651,0.40611961057023643
0.07051436851002173,0.40611961057023643
0.07053140096618357,0.40611961057023643
0.07054844165257308,0.40611961057023643
0.07056549057515708,0.40611961057023643
0.07059961315280464,0.40611961057023643
0.07061668681983072,0.40611961057023643
0.07065085894023712,0.40611961057023643
0.07066795740561471,0.40611961057023643
0.07044299201161947,0.4047287899860918
0.07046004842615013,0.4047287899860918
0.07049418604651163,0.4047287899860918
0.07051126726435668,0.4047287899860918
0.07052835676199709,0.4047287899860918
0.07056256062075655,0.4047287899860918
0.07057967499393646,0.4047287899860918
0.07035419699175158,0.40333796940194716
0.07037126910943946,0.40333796940194716
0.0703883495145631,0.40333796940194716
0.07040543821315853,0.40333796940194716
0.07042253521126761,0.40333796940194716
0.07043964051493806,0.40333796940194716
0.07021379980563654,0.4019471488178025
0.07023086269744835,0.4019471488178025
0.07024793388429752,0.4019471488178025
0.07026501337223438,0.4019471488178025
0.07003891050583658,0.40055632823365783
0.0700559474580394,0.40055632823365783
0.07007299270072993,0.40055632823365783
0.07009004623996107,0.40055632823365783
0.07010710808179163,0.40055632823365783
0.07014125669751584,0.40055632823365783
0.07015834348355664,0.40055632823365783
0.07019254204240799,0.40055632823365783
0.07020965382740127,0.40055632823365783
0.07022677395757132,0.40055632823365783
0.0702439024390244,0.40055632823365783
0.07027818448023426,0.40055632823365783
0.07029533805223334,0.40055632823365783
0.0703125,0.40055632823365783
0.07036403615929636,0.40055632823365783
0.07038123167155426,0.40055632823365783
0.07039843559032022,0.40055632823365783
0.07041564792176039,0.40055632823365783
0.07043286867204696,0.40055632823365783
0.07048458149779736,0.40055632823365783
0.07050183598531212,0.40055632823365783
0.07051909892262488,0.40055632823365783
0.07053637031594416,0.40055632823365783
0.07055365017148457,0.40055632823365783
0.07032590051457976,0.3991655076495132
0.07034313725490196,0.3991655076495132
0.07037763609612555,0.3991655076495132
0.07039489820946775,0.3991655076495132
0.0702012763868434,0.39777468706536856
0.07021851215320403,0.39777468706536856
0.06999017681728881,0.3963838664812239
0.07004177930695503,0.3963838664812239
0.0700762232603885,0.3963838664812239
0.07009345794392523,0.3963838664812239
0.07011070110701106,0.3963838664812239
0.07012795275590551,0.3963838664812239
0.07014521289687423,0.3963838664812239
0.07016248153618906,0.3963838664812239
0.07017975868012805,0.3963838664812239
0.07019704433497537,0.3963838664812239
0.07023164120256284,0.3963838664812239
0.0702489524279024,0.3963838664812239
0.07026627218934911,0.3963838664812239
0.07028360049321825,0.3963838664812239
0.07030093734583127,0.3963838664812239
0.07031828275351591,0.3963838664812239
0.07033563672260612,0.3963838664812239
0.07035299925944212,0.3963838664812239
0.07037037037037037,0.3963838664812239
0.07040513833992094,0.3963838664812239
0.07042253521126761,0.3963838664812239
0.07043994068215521,0.3963838664812239
0.07021013597033375,0.3949930458970793
0.0702274975272008,0.3949930458970793
0.0702448676725204,0.3949930458970793
0.070262246412667,0.3949930458970793
0.07027963375402128,0.3949930458970793
0.0702970297029703,0.3949930458970793
0.0703144342659074,0.3949930458970793
0.0703318474492323,0.3949930458970793
0.070349269259351,0.3949930458970793
0.07036669970267592,0.3949930458970793
0.07040158651462568,0.3949930458970793
0.07045398164227239,0.3949930458970793
0.07047146401985112,0.3949930458970793
0.070506454816286,0.3949930458970793
0.07054148037754596,0.3949930458970793
0.07055900621118012,0.3949930458970793
0.0705765407554672,0.3949930458970793
0.07059408401690281,0.3949930458970793
0.0703630034808553,0.39360222531293465
0.07038050236259637,0.39360222531293465
0.07014925373134329,0.39221140472878996
0.07016670813635233,0.39221140472878996
0.07018417122946739,0.39221140472878996
0.070201643017177,0.39221140472878996
0.07021912350597609,0.39221140472878996
0.07023661270236613,0.39221140472878996
0.07000498256103638,0.3908205841446453
0.07002242711188637,0.3908205841446453
0.07003988035892324,0.3908205841446453
0.07005734230865121,0.3908205841446453
0.07009229234222998,0.3908205841446453
0.07010978043912176,0.3908205841446453
0.07012727726478662,0.3908205841446453
0.07014478282576136,0.3908205841446453
0.07016229712858926,0.3908205841446453
0.07019735198601049,0.3908205841446453
0.07021489255372314,0.3908205841446453
0.07025,0.3908205841446453
0.07026756689172294,0.3908205841446453
0.07028514257128564,0.3908205841446453
0.07030272704528397,0.3908205841446453
0.07032032032032032,0.3908205841446453
0.07033792240300375,0.3908205841446453
0.07037315301778112,0.3908205841446453
0.07039078156312625,0.3908205841446453
0.0704084189426209,0.3908205841446453
0.07017543859649122,0.3894297635605007
0.0701930308347957,0.3894297635605007
0.06995987963891676,0.38803894297635605
0.06997742663656885,0.38803894297635605
0.06999498243853487,0.38803894297635605
0.07001254705144291,0.38803894297635605
0.07003012048192771,0.38803894297635605
0.0700652938221999,0.38803894297635605
0.07008289374529013,0.38803894297635605
0.07010050251256282,0.38803894297635605
0.0701181201306861,0.38803894297635605
0.07013574660633484,0.38803894297635605
0.0701533819461906,0.38803894297635605
0.07017102615694165,0.38803894297635605
0.07018867924528302,0.38803894297635605
0.07020634121791645,0.38803894297635605
0.06997231311351623,0.3866481223922114
0.06998992950654583,0.3866481223922114
0.0700075547720977,0.3866481223922114
0.07002518891687658,0.3866481223922114
0.07004283194759385,0.3866481223922114
0.07006048387096774,0.3866481223922114
0.07007814469372321,0.3866481223922114
0.07009581442259204,0.3866481223922114
0.07011349306431273,0.3866481223922114
0.06987891019172553,0.3852573018080668
0.0698965430229624,0.3852573018080668
0.06991418475517415,0.3852573018080668
0.06993183539510224,0.3852573018080668
0.06994949494949496,0.3852573018080668
0.06998484082870136,0.3852573018080668
0.07002022244691608,0.3852573018080668
0.07003792667509481,0.3852573018080668
0.07005563985837127,0.3852573018080668
0.07007336200354161,0.3852573018080668
0.07009109311740891,0.3852573018080668
0.07010883320678309,0.3852573018080668
0.07012658227848101,0.3852573018080668
0.07014434033932641,0.3852573018080668
0.06990881458966565,0.38386648122392214
0.06992652647580441,0.38386648122392214
0.06969082615306639,0.38247566063977745
0.06945500633713561,0.3810848400556328
0.06947261663286004,0.3810848400556328
0.06949023586101953,0.3810848400556328
0.06950786402841197,0.3810848400556328
0.06952550114184217,0.3810848400556328
0.06954314720812182,0.3810848400556328
0.06956080223406956,0.3810848400556328
0.06957846622651091,0.3810848400556328
0.06959613919227839,0.3810848400556328
0.06961382113821138,0.3810848400556328
0.0696315120711563,0.3810848400556328
0.06964921199796645,0.3810848400556328
0.06966692092550215,0.3810848400556328
0.06968463886063073,0.3810848400556328
0.0697023658102264,0.3810848400556328
0.06946564885496183,0.3796940194714882
0.06948332909137185,0.3796940194714882
0.0695010183299389,0.3796940194714882
0.06951871657754011,0.3796940194714882
0.0695364238410596,0.3796940194714882
0.06955414012738853,0.3796940194714882
0.06958959979607443,0.3796940194714882
0.06960734319224886,0.3796940194714882
0.06962509563886764,0.3796940194714882
0.06966062771115081,0.3796940194714882
0.06967840735068913,0.3796940194714882
0.0696961960684197,0.3796940194714882
0.06949412365866121,0.37830319888734354
0.06951188346537183,0.37830319888734354
0.06952965235173825,0.37830319888734354
0.06954743032472513,0.37830319888734354
0.06956521739130435,0.37830319888734354
0.0693271936556664,0.3769123783031989
0.06934493346980553,0.3769123783031989
0.06936268236498593,0.3769123783031989
0.06938044034818229,0.3769123783031989
0.06939820742637644,0.3769123783031989
0.06941598360655737,0.3769123783031989
0.06943376889572124,0.3769123783031989
0.06945156330087135,0.3769123783031989
0.0694693668290182,0.3769123783031989
0.06948717948717949,0.3769123783031989
0.0695050012823801,0.3769123783031989
0.06952283222165213,0.3769123783031989
0.0695406723120349,0.3769123783031989
0.06955852156057495,0.3769123783031989
0.06959424756034925,0.3769123783031989
0.06961212432571282,0.3769123783031989
0.06963001027749229,0.3769123783031989
0.06966580976863754,0.3769123783031989
0.06968372332219079,0.3769123783031989
0.06970164609053497,0.3769123783031989
0.0697195780807821,0.3769123783031989
0.06973751930005147,0.3769123783031989
0.06975546975546976,0.3769123783031989
0.06977342945417096,0.3769123783031989
0.06979139840329641,0.3769123783031989
0.06982736408142232,0.3769123783031989
0.06984536082474227,0.3769123783031989
0.06986336684712555,0.3769123783031989
0.06988138215575039,0.3769123783031989
0.06989940675780243,0.3769123783031989
0.0696594427244582,0.37552155771905427
0.0696774193548387,0.37552155771905427
0.06973140495867769,0.37552155771905427
0.06974941875484371,0.37552155771905427
0.06976744186046512,0.37552155771905427
0.0697854742827604,0.37552155771905427
0.06980351602895553,0.37552155771905427
0.06982156710628394,0.37552155771905427
0.06983962752198655,0.37552155771905427
0.06959896507115136,0.3741307371349096
0.06961697722567288,0.3741307371349096
0.06963499870566917,0.3741307371349096
0.06965302951838426,0.3741307371349096
0.06967106967106967,0.3741307371349096
0.06968911917098446,0.3741307371349096
0.06970717802539518,0.3741307371349096
0.06972524624157594,0.3741307371349096
0.0697433238268084,0.3741307371349096
0.06976141078838174,0.3741307371349096
0.06977950713359274,0.3741307371349096
0.06979761286974571,0.3741307371349096
0.0698157280041526,0.3741307371349096
0.06961038961038961,0.37273991655076494
0.06936866718628215,0.3713490959666203
0.06942277691107644,0.3713490959666203
0.0694408322496749,0.3713490959666203
0.0694588969823101,0.3713490959666203
0.06947697111631537,0.3713490959666203
0.06949505465903176,0.3713490959666203
0.06951314761780786,0.3713490959666203
0.06953125,0.3713490959666203
0.06954936181297212,0.3713490959666203
0.06956748306409588,0.3713490959666203
0.06958561376075059,0.3713490959666203
0.06960375391032325,0.3713490959666203
0.06962190352020861,0.3713490959666203
0.06964006259780908,0.3713490959666203
0.06965823115053484,0.3713490959666203
0.0696945967110415,0.3713490959666203
0.06971279373368146,0.3713490959666203
0.0697310002611648,0.3713490959666203
0.06974921630094044,0.3713490959666203
0.06976744186046512,0.3713490959666203
0.06980392156862746,0.3713490959666203
0.06982217573221758,0.3713490959666203
0.06984043944546169,0.3713490959666203
0.06985871271585557,0.3713490959666203
0.06989528795811518,0.3713490959666203
0.06995022268797485,0.3713490959666203
0.0699685534591195,0.3713490959666203
0.06972477064220184,0.36995827538247567
0.06974305191400104,0.36995827538247567
0.06976134277471807,0.36995827538247567
0.06981627296587926,0.36995827538247567
0.06983460225781045,0.36995827538247567
0.06985294117647059,0.36995827538247567
0.06988964792433,0.36995827538247567
0.06990801576872537,0.36995827538247567
0.06992639327024185,0.36995827538247567
0.0699447804364975,0.36995827538247567
0.06996317727511836,0.36995827538247567
0.06998158379373849,0.36995827538247567
0.07,0.36995827538247567
0.07001842590155304,0.36995827538247567
0.07003686150605581,0.36995827538247567
0.07005530682117461,0.36995827538247567
0.07009222661396575,0.36995827538247567
0.07011070110701106,0.36995827538247567
0.0701291853414184,0.36995827538247567
0.07014767932489452,0.36995827538247567
0.07016618306515432,0.36995827538247567
0.07018469656992084,0.36995827538247567
0.0702032198469253,0.36995827538247567
0.07024029574861368,0.36995827538247567
0.07025884838880085,0.36995827538247567
0.0702774108322325,0.36995827538247567
0.07029598308668077,0.36995827538247567
0.07037037037037037,0.36995827538247567
0.07038899179677163,0.36995827538247567
0.07014293276866067,0.36856745479833103
0.07016150383902568,0.36856745479833103
0.06991525423728813,0.3671766342141864
0.06993377483443709,0.3671766342141864
0.06995230524642289,0.3671766342141864
0.06998939554612937,0.3671766342141864
0.07000795544948289,0.3671766342141864
0.070026525198939,0.3671766342141864
0.07004510480233483,0.3671766342141864
0.07006369426751592,0.3671766342141864
0.07008229360233607,0.3671766342141864
0.07010090281465746,0.3671766342141864
0.0701195219123506,0.3671766342141864
0.07013815090329437,0.3671766342141864
0.07015678979537603,0.3671766342141864
0.07017543859649122,0.3671766342141864
0.070194097314544,0.3671766342141864
0.07023144453312051,0.3671766342141864
0.07025013304949441,0.3671766342141864
0.07026883151450626,0.3671766342141864
0.07028753993610223,0.3671766342141864
0.07030625832223701,0.3671766342141864
0.07032498668087374,0.3671766342141864
0.07034372501998401,0.3671766342141864
0.07036247334754797,0.3671766342141864
0.0704,0.3671766342141864
0.0701520405441451,0.3657858136300417
0.07017075773745998,0.3657858136300417
0.07018948492127035,0.3657858136300417
0.07020822210357715,0.3657858136300417
0.0702457264957265,0.3657858136300417
0.07026449372161368,0.3657858136300417
0.07028327097808658,0.3657858136300417
0.07032085561497327,0.3657858136300417
0.0700722118213426,0.36439499304589706
0.07009095773140717,0.36439499304589706
0.07010971367407011,0.36439499304589706
0.07012847965738758,0.36439499304589706
0.07014725568942437,0.36439499304589706
0.07016604177825388,0.36439499304589706
0.0701848379319582,0.36439499304589706
0.07020364415862808,0.36439499304589706
0.07022246046636291,0.36439499304589706
0.07024128686327077,0.36439499304589706
0.07026012335746849,0.36439499304589706
0.07027896995708155,0.36439499304589706
0.0703166935050993,0.36439499304589706
0.07035445757250268,0.36439499304589706
0.0703733548213806,0.36439499304589706
0.07039226222461042,0.36439499304589706
0.07041117979037893,0.36439499304589706
0.07043010752688172,0.36439499304589706
0.07044904544232321,0.36439499304589706
0.07046799354491662,0.36439499304589706
0.07050592034445641,0.36439499304589706
0.07052489905787349,0.36439499304589706
0.07027463651050081,0.36300417246175243
0.07029356315647724,0.36300417246175243
0.07006197790353004,0.3616133518776078
0.07008086253369272,0.3616133518776078
0.06983014289565921,0.36022253129346316
0.06984897518878101,0.36022253129346316
0.06986781764229835,0.36022253129346316
0.06961683756071235,0.3588317107093185
0.06938444924406048,0.3574408901251738
0.06940318660545504,0.3574408901251738
0.06942193408968125,0.3574408901251738
0.06944069170494462,0.3574408901251738
0.06945945945945946,0.3574408901251738
0.06947823736144904,0.3574408901251738
0.06949702541914549,0.3574408901251738
0.06951582364078983,0.3574408901251738
0.06953463203463203,0.3574408901251738
0.06955345060893099,0.3574408901251738
0.06957227937195452,0.3574408901251738
0.06962882687618531,0.3574408901251738
0.06964769647696477,0.3574408901251738
0.06968546637744034,0.3574408901251738
0.06970436669378899,0.3574408901251738
0.06972327726532827,0.3574408901251738
0.06974219810040705,0.3574408901251738
0.06976112920738328,0.3574408901251738
0.06979902227050516,0.3574408901251738
0.06981798424341211,0.3574408901251738
0.06985593911388964,0.3574408901251738
0.06987493202827624,0.3574408901251738
0.06989393527332065,0.3574408901251738
0.06991294885745375,0.3574408901251738
0.06993197278911564,0.3574408901251738
0.06995100707675558,0.3574408901251738
0.06997005172883201,0.3574408901251738
0.06998910675381263,0.3574408901251738
0.07002724795640326,0.3574408901251738
0.07004633415099482,0.3574408901251738
0.07006543075245365,0.3574408901251738
0.0700845377692937,0.3574408901251738
0.07012278308321965,0.3574408901251738
0.07014192139737992,0.3574408901251738
0.07016107016107016,0.3574408901251738
0.0701802293828509,0.3574408901251738
0.070199399071292,0.3574408901251738
0.07021857923497268,0.3574408901251738
0.07023776988248155,0.3574408901251738
0.07025697102241663,0.3574408901251738
0.07027618266338528,0.3574408901251738
0.07029540481400437,0.3574408901251738
0.07007938680536545,0.3560500695410292
0.0700985761226725,0.3560500695410292
0.07011777595179403,0.3560500695410292
0.07013698630136986,0.3560500695410292
0.07017543859649122,0.3560500695410292
0.07019468055936386,0.3560500695410292
0.07021393307734504,0.3560500695410292
0.06995884773662552,0.35465924895688455
0.06997804610318331,0.35465924895688455
0.0697227559703541,0.3532684283727399
0.06974190005491489,0.3532684283727399
0.06976105465531447,0.3532684283727399
0.06978021978021978,0.3532684283727399
0.06979939543830722,0.3532684283727399
0.06981858163826278,0.3532684283727399
0.06983777838878197,0.3532684283727399
0.06985698569856985,0.3532684283727399
0.06987620357634113,0.3532684283727399
0.06989543203082003,0.3532684283727399
0.06991467107074044,0.3532684283727399
0.06993392070484582,0.3532684283727399
0.06995318094188929,0.3532684283727399
0.0699724517906336,0.3532684283727399
0.07001102535832414,0.3532684283727399
0.07006896551724139,0.3532684283727399
0.07008830022075055,0.3532684283727399
0.07010764559757107,0.3532684283727399
0.07012700165654334,0.3532684283727399
0.07016574585635359,0.3532684283727399
0.07018513401492125,0.3532684283727399
0.07020453289110005,0.3532684283727399
0.06994747027923694,0.3518776077885953
0.06996681415929204,0.3518776077885953
0.06998616874135546,0.3518776077885953
0.07002491004705232,0.3518776077885953
0.07004429678848284,0.3518776077885953
0.07006369426751592,0.3518776077885953
0.0700831024930748,0.3518776077885953
0.06982543640897755,0.35048678720445064
0.06984478935698447,0.35048678720445064
0.06986415303576379,0.35048678720445064
0.06988352745424292,0.35048678720445064
0.06990291262135923,0.35048678720445064
0.06992230854605994,0.35048678720445064
0.0699611327040533,0.35048678720445064
0.06972222222222223,0.34909596662030595
0.06974159488746874,0.34909596662030595
0.06976097832128961,0.34909596662030595
0.06978037253266611,0.34909596662030595
0.06979977753058954,0.34909596662030595
0.06954102920723226,0.3477051460361613
0.06956037840845854,0.3477051460361613
0.06959910913140312,0.3477051460361613
0.06961849067112225,0.3477051460361613
0.06963788300835655,0.3477051460361613
0.06965728615213151,0.3477051460361613
0.06969612489545582,0.3477051460361613
0.06975446428571429,0.3477051460361613
0.06949483672899805,0.3463143254520167
0.0695142378559464,0.3463143254520167
0.06925439821278973,0.34492350486787204
0.06927374301675977,0.34492350486787204
0.06929309863090248,0.34492350486787204
0.06933184232597149,0.34492350486787204
0.06907158836689038,0.3435326842837274
0.0688111888111888,0.34214186369958277
0.06883044208170118,0.34214186369958277
0.0688497061293031,0.34214186369958277
0.06886898096304592,0.34214186369958277
0.06888826659199104,0.34214186369958277
0.06890756302521009,0.34214186369958277
0.06894618834080718,0.34214186369958277
0.06896551724137931,0.34214186369958277
0.06898485698261357,0.34214186369958277
0.06900420757363254,0.34214186369958277
0.06904294134156609,0.34214186369958277
0.06906232453677709,0.34214186369958277
0.06910112359550562,0.34214186369958277
0.06913996627318718,0.34214186369958277
0.0691594039921282,0.34214186369958277
0.0688976377952756,0.34075104311543813
0.06891701828410689,0.34075104311543813
0.06893640967923466,0.34075104311543813
0.06895581198986772,0.34075104311543813
0.06897522522522523,0.34075104311543813
0.06899464939453676,0.34075104311543813
0.06905298759864713,0.34075104311543813
0.06907245559627855,0.34075104311543813
0.06909193457416808,0.34075104311543813
0.0691114245416079,0.34075104311543813
0.06913092550790068,0.34075104311543813
0.0691699604743083,0.34075104311543813
0.06918949449308105,0.34075104311543813
0.0692090395480226,0.34075104311543813
0.06922859564848827,0.34075104311543813
0.06924816280384398,0.34075104311543813
0.06926774102346621,0.34075104311543813
0.06928733031674209,0.34075104311543813
0.06930693069306931,0.34075104311543813
0.06932654216185626,0.34075104311543813
0.06934616473252193,0.34075104311543813
0.06936579841449604,0.34075104311543813
0.06938544321721891,0.34075104311543813
0.06940509915014165,0.34075104311543813
0.06942476622272599,0.34075104311543813
0.06944444444444445,0.34075104311543813
0.06946413382478027,0.34075104311543813
0.06950354609929078,0.34075104311543813
0.06956274843838728,0.34075104311543813
0.06958250497017893,0.34075104311543813
0.06960227272727272,0.34075104311543813
0.06962205171923842,0.34075104311543813
0.06964184195565662,0.34075104311543813
0.06966164344611885,0.34075104311543813
0.06968145620022753,0.34075104311543813
0.06970128022759602,0.34075104311543813
0.0697211155378486,0.34075104311543813
0.06974096214062055,0.34075104311543813
0.06976082004555809,0.34075104311543813
0.06978068926231842,0.34075104311543813
0.06951566951566951,0.33936022253129344
0.0695354801937874,0.33936022253129344
0.06957513544339891,0.33936022253129344
0.06959498003422704,0.33936022253129344
0.06932952924393723,0.3379694019471488
0.06934931506849315,0.3379694019471488
0.06936911218955182,0.3379694019471488
0.06940874035989718,0.3379694019471488
0.06916261789082595,0.33657858136300417
0.06918238993710692,0.33657858136300417
0.06922196796338673,0.33657858136300417
0.06926159129937035,0.33657858136300417
0.06928141998282279,0.33657858136300417
0.06901489117983964,0.33518776077885953
0.0690346605557147,0.33518776077885953
0.06905444126074499,0.33518776077885953
0.06907423330467183,0.33518776077885953
0.0690940366972477,0.33518776077885953
0.06911385144823631,0.33518776077885953
0.06913367756741251,0.33518776077885953
0.06915351506456241,0.33518776077885953
0.06917336394948335,0.33518776077885953
0.06919322423198392,0.33518776077885953
0.06921309592188397,0.33518776077885953
0.06923297902901465,0.33518776077885953
0.0692528735632184,0.33518776077885953
0.06927277953434895,0.33518776077885953
0.06929269695227142,0.33518776077885953
0.06931262582686223,0.33518776077885953
0.0693325661680092,0.33518776077885953
0.06906474820143885,0.3337969401947149
0.0690846286701209,0.3337969401947149
0.06887608069164265,0.33240611961057026
0.06889593542807726,0.33240611961057026
0.06891580161476356,0.33240611961057026
0.06893567926160946,0.33240611961057026
0.06895556837853434,0.33240611961057026
0.06897546897546898,0.33240611961057026
0.06899538106235566,0.33240611961057026
0.06901530464914814,0.33240611961057026
0.06903523974581167,0.33240611961057026
0.06905518636232302,0.33240611961057026
0.06907514450867051,0.33240611961057026
0.06909511419485401,0.33240611961057026
0.06913508822678623,0.33240611961057026
0.06915509259259259,0.33240611961057026
0.06917510853835021,0.33240611961057026
0.06919513607411697,0.33240611961057026
0.06921517520996236,0.33240611961057026
0.06923522595596755,0.33240611961057026
0.06925528832222544,0.33240611961057026
0.06927536231884059,0.33240611961057026
0.06929544795592925,0.33240611961057026
0.06931554524361949,0.33240611961057026
0.06933565419205105,0.33240611961057026
0.0693557748113755,0.33240611961057026
0.06937590711175617,0.33240611961057026
0.06939605110336818,0.33240611961057026
0.06941620679639848,0.33240611961057026
0.06945655332752107,0.33240611961057026
0.06947674418604652,0.33240611961057026
0.06949694678685664,0.33240611961057026
0.06951716114019779,0.33240611961057026
0.06953738725632819,0.33240611961057026
0.06955762514551804,0.33240611961057026
0.06957787481804949,0.33240611961057026
0.06959813628421666,0.33240611961057026
0.06961840955432566,0.33240611961057026
0.06963869463869464,0.33240611961057026
0.06965899154765375,0.33240611961057026
0.06967930029154519,0.33240611961057026
0.06971995332555427,0.33240611961057026
0.06974029763641669,0.33240611961057026
0.06976065382370111,0.33240611961057026
0.06978102189781021,0.33240611961057026
0.06980140186915888,0.33240611961057026
0.06982179374817411,0.33240611961057026
0.06954997077732321,0.33101529902642557
0.0695906432748538,0.33101529902642557
0.06931851418543433,0.32962447844228093
0.06933879461673494,0.32962447844228093
0.06935908691834942,0.32962447844228093
0.06937939110070257,0.32962447844228093
0.06942003514938488,0.32962447844228093
0.06948109058927,0.32962447844228093
0.06952185391610442,0.32962447844228093
0.06926915174640447,0.3282336578581363
0.06928948913681739,0.3282336578581363
0.06930983847283406,0.3282336578581363
0.06933019976498238,0.3282336578581363
0.06935057302380253,0.3282336578581363
0.06937095825984715,0.3282336578581363
0.06939135548368126,0.3282336578581363
0.06941176470588235,0.3282336578581363
0.06945261918775751,0.3282336578581363
0.0694730644686488,0.3282336578581363
0.06949352179034157,0.3282336578581363
0.0695139911634757,0.3282336578581363
0.0695344725987036,0.3282336578581363
0.06955496610669025,0.3282336578581363
0.0695754716981132,0.3282336578581363
0.0696165191740413,0.3282336578581363
0.06963706107996459,0.3282336578581363
0.06965761511216056,0.3282336578581363
0.06967818128136995,0.3282336578581363
0.06969875959834614,0.3282336578581363
0.06971935007385524,0.3282336578581363
0.06973995271867613,0.3282336578581363
0.06976056754360035,0.3282336578581363
0.06978119455943228,0.3282336578581363
0.06980183377698905,0.3282336578581363
0.06982248520710059,0.3282336578581363
0.06984314886060965,0.3282336578581363
0.06986382474837181,0.3282336578581363
0.0695883920639621,0.32684283727399166
0.0696090047393365,0.32684283727399166
0.06965026674570243,0.32684283727399166
0.06937444411503113,0.325452016689847
0.06909845788849348,0.3240611961057024
0.06911895579946603,0.3240611961057024
0.06913946587537093,0.3240611961057024
0.06915998812704066,0.3240611961057024
0.06918052256532066,0.3240611961057024
0.0692010692010692,0.3240611961057024
0.06922162804515745,0.3240611961057024
0.06924219910846954,0.3240611961057024
0.06926278240190249,0.3240611961057024
0.06928337793636634,0.3240611961057024
0.0693452380952381,0.3240611961057024
0.06936588270318547,0.3240611961057024
0.06940720881739648,0.3240611961057024
0.06944858420268256,0.3240611961057024
0.06946929039952296,0.3240611961057024
0.06949000894721145,0.3240611961057024
0.06953148313936139,0.3240611961057024
0.06955223880597015,0.3240611961057024
0.0693158051986854,0.3226703755215577
0.06933652121936641,0.3226703755215577
0.06937799043062201,0.3226703755215577
0.06939874364343404,0.3226703755215577
0.06941950927588271,0.3226703755215577
0.06944028733912003,0.3226703755215577
0.06948188080263552,0.3226703755215577
0.0695026962252846,0.3226703755215577
0.06952352412346419,0.3226703755215577
0.06954436450839328,0.3226703755215577
0.06956521739130435,0.3226703755215577
0.06958608278344332,0.3226703755215577
0.0696069606960696,0.3226703755215577
0.06962785114045618,0.3226703755215577
0.06934854398078655,0.32127955493741306
0.06936936936936937,0.32127955493741306
0.06939020726945029,0.32127955493741306
0.0694110576923077,0.32127955493741306
0.06943192064923355,0.32127955493741306
0.06945279615153338,0.32127955493741306
0.06947368421052631,0.32127955493741306
0.06919374247894103,0.3198887343532684
0.06921456515197111,0.3198887343532684
0.06923540036122817,0.3198887343532684
0.06925624811803674,0.3198887343532684
0.06927710843373494,0.3198887343532684
0.0692979813196746,0.3198887343532684
0.06933976484775399,0.3198887343532684
0.06905910735826297,0.3184979137691238
0.06907993966817497,0.3184979137691238
0.06910078455039227,0.3184979137691238
0.06912164201629943,0.3184979137691238
0.0688821752265861,0.31710709318497915
0.06860078573587186,0.3157162726008345
0.06831922611850061,0.3143254520166898
0.0683398850922286,0.3143254520166898
0.06836055656382335,0.3143254520166898
0.06840193704600485,0.3143254520166898
0.06842264607932183,0.3143254520166898
0.06844336765596608,0.3143254520166898
0.06846410178733717,0.3143254520166898
0.06848484848484848,0.3143254520166898
0.06850560775992726,0.3143254520166898
0.06852637962401456,0.3143254520166898
0.06824385805277525,0.3129346314325452
0.06826456310679611,0.3129346314325452
0.06828528072837632,0.3129346314325452
0.06830601092896176,0.3129346314325452
0.06832675372001215,0.3129346314325452
0.06836827711941659,0.3129346314325452
0.06838905775075987,0.3129346314325452
0.06840985101854667,0.3129346314325452
0.06843065693430657,0.3129346314325452
0.06814724672954062,0.31154381084840055
0.06816798539257456,0.31154381084840055
0.06818873668188737,0.31154381084840055
0.0682095006090134,0.31154381084840055
0.06823027718550106,0.31154381084840055
0.06825106642291286,0.31154381084840055
0.06827186833282536,0.31154381084840055
0.06829268292682927,0.31154381084840055
0.06831351021652943,0.31154381084840055
0.06833435021354485,0.31154381084840055
0.0683552029295087,0.31154381084840055
0.06837606837606838,0.31154381084840055
0.0683969465648855,0.31154381084840055
0.06841783750763591,0.31154381084840055
0.06845965770171149,0.31154381084840055
0.0684805869764598,0.31154381084840055
0.06850152905198777,0.31154381084840055
0.06852248394004283,0.31154381084840055
0.06854345165238677,0.31154381084840055
0.06856443220079583,0.31154381084840055
0.06858542559706063,0.31154381084840055
0.06860643185298622,0.31154381084840055
0.06862745098039216,0.31154381084840055
0.06834201654918787,0.3101529902642559
0.0683629675045984,0.3101529902642559
0.0683839313094143,0.3101529902642559
0.06840490797546012,0.3101529902642559
0.06842589751457502,0.3101529902642559
0.06844689993861265,0.3101529902642559
0.06846791525944121,0.3101529902642559
0.0684889434889435,0.3101529902642559
0.06850998463901689,0.3101529902642559
0.06855210574853982,0.3101529902642559
0.06826568265682657,0.3087621696801113
0.06828668102122423,0.3087621696801113
0.0683076923076923,0.3087621696801113
0.06834975369458128,0.3087621696801113
0.06837080381890977,0.3087621696801113
0.06839186691312385,0.3087621696801113
0.06841294298921417,0.3087621696801113
0.06843403205918619,0.3087621696801113
0.06845513413506013,0.3087621696801113
0.06849737735266893,0.3087621696801113
0.06851851851851852,0.3087621696801113
0.06853967273849954,0.3087621696801113
0.06856084002470661,0.3087621696801113
0.0685820203892493,0.3087621696801113
0.06860321384425216,0.3087621696801113
0.06862442040185471,0.3087621696801113
0.0686456400742115,0.3087621696801113
0.06866687287349212,0.3087621696801113
0.06837871287128713,0.30737134909596664
0.0683998761993191,0.30737134909596664
0.06842105263157895,0.30737134909596664
0.06813254877671106,0.30598052851182195
0.06815365551425032,0.30598052851182195
0.06817477533312674,0.30598052851182195
0.06823821339950373,0.30598052851182195
0.06825938566552901,0.30598052851182195
0.06828057107386716,0.30598052851182195
0.06830176963675877,0.30598052851182195
0.06832298136645963,0.30598052851182195
0.06834420627524075,0.30598052851182195
0.06838669567920423,0.30598052851182195
0.06842923794712286,0.30598052851182195
0.06845052893590542,0.30598052851182195
0.06847183317771553,0.30598052851182195
0.0684931506849315,0.30598052851182195
0.06851448146994706,0.30598052851182195
0.06824555936428794,0.3045897079276773
0.06826683291770573,0.3045897079276773
0.06828811973807297,0.3045897079276773
0.06830941983780411,0.3045897079276773
0.06833073322932917,0.3045897079276773
0.06803995006242197,0.3031988873435327
0.06806119263190759,0.3031988873435327
0.06808244846970643,0.3031988873435327
0.0678125,0.30180806675938804
0.06783369803063458,0.30180806675938804
0.06785490931832396,0.30180806675938804
0.06787613387550828,0.30180806675938804
0.0678973717146433,0.30180806675938804
0.06791862284820031,0.30180806675938804
0.06793988728866625,0.30180806675938804
0.06796116504854369,0.30180806675938804
0.06800376057662175,0.30180806675938804
0.06802507836990596,0.30180806675938804
0.06773283160865474,0.3004172461752434
0.06777533730781299,0.3004172461752434
0.06779661016949153,0.3004172461752434
0.06781789638932496,0.3004172461752434
0.0678391959798995,0.3004172461752434
0.06786050895381715,0.3004172461752434
0.0678818353236958,0.3004172461752434
0.06790317510216913,0.3004172461752434
0.06794589493551431,0.3004172461752434
0.06796727501573317,0.3004172461752434
0.06801007556675064,0.3004172461752434
0.06803149606299212,0.3004172461752434
0.06805293005671077,0.3004172461752434
0.06807437756066814,0.3004172461752434
0.06809583858764187,0.3004172461752434
0.06811731315042574,0.3004172461752434
0.06813880126182965,0.3004172461752434
0.06816030293467971,0.3004172461752434
0.06820334701610357,0.3004172461752434
0.06790903348073278,0.29902642559109877
0.0679304897314376,0.29902642559109877
0.0679519595448799,0.29902642559109877
0.06797344293392349,0.29902642559109877
0.06799493991144845,0.29902642559109877
0.06801645049035115,0.29902642559109877
0.0680379746835443,0.29902642559109877
0.06805951250395695,0.29902642559109877
0.06808106396453452,0.29902642559109877
0.06810262907823883,0.29902642559109877
0.06812420785804817,0.29902642559109877
0.06814580031695722,0.29902642559109877
0.06816740646797717,0.29902642559109877
0.06818902632413575,0.29902642559109877
0.06821065989847716,0.29902642559109877
0.0682323072040622,0.29902642559109877
0.06825396825396825,0.29902642559109877
0.0682756430612893,0.29902642559109877
0.06829733163913596,0.29902642559109877
0.06831903400063552,0.29902642559109877
0.06834075015893197,0.29902642559109877
0.06836248012718601,0.29902642559109877
0.06838422391857506,0.29902642559109877
0.06840598154629335,0.29902642559109877
0.06842775302355188,0.29902642559109877
0.06844953836357848,0.29902642559109877
0.06817457789104811,0.29763560500695413
0.06819630337794774,0.29763560500695413
0.06821804271597068,0.29763560500695413
0.06823979591836735,0.29763560500695413
0.0682615629984051,0.29763560500695413
0.06828334396936822,0.29763560500695413
0.06832694763729247,0.29763560500695413
0.06834877036090706,0.29763560500695413
0.068370607028754,0.29763560500695413
0.06839245765420263,0.29763560500695413
0.06841432225063938,0.29763560500695413
0.06811640550047969,0.29624478442280944
0.06813819577735125,0.29624478442280944
0.06816,0.29624478442280944
0.06818181818181818,0.29624478442280944
0.06820365033621517,0.29624478442280944
0.06822549647661755,0.29624478442280944
0.06826923076923076,0.29624478442280944
0.06829111894838089,0.29624478442280944
0.06801411613731152,0.2948539638386648
0.06803594351732992,0.2948539638386648
0.06810150979762288,0.2948539638386648
0.06814529090324654,0.2948539638386648
0.06816720257234726,0.2948539638386648
0.06818912833708587,0.2948539638386648
0.0682110682110682,0.2948539638386648
0.0682330222079176,0.2948539638386648
0.06825499034127495,0.2948539638386648
0.06827697262479872,0.2948539638386648
0.06829896907216494,0.2948539638386648
0.06832097969706735,0.2948539638386648
0.06834300451321727,0.2948539638386648
0.06836504353434376,0.2948539638386648
0.06838709677419355,0.2948539638386648
0.06840916424653114,0.2948539638386648
0.0684533419438166,0.2948539638386648
0.06847545219638243,0.2948539638386648
0.06849757673667205,0.2948539638386648
0.06851971557853911,0.2948539638386648
0.06854186873585516,0.2948539638386648
0.0685640362225097,0.2948539638386648
0.06858621805241022,0.2948539638386648
0.0686084142394822,0.2948539638386648
0.06863062479766915,0.2948539638386648
0.06865284974093264,0.2948539638386648
0.06869734283862605,0.2948539638386648
0.06871961102106969,0.2948539638386648
0.06874189364461739,0.2948539638386648
0.06876419072332143,0.2948539638386648
0.06878650227125244,0.2948539638386648
0.0685064935064935,0.29346314325452016
0.06852874309840858,0.29346314325452016
0.06855100714749837,0.29346314325452016
0.06857328566785831,0.29346314325452016
0.06859557867360208,0.29346314325452016
0.06861788617886179,0.29346314325452016
0.0686402081977879,0.29346314325452016
0.0686625447445493,0.29346314325452016
0.06868489583333333,0.29346314325452016
0.06870726147834581,0.29346314325452016
0.06872964169381107,0.29346314325452016
0.06875203649397198,0.29346314325452016
0.06877444589308997,0.29346314325452016
0.06879686990544506,0.29346314325452016
0.06881930854533594,0.29346314325452016
0.06888671237349005,0.29346314325452016
0.0689092096668844,0.29346314325452016
0.06893172165958837,0.29346314325452016
0.06897678980058843,0.29346314325452016
0.06899934597776325,0.29346314325452016
0.06902191691200524,0.29346314325452016
0.0690671031096563,0.29346314325452016
0.068762278978389,0.29207232267037553
0.06878480183426139,0.29207232267037553
0.06880733944954129,0.29207232267037553
0.06885245901639345,0.29207232267037553
0.0688976377952756,0.29207232267037553
0.06892024942566459,0.29207232267037553
0.06896551724137931,0.29207232267037553
0.06898817345597898,0.29207232267037553
0.06903353057199212,0.29207232267037553
0.06905623150279513,0.29207232267037553
0.06907894736842106,0.29207232267037553
0.06912442396313365,0.29207232267037553
0.0691471847217649,0.29207232267037553
0.0691699604743083,0.29207232267037553
0.06921555702043507,0.29207232267037553
0.06923837784371908,0.29207232267037553
0.06926121372031663,0.29207232267037553
0.06928406466512702,0.29207232267037553
0.06930693069306931,0.29207232267037553
0.06932981181908221,0.29207232267037553
0.06935270805812417,0.29207232267037553
0.06937561942517344,0.29207232267037553
0.06939854593522803,0.29207232267037553
0.06909090909090909,0.2906815020862309
0.06911375661375661,0.2906815020862309
0.06913661925239828,0.2906815020862309
0.06915949702183984,0.2906815020862309
0.06918238993710692,0.2906815020862309
0.06920529801324503,0.2906815020862309
0.06927411335764004,0.2906815020862309
0.06929708222811672,0.2906815020862309
0.06932006633499171,0.2906815020862309
0.06934306569343066,0.2906815020862309
0.06936608031861932,0.2906815020862309
0.0693891102257636,0.2906815020862309
0.06941215543008968,0.2906815020862309
0.06943521594684385,0.2906815020862309
0.06945829179129279,0.2906815020862309
0.0694813829787234,0.2906815020862309
0.06950448952444296,0.2906815020862309
0.06952761144377911,0.2906815020862309
0.06921797004991681,0.28929068150208626
0.06931022992335888,0.28929068150208626
0.06935645215071691,0.28929068150208626
0.06937958639092728,0.28929068150208626
0.06942590120160214,0.28929068150208626
0.069449081803005,0.28929068150208626
0.06947227788911156,0.28929068150208626
0.0691613765452723,0.28789986091794156
0.06920762286860582,0.28789986091794156
0.06923076923076923,0.28789986091794156
0.06925393108062897,0.28789986091794156
0.06927710843373494,0.28789986091794156
0.06930030130565785,0.28789986091794156
0.06932350971198928,0.28789986091794156
0.06901172529313233,0.2865090403337969
0.0690348525469169,0.2865090403337969
0.06905799530673819,0.2865090403337969
0.06908115358819585,0.2865090403337969
0.06910432740691043,0.2865090403337969
0.0691275167785235,0.2865090403337969
0.06915072171869754,0.2865090403337969
0.06917394224311618,0.2865090403337969
0.06919717836748404,0.2865090403337969
0.06922043010752688,0.2865090403337969
0.0692436974789916,0.2865090403337969
0.06926698049764626,0.2865090403337969
0.06929027917928018,0.2865090403337969
0.0693135935397039,0.2865090403337969
0.06933692359474924,0.2865090403337969
0.06936026936026936,0.2865090403337969
0.06938363085213876,0.2865090403337969
0.0694304010785305,0.2865090403337969
0.06945380984490897,0.2865090403337969
0.06913996627318718,0.2851182197496523
0.06918663516706042,0.2851182197496523
0.06920999324780554,0.2851182197496523
0.06923336710570753,0.2851182197496523
0.06925675675675676,0.2851182197496523
0.06928016221696519,0.2851182197496523
0.0693270206290159,0.2851182197496523
0.06935047361299053,0.2851182197496523
0.06937394247038917,0.2851182197496523
0.06939742721733243,0.2851182197496523
0.06942092786996275,0.2851182197496523
0.06944444444444445,0.2851182197496523
0.06946797695696375,0.2851182197496523
0.06949152542372881,0.2851182197496523
0.06953867028493894,0.2851182197496523
0.06956226671191042,0.2851182197496523
0.06929347826086957,0.28372739916550765
0.06931702344546381,0.28372739916550765
0.06934058463630184,0.28372739916550765
0.06902414144848691,0.282336578581363
0.06904761904761905,0.282336578581363
0.06907111262334127,0.282336578581363
0.06909462219196733,0.282336578581363
0.069141689373297,0.282336578581363
0.06916524701873936,0.282336578581363
0.06918882072256305,0.282336578581363
0.06921241050119331,0.282336578581363
0.06923601637107776,0.282336578581363
0.06925963834868645,0.282336578581363
0.06928327645051195,0.282336578581363
0.06930693069306931,0.282336578581363
0.06935428766655279,0.282336578581363
0.06903622693096377,0.2809457579972184
0.06908344733242135,0.2809457579972184
0.06910708176530961,0.2809457579972184
0.06913073237508556,0.2809457579972184
0.06915439917836358,0.2809457579972184
0.06917808219178082,0.2809457579972184
0.06920178143199726,0.2809457579972184
0.06922549691569568,0.2809457579972184
0.06924922865958176,0.2809457579972184
0.06929674099485421,0.2809457579972184
0.0690010298661174,0.2795549374130737
0.06868131868131869,0.27816411682892905
0.06870491240123669,0.27816411682892905
0.06875214850464077,0.27816411682892905
0.0687757909215956,0.27816411682892905
0.06847900894700619,0.2767732962447844
0.0685025817555938,0.2767732962447844
0.06852617079889807,0.2767732962447844
0.06854977609369618,0.2767732962447844
0.06859703550499828,0.2767732962447844
0.0682994135908934,0.2753824756606398
0.06832298136645963,0.2753824756606398
0.06834656541249569,0.2753824756606398
0.06837016574585636,0.2753824756606398
0.06839378238341969,0.2753824756606398
0.06841741534208708,0.2753824756606398
0.06844106463878327,0.2753824756606398
0.06846473029045644,0.2753824756606398
0.06814251124178484,0.27399165507649514
0.06816608996539793,0.27399165507649514
0.06818968501211492,0.27399165507649514
0.06821329639889197,0.27399165507649514
0.06789054381711118,0.2726008344923505
0.06756756756756757,0.2712100139082058
0.06759098786828423,0.2712100139082058
0.06761442441054091,0.2712100139082058
0.06766134628730049,0.2712100139082058
0.06733772995487677,0.2698191933240612
0.06736111111111111,0.2698191933240612
0.06738450850989927,0.2698191933240612
0.06740792216817235,0.2698191933240612
0.06743135210288495,0.2698191933240612
0.0674547983310153,0.2698191933240612
0.06747826086956522,0.2698191933240612
0.06717716672467804,0.26842837273991654
0.06720055710306407,0.26842837273991654
0.06722396377568791,0.26842837273991654
0.06724738675958188,0.26842837273991654
0.06727082607180203,0.26842837273991654
0.06729428172942817,0.26842837273991654
0.06734124214933705,0.26842837273991654
0.06736474694589878,0.26842837273991654
0.06738826815642458,0.26842837273991654
0.06741180579811387,0.26842837273991654
0.06743535988819008,0.26842837273991654
0.06745893044390074,0.26842837273991654
0.06713286713286713,0.2670375521557719
0.06715634837355719,0.2670375521557719
0.06717984604618614,0.2670375521557719
0.0672033601680084,0.2670375521557719
0.06722689075630252,0.2670375521557719
0.06725043782837128,0.2670375521557719
0.0672740014015417,0.2670375521557719
0.06732117812061711,0.2670375521557719
0.0673447913012978,0.2670375521557719
0.06736842105263158,0.2670375521557719
0.06739206739206739,0.2670375521557719
0.06741573033707865,0.2670375521557719
0.06743940990516333,0.2670375521557719
0.06746310611384398,0.2670375521557719
0.06748681898066784,0.2670375521557719
0.06751054852320675,0.2670375521557719
0.06753429475905734,0.2670375521557719
0.06755805770584096,0.2670375521557719
0.06762944698837618,0.2670375521557719
0.06765327695560254,0.2670375521557719
0.0676771237222418,0.2670375521557719
0.06770098730606489,0.2670375521557719
0.06772486772486773,0.2670375521557719
0.0677726791387222,0.2670375521557719
0.06779661016949153,0.2670375521557719
0.06786850477200425,0.2670375521557719
0.06753889674681754,0.26564673157162727
0.06756278740714539,0.26564673157162727
0.06758669497523001,0.26564673157162727
0.06761061946902655,0.26564673157162727
0.06763456090651558,0.26564673157162727
0.06765851930570316,0.26564673157162727
0.06768249468462084,0.26564673157162727
0.06770648706132577,0.26564673157162727
0.06773049645390071,0.26564673157162727
0.06775452288045407,0.26564673157162727
0.06777856635911994,0.26564673157162727
0.06780262690805822,0.26564673157162727
0.06782670454545454,0.26564673157162727
0.06785079928952042,0.26564673157162727
0.06787491115849324,0.26564673157162727
0.06789904017063633,0.26564673157162727
0.06792318634423898,0.26564673157162727
0.06794734969761651,0.26564673157162727
0.06797153024911032,0.26564673157162727
0.06799572801708793,0.26564673157162727
0.06801994301994302,0.26564673157162727
0.06804417527609548,0.26564673157162727
0.06771204561653599,0.26425591098748263
0.0677361853832442,0.26425591098748263
0.06776034236804565,0.26425591098748263
0.06778451658936853,0.26425591098748263
0.06785714285714285,0.26425591098748263
0.06788138620936049,0.26425591098748263
0.06790564689063616,0.26425591098748263
0.06792992491955667,0.26425591098748263
0.06759656652360516,0.26286509040333794
0.06762075134168158,0.26286509040333794
0.06764495347172512,0.26286509040333794
0.06731113498030791,0.2614742698191933
0.0673352435530086,0.2614742698191933
0.06735936940164816,0.2614742698191933
0.06738351254480286,0.2614742698191933
0.06740767300107565,0.2614742698191933
0.06743185078909612,0.2614742698191933
0.06745604592752064,0.2614742698191933
0.0674802584350323,0.2614742698191933
0.06750448833034112,0.2614742698191933
0.06752873563218391,0.2614742698191933
0.06755300035932447,0.2614742698191933
0.06757728253055356,0.2614742698191933
0.06762589928057554,0.2614742698191933
0.06765023389708529,0.2614742698191933
0.06767458603311735,0.2614742698191933
0.06733885487936622,0.26008344923504867
0.06736311239193084,0.26008344923504867
0.06738738738738739,0.26008344923504867
0.06741167988464311,0.26008344923504867
0.06707536963577353,0.25869262865090403
0.0670995670995671,0.25869262865090403
0.06712378202814868,0.25869262865090403
0.06714801444043321,0.25869262865090403
0.06717226435536294,0.25869262865090403
0.06719653179190752,0.25869262865090403
0.06685941452837008,0.2573018080667594
0.06688358640636298,0.2573018080667594
0.06690777576853527,0.2573018080667594
0.06693198263386396,0.2573018080667594
0.0669562070213536,0.2573018080667594
0.0669804489500362,0.2573018080667594
0.06700470843897138,0.2573018080667594
0.06702898550724638,0.2573018080667594
0.06705328017397608,0.2573018080667594
0.06707759245830312,0.2573018080667594
0.06673920928545521,0.25591098748261476
0.06676342525399129,0.25591098748261476
0.06678765880217785,0.25591098748261476
0.06681190994916485,0.25591098748261476
0.06683617871413004,0.25591098748261476
0.06686046511627906,0.25591098748261476
0.06688476917484551,0.25591098748261476
0.06654545454545455,0.2545201668984701
0.06656966169516187,0.2545201668984701
0.0665938864628821,0.2545201668984701
0.06661812886785584,0.2545201668984701
0.06664238892935179,0.2545201668984701
0.06666666666666667,0.2545201668984701
0.06669096209912537,0.2545201668984701
0.06671527524608094,0.2545201668984701
0.06673960612691467,0.2545201668984701
0.06676395476103612,0.2545201668984701
0.0667883211678832,0.2545201668984701
0.06683710737764792,0.2545201668984701
0.06686152721958348,0.2545201668984701
0.0668859649122807,0.2545201668984701
0.06691042047531992,0.2545201668984701
0.06693489392831017,0.2545201668984701
0.06695938529088913,0.2545201668984701
0.06698389458272327,0.2545201668984701
0.06703296703296703,0.2545201668984701
0.06669109563942836,0.25312934631432543
0.06671554252199413,0.25312934631432543
0.06674000733406674,0.25312934631432543
0.06676449009537784,0.25312934631432543
0.06678899082568808,0.25312934631432543
0.06681350954478708,0.25312934631432543
0.06683804627249357,0.25312934631432543
0.06651966188901139,0.2517385257301808
0.06654411764705882,0.2517385257301808
0.06659308314937454,0.2517385257301808
0.0666175929333824,0.2517385257301808
0.0666421207658321,0.2517385257301808
0.06666666666666667,0.2517385257301808
0.06669123065585851,0.2517385257301808
0.06671581275340951,0.2517385257301808
0.06674041297935103,0.2517385257301808
0.06676503135374401,0.2517385257301808
0.06678966789667896,0.2517385257301808
0.06681432262827612,0.2517385257301808
0.06683899556868537,0.2517385257301808
0.06686368673808644,0.2517385257301808
0.06688839615668885,0.2517385257301808
0.06691312384473198,0.2517385257301808
0.0669378698224852,0.2517385257301808
0.06696263411024787,0.2517385257301808
0.06698741672834937,0.2517385257301808
0.0670122176971492,0.2517385257301808
0.06703703703703703,0.2517385257301808
0.06706187476843276,0.2517385257301808
0.0670867309117865,0.2517385257301808
0.06711160548757879,0.2517385257301808
0.06713649851632048,0.2517385257301808
0.06716141001855287,0.2517385257301808
0.06718634001484781,0.2517385257301808
0.06721128852580766,0.2517385257301808
0.06723625557206538,0.2517385257301808
0.06726124117428466,0.2517385257301808
0.06728624535315986,0.2517385257301808
0.0669393826701376,0.25034770514603616
0.06696428571428571,0.25034770514603616
0.0670391061452514,0.25034770514603616
0.06706408345752608,0.25034770514603616
0.06708907938874395,0.25034770514603616
0.06711409395973154,0.25034770514603616
0.06713912719134651,0.25034770514603616
0.06716417910447761,0.25034770514603616
0.0671892497200448,0.25034770514603616
0.06721433905899925,0.25034770514603616
0.0672394471423235,0.25034770514603616
0.06726457399103139,0.25034770514603616
0.06728971962616823,0.25034770514603616
0.06731488406881077,0.25034770514603616
0.06739049045301385,0.25034770514603616
0.06741573033707865,0.25034770514603616
0.06706631697264893,0.24895688456189152
0.06709145427286357,0.24895688456189152
0.06711661042369704,0.24895688456189152
0.0671417854463616,0.24895688456189152
0.06716697936210131,0.24895688456189152
0.06681681681681682,0.24756606397774686
0.06646639128802102,0.24617524339360222
0.06649135987978963,0.24617524339360222
0.0665163472378805,0.24617524339360222
0.06654135338345865,0.24617524339360222
0.066616484757245,0.24617524339360222
0.06664156626506024,0.24617524339360222
0.06671692423671316,0.24617524339360222
0.0667420814479638,0.24617524339360222
0.06676725763862694,0.24617524339360222
0.06679245283018868,0.24617524339360222
0.06681766704416761,0.24617524339360222
0.06656580937972768,0.24478442280945759
0.06659099508134696,0.24478442280945759
0.06661619984859955,0.24478442280945759
0.06664142370314274,0.24478442280945759
0.06666666666666667,0.24478442280945759
0.06669192876089428,0.24478442280945759
0.06633813495072025,0.24339360222531292
0.06638846737481031,0.24339360222531292
0.06641366223908918,0.24339360222531292
0.06643887623386484,0.24339360222531292
0.06646410938093429,0.24339360222531292
0.06648936170212766,0.24339360222531292
0.06651463321930824,0.24339360222531292
0.06653992395437262,0.24339360222531292
0.06659056316590563,0.24339360222531292
0.06661591168633423,0.24339360222531292
0.06664127951256664,0.24339360222531292
0.06666666666666667,0.24339360222531292
0.06669207317073171,0.24339360222531292
0.06633625619519634,0.24200278164116829
0.06636155606407322,0.24200278164116829
0.0663868752384586,0.24200278164116829
0.06643757159221077,0.24200278164116829
0.06646294881588999,0.24200278164116829
0.0661062285059228,0.24061196105702365
0.06613149847094801,0.24061196105702365
0.06615678776290632,0.24061196105702365
0.06618209640397858,0.24061196105702365
0.06620742441637964,0.24061196105702365
0.06623277182235834,0.24061196105702365
0.06625813864419762,0.24061196105702365
0.06628352490421456,0.24061196105702365
0.06630893062476044,0.24061196105702365
0.06633435582822086,0.24061196105702365
0.06635980053701572,0.24061196105702365
0.06641074856046066,0.24061196105702365
0.06643625192012288,0.24061196105702365
0.06646177487514407,0.24061196105702365
0.06648731744811684,0.24061196105702365
0.06651287966166859,0.24061196105702365
0.06653846153846153,0.24061196105702365
0.06656406310119277,0.24061196105702365
0.0665896843725943,0.24061196105702365
0.06661532537543319,0.24061196105702365
0.06669236700077101,0.24061196105702365
0.0667953667953668,0.24061196105702365
0.0668211664735419,0.24061196105702365
0.06684698608964451,0.24061196105702365
0.06687282566679552,0.24061196105702365
0.06689868522815158,0.24061196105702365
0.06692456479690523,0.24061196105702365
0.06697638404955478,0.24061196105702365
0.06700232378001549,0.24061196105702365
0.06702828361100349,0.24061196105702365
0.06705426356589148,0.24061196105702365
0.0670802636680884,0.24061196105702365
0.06710628394103957,0.24061196105702365
0.06713232440822663,0.24061196105702365
0.0671583850931677,0.24061196105702365
0.06718446601941748,0.24061196105702365
0.06721056721056722,0.24061196105702365
0.06726283048211508,0.24061196105702365
0.06728899260987943,0.24061196105702365
0.06731517509727626,0.24061196105702365
0.06734137796808097,0.24061196105702365
0.06736760124610591,0.24061196105702365
0.06739384495520062,0.24061196105702365
0.06742010911925175,0.24061196105702365
0.06744639376218324,0.24061196105702365
0.06747269890795632,0.24061196105702365
0.06749902458056964,0.24061196105702365
0.06752537080405933,0.24061196105702365
0.06755173760249902,0.24061196105702365
0.067578125,0.24061196105702365
0.06760453302071122,0.24061196105702365
0.0676309616888194,0.24061196105702365
0.06765741102854908,0.24061196105702365
0.06768388106416276,0.24061196105702365
0.06771037181996085,0.24061196105702365
0.06773688332028191,0.24061196105702365
0.06776341558950255,0.24061196105702365
0.06781654253234026,0.24061196105702365
0.06784313725490196,0.24061196105702365
0.06786975284425265,0.24061196105702365
0.06789638932496075,0.24061196105702365
0.0679230467216333,0.24061196105702365
0.06794972505891594,0.24061196105702365
0.06800314465408805,0.24061196105702365
0.06802988596146284,0.24061196105702365
0.06805664830841857,0.24061196105702365
0.06808343171979536,0.24061196105702365
0.06811023622047244,0.24061196105702365
0.06813706183536826,0.24061196105702365
0.0681639085894405,0.24061196105702365
0.06821766561514196,0.24061196105702365
0.06824457593688363,0.24061196105702365
0.0682984603237268,0.24061196105702365
0.0679304897314376,0.23922114047287898
0.06795732911892532,0.23922114047287898
0.06798418972332015,0.23922114047287898
0.06801107156979043,0.23922114047287898
0.0680379746835443,0.23922114047287898
0.06806489908982984,0.23922114047287898
0.06809184481393507,0.23922114047287898
0.06811881188118812,0.23922114047287898
0.06814580031695722,0.23922114047287898
0.06783022610075366,0.23783031988873435
0.06785714285714285,0.23783031988873435
0.06748709805478365,0.2364394993045897
0.06751389992057188,0.2364394993045897
0.06754072308303535,0.2364394993045897
0.06762132060461416,0.2364394993045897
0.06764822920811779,0.2364394993045897
0.06767515923566879,0.2364394993045897
0.0677021107128634,0.2364394993045897
0.06772908366533864,0.2364394993045897
0.06775607811877242,0.2364394993045897
0.06778309409888357,0.2364394993045897
0.06781013163143199,0.2364394993045897
0.06783719074221868,0.2364394993045897
0.06786427145708583,0.2364394993045897
0.06789137380191693,0.2364394993045897
0.06791849780263684,0.2364394993045897
0.06794564348521183,0.2364394993045897
0.06797281087564974,0.2364394993045897
0.068,0.2364394993045897
0.06802721088435375,0.2364394993045897
0.06805444355484387,0.2364394993045897
0.06808169803764517,0.2364394993045897
0.06810897435897435,0.2364394993045897
0.06813627254509018,0.2364394993045897
0.0681635926222935,0.2364394993045897
0.06821829855537721,0.2364394993045897
0.06824568446407066,0.2364394993045897
0.06827309236947791,0.2364394993045897
0.06832797427652733,0.2364394993045897
0.06835544833132289,0.2364394993045897
0.06838294448913917,0.2364394993045897
0.06841046277665996,0.2364394993045897
0.06843800322061191,0.2364394993045897
0.0684655658477648,0.2364394993045897
0.06809024979854955,0.23504867872044508
0.06811769447803305,0.23504867872044508
0.06814516129032258,0.23504867872044508
0.0681726502622025,0.23504867872044508
0.06820016142050041,0.23504867872044508
0.0682276947920872,0.23504867872044508
0.06825525040387723,0.23504867872044508
0.06828282828282828,0.23504867872044508
0.06831042845594179,0.23504867872044508
0.06793368378487667,0.2336578581363004
0.06796116504854369,0.2336578581363004
0.0679886685552408,0.2336578581363004
0.06761133603238867,0.23226703755215578
0.06763872012960713,0.23226703755215578
0.06766612641815235,0.23226703755215578
0.06769355492501013,0.23226703755215578
0.06774847870182556,0.23226703755215578
0.06777597402597403,0.23226703755215578
0.06780349167681689,0.23226703755215578
0.06783103168155971,0.23226703755215578
0.06785859406745226,0.23226703755215578
0.06788617886178862,0.23226703755215578
0.06791378609190728,0.23226703755215578
0.06794141578519121,0.23226703755215578
0.06756206756206756,0.23087621696801114
0.06758957654723127,0.23087621696801114
0.06761710794297353,0.23087621696801114
0.06764466177669112,0.23087621696801114
0.06769983686786298,0.23087621696801114
0.06772745818033456,0.23087621696801114
0.0673469387755102,0.22948539638386647
0.06737443854634545,0.22948539638386647
0.06740196078431372,0.22948539638386647
0.06742950551695955,0.22948539638386647
0.06745707277187245,0.22948539638386647
0.06748466257668712,0.22948539638386647
0.06751227495908348,0.22948539638386647
0.06753990994678674,0.22948539638386647
0.06756756756756757,0.22948539638386647
0.06718557968045882,0.22809457579972184
0.06721311475409836,0.22809457579972184
0.0672958555601149,0.22809457579972184
0.06732348111658457,0.22809457579972184
0.0673511293634497,0.22809457579972184
0.06737880032867707,0.22809457579972184
0.06740649404027949,0.22809457579972184
0.06743421052631579,0.22809457579972184
0.067461949814891,0.22809457579972184
0.06748971193415639,0.22809457579972184
0.0675174969123096,0.22809457579972184
0.06754530477759473,0.22809457579972184
0.06724422442244224,0.2267037552155772
0.06727197688815519,0.2267037552155772
0.06729975227085054,0.2267037552155772
0.06732755059892606,0.2267037552155772
0.06735537190082645,0.2267037552155772
0.06702523789822093,0.22531293463143254
0.06705298013245033,0.22531293463143254
0.0670807453416149,0.22531293463143254
0.06710853355426678,0.22531293463143254
0.06713634479900539,0.22531293463143254
0.06716417910447761,0.22531293463143254
0.06719203649937786,0.22531293463143254
0.06721991701244813,0.22531293463143254
0.06724782067247821,0.22531293463143254
0.06727574750830564,0.22531293463143254
0.06730369754881595,0.22531293463143254
0.06733167082294264,0.22531293463143254
0.06735966735966736,0.22531293463143254
0.06738768718801996,0.22531293463143254
0.06741573033707865,0.22531293463143254
0.06744379683597003,0.22531293463143254
0.06747188671386922,0.22531293463143254
0.0675,0.22531293463143254
0.06711129637348895,0.2239221140472879
0.06713928273561301,0.2239221140472879
0.06719532554257095,0.2239221140472879
0.06683375104427736,0.22253129346314326
0.06686167989970748,0.22253129346314326
0.06688963210702341,0.22253129346314326
0.06691760769552489,0.22253129346314326
0.06694560669456066,0.22253129346314326
0.06697362913352867,0.22253129346314326
0.06700167504187604,0.22253129346314326
0.06702974444909929,0.22253129346314326
0.06705783738474434,0.22253129346314326
0.06711409395973154,0.22253129346314326
0.06714225765841376,0.22253129346314326
0.06717044500419815,0.22253129346314326
0.06725514922236234,0.22253129346314326
0.0672834314550042,0.22253129346314326
0.06731173748422381,0.22253129346314326
0.06736842105263158,0.22253129346314326
0.06739679865206402,0.22253129346314326
0.06700379266750948,0.2211404728789986
0.06703204047217538,0.2211404728789986
0.06706031210459722,0.2211404728789986
0.0670886075949367,0.2211404728789986
0.0671169269734065,0.2211404728789986
0.06714527027027027,0.2211404728789986
0.06717363751584284,0.2211404728789986
0.06720202874049028,0.2211404728789986
0.06723044397463002,0.2211404728789986
0.06725888324873096,0.2211404728789986
0.06728734659331359,0.2211404728789986
0.06731583403895004,0.2211404728789986
0.06734434561626429,0.2211404728789986
0.06737288135593221,0.2211404728789986
0.06740144128868164,0.2211404728789986
0.06743002544529263,0.2211404728789986
0.06745863385659737,0.2211404728789986
0.06748726655348047,0.2211404728789986
0.06751592356687898,0.2211404728789986
0.0675446049277825,0.2211404728789986
0.06757331066723332,0.2211404728789986
0.06760204081632654,0.2211404728789986
0.06763079540621013,0.2211404728789986
0.06768837803320563,0.2211404728789986
0.06771720613287904,0.2211404728789986
0.06774605879846612,0.2211404728789986
0.06783276450511945,0.2211404728789986
0.0678617157490397,0.2211404728789986
0.06789069171648164,0.2211404728789986
0.06791969243912858,0.2211404728789986
0.06797776827704147,0.2211404728789986
0.06806506849315068,0.2211404728789986
0.06809421841541756,0.2211404728789986
0.06815259322760395,0.2211404728789986
0.06818181818181818,0.2211404728789986
0.06824034334763948,0.2211404728789986
0.0682696436238729,0.2211404728789986
0.06829896907216494,0.2211404728789986
0.06835769561478934,0.2211404728789986
0.06838709677419355,0.2211404728789986
0.06841652323580034,0.2211404728789986
0.06844597503228583,0.2211404728789986
0.06850495476087894,0.2211404728789986
0.06853448275862069,0.2211404728789986
0.0685640362225097,0.2211404728789986
0.06859361518550475,0.2211404728789986
0.06862321968062149,0.2211404728789986
0.06865284974093264,0.2211404728789986
0.06868250539956804,0.2211404728789986
0.06871218668971478,0.2211404728789986
0.06830955469087764,0.21974965229485396
0.06833910034602077,0.21974965229485396
0.0683686715707486,0.21974965229485396
0.06796536796536796,0.21835883171070933
0.06799480294499784,0.21835883171070933
0.06802426343154246,0.21835883171070933
0.06805374945817079,0.21835883171070933
0.06808326105810927,0.21835883171070933
0.06811279826464209,0.21835883171070933
0.0681423611111111,0.21835883171070933
0.06817194963091619,0.21835883171070933
0.0682015638575152,0.21835883171070933
0.06823120382442416,0.21835883171070933
0.06829056111352762,0.21835883171070933
0.06832027850304613,0.21835883171070933
0.06835002176752286,0.21835883171070933
0.06837979094076654,0.21835883171070933
0.06840958605664488,0.21835883171070933
0.06843940714908457,0.21835883171070933
0.06846925425207152,0.21835883171070933
0.06849912739965096,0.21835883171070933
0.06852902662592754,0.21835883171070933
0.0685589519650655,0.21835883171070933
0.06858890345128878,0.21835883171070933
0.06864888500218627,0.21835883171070933
0.06867891513560805,0.21835883171070933
0.0687089715536105,0.21835883171070933
0.06873905429071804,0.21835883171070933
0.06876916338151555,0.21835883171070933
0.06879929886064855,0.21835883171070933
0.06882946076282333,0.21835883171070933
0.06885964912280702,0.21835883171070933
0.06888986397542782,0.21835883171070933
0.06892010535557506,0.21835883171070933
0.06898066783831283,0.21835883171070933
0.06907171139463264,0.21835883171070933
0.06910211267605634,0.21835883171070933
0.06913254073095552,0.21835883171070933
0.06872246696035242,0.21696801112656466
0.06875275451740855,0.21696801112656466
0.06878306878306878,0.21696801112656466
0.06881340979267754,0.21696801112656466
0.06884377758164166,0.21696801112656466
0.06887417218543046,0.21696801112656466
0.06890459363957598,0.21696801112656466
0.068935041979673,0.21696801112656466
0.06899601946041574,0.21696801112656466
0.06858407079646017,0.21557719054242003
0.06861443116423196,0.21557719054242003
0.06864481842338352,0.21557719054242003
0.06867523260965884,0.21557719054242003
0.06870567375886524,0.21557719054242003
0.06873614190687362,0.21557719054242003
0.06876663708961846,0.21557719054242003
0.06879715934309809,0.21557719054242003
0.06882770870337478,0.21557719054242003
0.06885828520657486,0.21557719054242003
0.06888888888888889,0.21557719054242003
0.0689195197865718,0.21557719054242003
0.06895017793594306,0.21557719054242003
0.06898086337338674,0.21557719054242003
0.06901157613535173,0.21557719054242003
0.06904231625835189,0.21557719054242003
0.06907308377896614,0.21557719054242003
0.06910387873383861,0.21557719054242003
0.06913470115967886,0.21557719054242003
0.06916555109326193,0.21557719054242003
0.06919642857142858,0.21557719054242003
0.06922733363108531,0.21557719054242003
0.06928922664282522,0.21557719054242003
0.06932021466905187,0.21557719054242003
0.06893464637421665,0.2141863699582754
0.06896551724137931,0.2141863699582754
0.06899641577060932,0.2141863699582754
0.06902734199910354,0.2141863699582754
0.06908927770300584,0.2141863699582754
0.06912028725314183,0.2141863699582754
0.0691513246519982,0.2141863699582754
0.06918238993710692,0.2141863699582754
0.06921348314606741,0.2141863699582754
0.06924460431654676,0.2141863699582754
0.06930693069306931,0.2141863699582754
0.06933813597478614,0.2141863699582754
0.0694006309148265,0.2141863699582754
0.06943192064923355,0.2141863699582754
0.06946323861073522,0.2141863699582754
0.06949458483754513,0.2141863699582754
0.06952595936794582,0.2141863699582754
0.06955736224028906,0.2141863699582754
0.06958879349299593,0.2141863699582754
0.06962025316455696,0.2141863699582754
0.06968325791855204,0.2141863699582754
0.06974637681159421,0.2141863699582754
0.069777979157227,0.2141863699582754
0.06980961015412511,0.2141863699582754
0.06984126984126984,0.2141863699582754
0.06987295825771325,0.2141863699582754
0.0699046754425783,0.2141863699582754
0.06993642143505904,0.2141863699582754
0.06996819627442072,0.2141863699582754
0.07,0.2141863699582754
0.07003183265120509,0.2141863699582754
0.07006369426751592,0.2141863699582754
0.0700955848884843,0.2141863699582754
0.07012750455373407,0.2141863699582754
0.07015945330296128,0.2141863699582754
0.07019143117593436,0.2141863699582754
0.0702234382124943,0.2141863699582754
0.07025547445255474,0.2141863699582754
0.07031963470319634,0.2141863699582754
0.07035175879396985,0.2141863699582754
0.07038391224862889,0.2141863699582754
0.07041609510745313,0.2141863699582754
0.07044830741079597,0.2141863699582754
0.07048054919908467,0.2141863699582754
0.07051282051282051,0.2141863699582754
0.07054512139257901,0.2141863699582754
0.07011915673693858,0.21279554937413073
0.07018348623853211,0.21279554937413073
0.07021569527306104,0.21279554937413073
0.07024793388429752,0.21279554937413073
0.07028020211299954,0.21279554937413073
0.0703125,0.21279554937413073
0.0703448275862069,0.21279554937413073
0.0703771849126035,0.21279554937413073
0.0704095720202485,0.21279554937413073
0.07044198895027624,0.21279554937413073
0.07047443574389682,0.21279554937413073
0.07050691244239632,0.21279554937413073
0.07053941908713693,0.21279554937413073
0.0705719557195572,0.21279554937413073
0.07060452238117212,0.21279554937413073
0.07063711911357341,0.21279554937413073
0.07066974595842956,0.21279554937413073
0.07070240295748614,0.21279554937413073
0.07073509015256588,0.21279554937413073
0.07076780758556891,0.21279554937413073
0.07080055529847293,0.21279554937413073
0.07089898053753475,0.21279554937413073
0.07096474953617811,0.21279554937413073
0.07103064066852367,0.21279554937413073
0.07106363214119833,0.21279554937413073
0.07109665427509294,0.21279554937413073
0.07112970711297072,0.21279554937413073
0.07116279069767442,0.21279554937413073
0.07119590507212657,0.21279554937413073
0.0712290502793296,0.21279554937413073
0.0712622263623661,0.21279554937413073
0.07129543336439888,0.21279554937413073
0.07132867132867132,0.21279554937413073
0.07136194029850747,0.21279554937413073
0.07139524031731218,0.21279554937413073
0.07142857142857142,0.21279554937413073
0.07146193367585241,0.21279554937413073
0.07152875175315568,0.21279554937413073
0.0715622076707203,0.21279554937413073
0.07162921348314606,0.21279554937413073
0.07166276346604215,0.21279554937413073
0.07169634489222118,0.21279554937413073
0.07172995780590717,0.21279554937413073
0.07129455909943715,0.2114047287899861
0.07132801501642422,0.2114047287899861
0.07136150234741784,0.2114047287899861
0.07139502113668389,0.2114047287899861
0.07146215326751293,0.2114047287899861
0.07149576669802446,0.2114047287899861
0.07152941176470588,0.2114047287899861
0.07156308851224105,0.2114047287899861
0.07159679698539802,0.2114047287899861
0.07163053722902922,0.2114047287899861
0.07166430928807166,0.2114047287899861
0.07169811320754717,0.2114047287899861
0.07173194903256253,0.2114047287899861
0.07176581680830972,0.2114047287899861
0.07183364839319471,0.2114047287899861
0.07139479905437353,0.21001390820584145
0.07142857142857142,0.21001390820584145
0.07146237576904875,0.21001390820584145
0.07149621212121213,0.21001390820584145
0.07153008053055424,0.21001390820584145
0.07156398104265403,0.21001390820584145
0.07159791370317686,0.21001390820584145
0.07119126720455624,0.2086230876216968
0.07075023741690409,0.20723226703755215
0.07078384798099763,0.20723226703755215
0.07034220532319392,0.20584144645340752
0.07040913415794481,0.20584144645340752
0.07047619047619047,0.20584144645340752
0.07050976655550262,0.20584144645340752
0.07054337464251668,0.20584144645340752
0.07057701478302336,0.20584144645340752
0.07061068702290077,0.20584144645340752
0.07064439140811456,0.20584144645340752
0.07067812798471824,0.20584144645340752
0.07071189679885333,0.20584144645340752
0.07077953132472502,0.20584144645340752
0.0708133971291866,0.20584144645340752
0.07084729535662997,0.20584144645340752
0.07088122605363985,0.20584144645340752
0.07091518926689028,0.20584144645340752
0.07094918504314478,0.20584144645340752
0.0710172744721689,0.20584144645340752
0.07105136821891503,0.20584144645340752
0.07108549471661864,0.20584144645340752
0.071119654012494,0.20584144645340752
0.07115384615384615,0.20584144645340752
0.07118807118807119,0.20584144645340752
0.0712223291626564,0.20584144645340752
0.07129094412331406,0.20584144645340752
0.07132530120481928,0.20584144645340752
0.07135969141755062,0.20584144645340752
0.07142857142857142,0.20584144645340752
0.07146306132303235,0.20584144645340752
0.07153214113098115,0.20584144645340752
0.07156673114119923,0.20584144645340752
0.07160135462022255,0.20584144645340752
0.07163601161665054,0.20584144645340752
0.07167070217917676,0.20584144645340752
0.07170542635658915,0.20584144645340752
0.07174018419777024,0.20584144645340752
0.07177497575169738,0.20584144645340752
0.07180980106744299,0.20584144645340752
0.07184466019417475,0.20584144645340752
0.0718795531811559,0.20584144645340752
0.07191448007774538,0.20584144645340752
0.07194944093339815,0.20584144645340752
0.07198443579766536,0.20584144645340752
0.07201946472019465,0.20584144645340752
0.07205452775073028,0.20584144645340752
0.07167235494880546,0.20445062586926285
0.07121951219512195,0.20305980528511822
0.0712890625,0.20305980528511822
0.07083536883243771,0.20166898470097358
0.07090464547677261,0.20166898470097358
0.07093933463796477,0.20166898470097358
0.07048458149779736,0.20027816411682892
0.07051909892262488,0.20027816411682892
0.07055365017148457,0.20027816411682892
0.07058823529411765,0.20027816411682892
0.07062285434036292,0.20027816411682892
0.07065750736015702,0.20027816411682892
0.07069219440353461,0.20027816411682892
0.07072691552062868,0.20027816411682892
0.07076167076167077,0.20027816411682892
0.07079646017699115,0.20027816411682892
0.07083128381701918,0.20027816411682892
0.0703740157480315,0.19888734353268428
0.0704780680137999,0.19888734353268428
0.07058242843040474,0.19888734353268428
0.07061728395061728,0.19888734353268428
0.07065217391304347,0.19888734353268428
0.07068709836875926,0.19888734353268428
0.07072205736894165,0.19888734353268428
0.07079207920792079,0.19888734353268428
0.07086223984142716,0.19888734353268428
0.07089737233515121,0.19888734353268428
0.07043650793650794,0.19749652294853964
0.07047146401985112,0.19749652294853964
0.070506454816286,0.19749652294853964
0.07054148037754596,0.19749652294853964
0.0705765407554672,0.19749652294853964
0.07061163600198907,0.19749652294853964
0.070681931309109,0.19749652294853964
0.07071713147410359,0.19749652294853964
0.0707876370887338,0.19749652294853964
0.0708936595107339,0.19749652294853964
0.07092907092907093,0.19749652294853964
0.07096451774112944,0.19749652294853964
0.071,0.19749652294853964
0.07107107107107107,0.19749652294853964
0.07110665998998497,0.19749652294853964
0.07114228456913828,0.19749652294853964
0.07117794486215538,0.19749652294853964
0.0712136409227683,0.19749652294853964
0.07124937280481686,0.19749652294853964
0.071285140562249,0.19749652294853964
0.07132094424912104,0.19749652294853964
0.07135678391959799,0.19749652294853964
0.07139265962795374,0.19749652294853964
0.07142857142857142,0.19749652294853964
0.07146451937594363,0.19749652294853964
0.07150050352467271,0.19749652294853964
0.07153652392947103,0.19749652294853964
0.0715725806451613,0.19749652294853964
0.07160867372667676,0.19749652294853964
0.07164480322906155,0.19749652294853964
0.07168096920747097,0.19749652294853964
0.07121212121212121,0.19610570236439498
0.07074279939363315,0.19471488178025034
0.07077856420626896,0.19471488178025034
0.07081436519979767,0.19471488178025034
0.0708502024291498,0.19471488178025034
0.07088607594936709,0.19471488178025034
0.07092198581560284,0.19471488178025034
0.07095793208312215,0.19471488178025034
0.07099391480730223,0.19471488178025034
0.07102993404363267,0.19471488178025034
0.07106598984771574,0.19471488178025034
0.07110208227526663,0.19471488178025034
0.07113821138211382,0.19471488178025034
0.0711743772241993,0.19471488178025034
0.07121057985757884,0.19471488178025034
0.07124681933842239,0.19471488178025034
0.07128309572301425,0.19471488178025034
0.07080998471726949,0.1933240611961057
0.07084607543323139,0.1933240611961057
0.07088220295767465,0.1933240611961057
0.07091836734693878,0.1933240611961057
0.0709545686574783,0.1933240611961057
0.07099080694586313,0.1933240611961057
0.07102708226877874,0.1933240611961057
0.07106339468302658,0.1933240611961057
0.0710997442455243,0.1933240611961057
0.07117255504352278,0.1933240611961057
0.07120901639344263,0.1933240611961057
0.07124551512045105,0.1933240611961057
0.07128205128205128,0.1933240611961057
0.07131862493586455,0.1933240611961057
0.07135523613963039,0.1933240611961057
0.07087827426810478,0.19193324061196107
0.07040082219938334,0.1905424200278164
0.07043701799485862,0.1905424200278164
0.07047325102880658,0.1905424200278164
0.07050952135872363,0.1905424200278164
0.0705458290422245,0.1905424200278164
0.07061855670103093,0.1905424200278164
0.07065497679216091,0.1905424200278164
0.07069143446852426,0.1905424200278164
0.07072792978833248,0.1905424200278164
0.07076446280991736,0.1905424200278164
0.07080103359173126,0.1905424200278164
0.07083764219234746,0.1905424200278164
0.07042982910409114,0.18915159944367177
0.07046632124352331,0.18915159944367177
0.0705028512182478,0.18915159944367177
0.07057602490918526,0.18915159944367177
0.07061266874350987,0.18915159944367177
0.07064935064935066,0.18915159944367177
0.07072282891315652,0.18915159944367177
0.07075962539021852,0.18915159944367177
0.07083333333333333,0.18915159944367177
0.07087024491922876,0.18915159944367177
0.07090719499478623,0.18915159944367177
0.07094418362023996,0.18915159944367177
0.0709812108559499,0.18915159944367177
0.07101827676240209,0.18915159944367177
0.07105538140020899,0.18915159944367177
0.0705697856769472,0.18776077885952713
0.07060669456066945,0.18776077885952713
0.0706436420722135,0.18776077885952713
0.07068062827225131,0.18776077885952713
0.07071765322158198,0.18776077885952713
0.07079181961195595,0.18776077885952713
0.0708289611752361,0.18776077885952713
0.07086614173228346,0.18776077885952713
0.07090336134453781,0.18776077885952713
0.07097791798107256,0.18776077885952713
0.07101525512887953,0.18776077885952713
0.07105263157894737,0.18776077885952713
0.07109004739336493,0.18776077885952713
0.07112750263435196,0.18776077885952713
0.07116499736425935,0.18776077885952713
0.07120253164556962,0.18776077885952713
0.0712401055408971,0.18776077885952713
0.07127771911298839,0.18776077885952713
0.07131537242472266,0.18776077885952713
0.0708245243128964,0.18636995827538247
0.07089947089947089,0.18636995827538247
0.07093700370566437,0.18636995827538247
0.07097457627118645,0.18636995827538247
0.07101218865924748,0.18636995827538247
0.07104984093319194,0.18636995827538247
0.07112526539278131,0.18636995827538247
0.07116303770578863,0.18636995827538247
0.07120085015940489,0.18636995827538247
0.07123870281765018,0.18636995827538247
0.07127659574468086,0.18636995827538247
0.07131452900478978,0.18636995827538247
0.07135250266240682,0.18636995827538247
0.0713905167820991,0.18636995827538247
0.07142857142857142,0.18636995827538247
0.07146666666666666,0.18636995827538247
0.07150480256136606,0.18636995827538247
0.07154297917778964,0.18636995827538247
0.07158119658119658,0.18636995827538247
0.07161945483698556,0.18636995827538247
0.07165775401069518,0.18636995827538247
0.07169609416800428,0.18636995827538247
0.07173447537473233,0.18636995827538247
0.07177289769683985,0.18636995827538247
0.07181136120042872,0.18636995827538247
0.071313672922252,0.18497913769123783
0.07081545064377683,0.1835883171070932
0.07085346215780998,0.1835883171070932
0.07089151450053706,0.1835883171070932
0.07092960773777539,0.1835883171070932
0.07096774193548387,0.1835883171070932
0.07100591715976332,0.1835883171070932
0.07108239095315025,0.1835883171070932
0.07112068965517242,0.1835883171070932
0.07115902964959568,0.1835883171070932
0.07119741100323625,0.1835883171070932
0.07123583378305451,0.1835883171070932
0.07127429805615551,0.1835883171070932
0.0713128038897893,0.1835883171070932
0.07081081081081081,0.18219749652294853
0.07084910762574365,0.18219749652294853
0.07034632034632035,0.1808066759388039
0.07038440714672442,0.1808066759388039
0.06991869918699187,0.17941585535465926
0.06995661605206074,0.17941585535465926
0.06999457406402604,0.17941585535465926
0.07003257328990228,0.17941585535465926
0.07007061379684953,0.17941585535465926
0.07010869565217391,0.17941585535465926
0.0701468189233279,0.17941585535465926
0.07018498367791078,0.17941585535465926
0.07026143790849673,0.17941585535465926
0.07029972752043596,0.17941585535465926
0.0703380588876772,0.17941585535465926
0.07037643207855974,0.17941585535465926
0.07041484716157205,0.17941585535465926
0.07045330420535227,0.17941585535465926
0.07049180327868852,0.17941585535465926
0.07053034445051941,0.17941585535465926
0.07056892778993436,0.17941585535465926
0.07060755336617405,0.17941585535465926
0.07064622124863089,0.17941585535465926
0.07068493150684932,0.17941585535465926
0.07072368421052631,0.17941585535465926
0.07076247942951179,0.17941585535465926
0.07025246981339188,0.1780250347705146
0.07029104887424492,0.1780250347705146
0.07032967032967033,0.1780250347705146
0.07036833424958769,0.1780250347705146
0.0704070407040704,0.1780250347705146
0.06942148760330578,0.17524339360222532
0.06945975744211687,0.17524339360222532
0.0694980694980695,0.17524339360222532
0.0695364238410596,0.17524339360222532
0.06961325966850829,0.17524339360222532
0.06965174129353234,0.17524339360222532
0.06969026548672566,0.17524339360222532
0.06972883231876037,0.17524339360222532
0.06976744186046512,0.17524339360222532
0.06980609418282549,0.17524339360222532
0.06984478935698447,0.17524339360222532
0.06988352745424292,0.17524339360222532
0.06992230854605994,0.17524339360222532
0.0699611327040533,0.17524339360222532
0.07,0.17524339360222532
0.06948304613674264,0.17385257301808066
0.06952169076751946,0.17385257301808066
0.06959910913140312,0.17385257301808066
0.06963788300835655,0.17385257301808066
0.06967670011148272,0.17385257301808066
0.06971556051310653,0.17385257301808066
0.06975446428571429,0.17385257301808066
0.06979341150195421,0.17385257301808066
0.06983240223463687,0.17385257301808066
0.06987143655673561,0.17385257301808066
0.06991051454138703,0.17385257301808066
0.06994963626189143,0.17385257301808066
0.06998880179171332,0.17385257301808066
0.07010656197420079,0.17385257301808066
0.07014590347923681,0.17385257301808066
0.07018528916339135,0.17385257301808066
0.0696629213483146,0.17246175243393602
0.06970207982012366,0.17246175243393602
0.06974128233970754,0.17246175243393602
0.06978052898142938,0.17246175243393602
0.06981981981981981,0.17246175243393602
0.06985915492957746,0.17246175243393602
0.06989853438556934,0.17246175243393602
0.06993795826283136,0.17246175243393602
0.06997742663656885,0.17246175243393602
0.07001693958215698,0.17246175243393602
0.07005649717514124,0.17246175243393602
0.07009609949123799,0.17246175243393602
0.07013574660633484,0.17246175243393602
0.07017543859649122,0.17246175243393602
0.07021517553793885,0.17246175243393602
0.07025495750708215,0.17246175243393602
0.07029478458049887,0.17246175243393602
0.07033465683494045,0.17246175243393602
0.07037457434733257,0.17246175243393602
0.0704145371947757,0.17246175243393602
0.07045454545454545,0.17246175243393602
0.07049459920409323,0.17246175243393602
0.07053469852104664,0.17246175243393602
0.07057484348321001,0.17246175243393602
0.07061503416856492,0.17246175243393602
0.07065527065527065,0.17246175243393602
0.07069555302166476,0.17246175243393602
0.07073588134626355,0.17246175243393602
0.07077625570776255,0.17246175243393602
0.07081667618503712,0.17246175243393602
0.07085714285714285,0.17246175243393602
0.07093821510297482,0.17246175243393602
0.07097882083571837,0.17246175243393602
0.07101947308132875,0.17246175243393602
0.07106017191977078,0.17246175243393602
0.07110091743119266,0.17246175243393602
0.07114170969592656,0.17246175243393602
0.0711825487944891,0.17246175243393602
0.07122343480758185,0.17246175243393602
0.07126436781609195,0.17246175243393602
0.07130534790109258,0.17246175243393602
0.0713463751438435,0.17246175243393602
0.07138744962579159,0.17246175243393602
0.07142857142857142,0.17246175243393602
0.07146974063400577,0.17246175243393602
0.07151095732410612,0.17246175243393602
0.07155222158107329,0.17246175243393602
0.07159353348729793,0.17246175243393602
0.07105719237435008,0.17107093184979139
0.07109826589595376,0.17107093184979139
0.07113938692886061,0.17107093184979139
0.07118055555555555,0.17107093184979139
0.07122177185871453,0.17107093184979139
0.07068366164542295,0.16968011126564672
0.07072463768115941,0.16968011126564672
0.07076566125290024,0.16968011126564672
0.0702263493905978,0.16828929068150209
0.070267131242741,0.16828929068150209
0.07030796048808832,0.16828929068150209
0.07034883720930232,0.16828929068150209
0.07038976148923792,0.16828929068150209
0.07043073341094296,0.16828929068150209
0.07047175305765871,0.16828929068150209
0.07051282051282051,0.16828929068150209
0.07055393586005831,0.16828929068150209
0.0705950991831972,0.16828929068150209
0.07063631056625802,0.16828929068150209
0.07067757009345794,0.16828929068150209
0.07071887784921099,0.16828929068150209
0.07076023391812865,0.16828929068150209
0.07080163838502047,0.16828929068150209
0.07084309133489461,0.16828929068150209
0.07088459285295841,0.16828929068150209
0.070926143024619,0.16828929068150209
0.07096774193548387,0.16828929068150209
0.07105108631826189,0.16828929068150209
0.07113462669018225,0.16828929068150209
0.07058823529411765,0.16689847009735745
0.07062978222483814,0.16689847009735745
0.0706713780918728,0.16689847009735745
0.07012374779021803,0.16550764951321278
0.07016509433962265,0.16550764951321278
0.07020648967551622,0.16550764951321278
0.07024793388429752,0.16550764951321278
0.07028942705256941,0.16550764951321278
0.07033096926713948,0.16550764951321278
0.07041420118343195,0.16550764951321278
0.0704558910597987,0.16550764951321278
0.07049763033175356,0.16550764951321278
0.07053941908713693,0.16550764951321278
0.07058125741399762,0.16550764951321278
0.07066508313539192,0.16550764951321278
0.0707070707070707,0.16550764951321278
0.07074910820451843,0.16550764951321278
0.07079119571683522,0.16550764951321278
0.07083333333333333,0.16550764951321278
0.07087552114353782,0.16550764951321278
0.07091775923718713,0.16550764951321278
0.07096004770423375,0.16550764951321278
0.07108721624850657,0.16550764951321278
0.07112970711297072,0.16550764951321278
0.07117224880382775,0.16550764951321278
0.07121484141232795,0.16550764951321278
0.07125748502994012,0.16550764951321278
0.0713001797483523,0.16550764951321278
0.07134292565947242,0.16550764951321278
0.07138572285542892,0.16550764951321278
0.07142857142857142,0.16550764951321278
0.07147147147147147,0.16550764951321278
0.07151442307692307,0.16550764951321278
0.07155742633794347,0.16550764951321278
0.07160048134777376,0.16550764951321278
0.07108433734939759,0.16411682892906815
0.07117008443908324,0.16411682892906815
0.0712130356065178,0.16411682892906815
0.07129909365558912,0.16411682892906815
0.07134220072551391,0.16411682892906815
0.07138535995160314,0.16411682892906815
0.07142857142857142,0.16411682892906815
0.07147183525136282,0.16411682892906815
0.07151515151515152,0.16411682892906815
0.071645415907711,0.16411682892906815
0.07108140947752126,0.1627260083449235
0.07112462006079028,0.1627260083449235
0.07121119902617164,0.1627260083449235
0.0712545676004872,0.1627260083449235
0.0712979890310786,0.1627260083449235
0.0713849908480781,0.1627260083449235
0.07142857142857142,0.1627260083449235
0.07147220525351253,0.1627260083449235
0.0715158924205379,0.1627260083449235
0.07155963302752294,0.1627260083449235
0.07099143206854346,0.16133518776077885
0.07103490508266994,0.16133518776077885
0.07107843137254902,0.16133518776077885
0.07112201103617413,0.16133518776077885
0.07116564417177915,0.16133518776077885
0.07120933087783916,0.16133518776077885
0.07125307125307126,0.16133518776077885
0.07129686539643516,0.16133518776077885
0.07134071340713408,0.16133518776077885
0.07142857142857142,0.16133518776077885
0.07147258163894023,0.16133518776077885
0.07151664611590629,0.16133518776077885
0.07094386181369525,0.1599443671766342
0.07098765432098765,0.1599443671766342
0.07103150092649783,0.1599443671766342
0.07107540173053152,0.1599443671766342
0.07111935683364255,0.1599443671766342
0.07054455445544554,0.15855354659248957
0.07058823529411765,0.15855354659248957
0.07063197026022305,0.15855354659248957
0.07005579665220087,0.1571627260083449
0.07009925558312655,0.1571627260083449
0.07014276846679081,0.1571627260083449
0.06956521739130435,0.15577190542420027
0.06960845245494096,0.15577190542420027
0.06965174129353234,0.15577190542420027
0.06969508400746734,0.15577190542420027
0.06973848069738481,0.15577190542420027
0.06978193146417445,0.15577190542420027
0.06982543640897755,0.15577190542420027
0.06986899563318777,0.15577190542420027
0.06991260923845194,0.15577190542420027
0.06995627732667083,0.15577190542420027
0.07,0.15577190542420027
0.07004377736085053,0.15577190542420027
0.07013149655604257,0.15577190542420027
0.07017543859649122,0.15577190542420027
0.07021943573667712,0.15577190542420027
0.07026348808030113,0.15577190542420027
0.07030759573132454,0.15577190542420027
0.07035175879396985,0.15577190542420027
0.07039597737272156,0.15577190542420027
0.07044025157232704,0.15577190542420027
0.07048458149779736,0.15577190542420027
0.07052896725440806,0.15577190542420027
0.07057340894770006,0.15577190542420027
0.07061790668348046,0.15577190542420027
0.07066246056782334,0.15577190542420027
0.0707070707070707,0.15577190542420027
0.07075173720783323,0.15577190542420027
0.07025316455696203,0.15438108484005564
0.07029765674477517,0.15438108484005564
0.07034220532319392,0.15438108484005564
0.06975269499048826,0.15299026425591097
0.06979695431472081,0.15299026425591097
0.06984126984126984,0.15299026425591097
0.06925031766200762,0.15159944367176634
0.06929434202161475,0.15159944367176634
0.0693384223918575,0.15159944367176634
0.06938255887969447,0.15159944367176634
0.06947100063734862,0.15159944367176634
0.06951530612244898,0.15159944367176634
0.06955966815571155,0.15159944367176634
0.06960408684546615,0.15159944367176634
0.06964856230031949,0.15159944367176634
0.06969309462915602,0.15159944367176634
0.06973768394113884,0.15159944367176634
0.06978233034571063,0.15159944367176634
0.06918641896220372,0.1502086230876217
0.06923076923076923,0.1502086230876217
0.06927517639512508,0.1502086230876217
0.0693196405648267,0.1502086230876217
0.06940874035989718,0.1502086230876217
0.06945337620578779,0.1502086230876217
0.0694980694980695,0.1502086230876217
0.0695428203477141,0.1502086230876217
0.06958762886597938,0.1502086230876217
0.06963249516441006,0.1502086230876217
0.0696774193548387,0.1502086230876217
0.0697224015493867,0.1502086230876217
0.0698125404007757,0.1502086230876217
0.06985769728331177,0.1502086230876217
0.06990291262135923,0.1502086230876217
0.06994818652849741,0.1502086230876217
0.06999351911860013,0.1502086230876217
0.07008436080467229,0.1502086230876217
0.06948051948051948,0.14881780250347706
0.06887589343729694,0.1474269819193324
0.06892067620286085,0.1474269819193324
0.06831489915419649,0.14603616133518776
0.068359375,0.14603616133518776
0.06840390879478828,0.14603616133518776
0.06844850065189048,0.14603616133518776
0.06788511749347259,0.14464534075104313
0.06792945787067277,0.14464534075104313
0.06797385620915032,0.14464534075104313
0.06815203145478375,0.14464534075104313
0.06819672131147542,0.14464534075104313
0.06824146981627296,0.14464534075104313
0.06828627708470125,0.14464534075104313
0.0683311432325887,0.14464534075104313
0.06837606837606838,0.14464534075104313
0.06842105263157895,0.14464534075104313
0.0684660961158657,0.14464534075104313
0.06789716545814106,0.14325452016689846
0.06803170409511229,0.14325452016689846
0.0680766688697951,0.14325452016689846
0.06812169312169312,0.14325452016689846
0.06821192052980132,0.14325452016689846
0.0682571239231279,0.14325452016689846
0.06830238726790451,0.14325452016689846
0.06839309428950863,0.14325452016689846
0.06843853820598006,0.14325452016689846
0.06848404255319149,0.14325452016689846
0.06857523302263649,0.14325452016689846
0.06862091938707528,0.14325452016689846
0.06880427521710086,0.14325452016689846
0.06885026737967914,0.14325452016689846
0.06889632107023412,0.14325452016689846
0.06894243641231593,0.14325452016689846
0.06898861352980576,0.14325452016689846
0.0690348525469169,0.14325452016689846
0.06908115358819585,0.14325452016689846
0.0691275167785235,0.14325452016689846
0.06917394224311618,0.14325452016689846
0.06922043010752688,0.14325452016689846
0.06926698049764626,0.14325452016689846
0.0693135935397039,0.14325452016689846
0.06868686868686869,0.14186369958275383
0.06873315363881402,0.14186369958275383
0.06877950101146325,0.14186369958275383
0.06882591093117409,0.14186369958275383
0.0688723835246455,0.14186369958275383
0.06891891891891892,0.14186369958275383
0.06896551724137931,0.14186369958275383
0.06833558863328823,0.1404728789986092
0.06838185511171294,0.1404728789986092
0.06842818428184282,0.1404728789986092
0.06847457627118644,0.1404728789986092
0.06852103120759837,0.1404728789986092
0.06856754921928038,0.1404728789986092
0.06861413043478261,0.1404728789986092
0.06870748299319727,0.1404728789986092
0.06875425459496257,0.1404728789986092
0.06880108991825613,0.1404728789986092
0.06884798909338787,0.1404728789986092
0.0688949522510232,0.1404728789986092
0.0689419795221843,0.1404728789986092
0.06898907103825136,0.1404728789986092
0.06903622693096377,0.1404728789986092
0.06908344733242135,0.1404728789986092
0.06913073237508556,0.1404728789986092
0.06917808219178082,0.1404728789986092
0.06922549691569568,0.1404728789986092
0.06927297668038408,0.1404728789986092
0.06932052161976665,0.1404728789986092
0.06936813186813187,0.1404728789986092
0.06941580756013746,0.1404728789986092
0.06946354883081156,0.1404728789986092
0.06951135581555402,0.1404728789986092
0.06955922865013774,0.1404728789986092
0.06960716747070986,0.1404728789986092
0.0696551724137931,0.1404728789986092
0.06970324361628709,0.1404728789986092
0.06975138121546962,0.1404728789986092
0.06979958534899793,0.1404728789986092
0.0698478561549101,0.1404728789986092
0.0698961937716263,0.1404728789986092
0.06994459833795014,0.1404728789986092
0.06999306999306999,0.1404728789986092
0.07004160887656033,0.1404728789986092
0.07009021512838307,0.1404728789986092
0.07013888888888889,0.1404728789986092
0.07018763029881862,0.1404728789986092
0.0702364394993046,0.1404728789986092
0.07028531663187196,0.1404728789986092
0.07033426183844012,0.1404728789986092
0.07038327526132404,0.1404728789986092
0.07043235704323571,0.1404728789986092
0.07048150732728542,0.1404728789986092
0.07053072625698324,0.1404728789986092
0.07058001397624039,0.1404728789986092
0.07062937062937064,0.1404728789986092
0.07067879636109167,0.1404728789986092
0.07072829131652661,0.1404728789986092
0.07077785564120533,0.1404728789986092
0.07082748948106592,0.1404728789986092
0.07087719298245614,0.1404728789986092
0.07092696629213484,0.1404728789986092
0.07097680955727337,0.1404728789986092
0.0710267229254571,0.1404728789986092
0.07107670654468684,0.1404728789986092
0.07112676056338028,0.1404728789986092
0.0711768851303735,0.1404728789986092
0.07122708039492243,0.1404728789986092
0.0713276836158192,0.1404728789986092
0.07137809187279152,0.1404728789986092
0.07072135785007072,0.13908205841446453
0.07077140835102619,0.13908205841446453
0.0708215297450425,0.13908205841446453
0.07087172218284904,0.13908205841446453
0.07092198581560284,0.13908205841446453
0.07102272727272728,0.13908205841446453
0.07107320540156362,0.13908205841446453
0.07112375533428165,0.13908205841446453
0.0711743772241993,0.13908205841446453
0.07122507122507123,0.13908205841446453
0.07127583749109052,0.13908205841446453
0.07132667617689016,0.13908205841446453
0.07137758743754462,0.13908205841446453
0.07142857142857142,0.13908205841446453
0.07147962830593281,0.13908205841446453
0.0715307582260372,0.13908205841446453
0.07158196134574088,0.13908205841446453
0.07091690544412607,0.1376912378303199
0.07106963388370424,0.1376912378303199
0.07112068965517242,0.1376912378303199
0.07117181883537024,0.1376912378303199
0.07122302158273382,0.1376912378303199
0.07127429805615551,0.1376912378303199
0.0707070707070707,0.13630041724617525
0.07075812274368232,0.13630041724617525
0.07086044830079537,0.13630041724617525
0.07091172214182344,0.13630041724617525
0.07096307023895727,0.13630041724617525
0.07101449275362319,0.13630041724617525
0.07106598984771574,0.13630041724617525
0.07111756168359942,0.13630041724617525
0.07116920842411038,0.13630041724617525
0.07122093023255814,0.13630041724617525
0.07132459970887918,0.13630041724617525
0.07142857142857142,0.13630041724617525
0.07148067104303428,0.13630041724617525
0.07085463842220599,0.1349095966620306
0.07090643274853801,0.1349095966620306
0.07095830285296269,0.1349095966620306
0.07101024890190337,0.1349095966620306
0.07106227106227106,0.1349095966620306
0.07111436950146628,0.1349095966620306
0.07116654438738078,0.1349095966620306
0.07121879588839941,0.1349095966620306
0.0713235294117647,0.1349095966620306
0.07137601177336277,0.1349095966620306
0.07142857142857142,0.1349095966620306
0.0715339233038348,0.1349095966620306
0.07158671586715867,0.1349095966620306
0.07163958641063516,0.1349095966620306
0.07169253510716925,0.1349095966620306
0.07174556213017752,0.1349095966620306
0.07179866765358993,0.1349095966620306
0.07185185185185185,0.1349095966620306
0.07190511489992588,0.1349095966620306
0.07195845697329377,0.1349095966620306
0.07201187824795843,0.1349095966620306
0.07206537890044576,0.1349095966620306
0.07211895910780669,0.1349095966620306
0.07217261904761904,0.1349095966620306
0.07222635889798958,0.1349095966620306
0.07228017883755589,0.1349095966620306
0.07238805970149254,0.1349095966620306
0.07244212098581031,0.1349095966620306
0.07255048616305161,0.1349095966620306
0.07260479041916168,0.1349095966620306
0.07265917602996255,0.1349095966620306
0.0727136431784108,0.1349095966620306
0.072768192048012,0.1349095966620306
0.07287753568745305,0.1349095966620306
0.07293233082706767,0.1349095966620306
0.07298720842738901,0.1349095966620306
0.0730421686746988,0.1349095966620306
0.07309721175584025,0.1349095966620306
0.07239819004524888,0.13351877607788595
0.07169811320754717,0.13212795549374132
0.07175226586102719,0.13212795549374132
0.07180650037792895,0.13212795549374132
0.0718608169440242,0.13212795549374132
0.07191521574564724,0.13212795549374132
0.07196969696969698,0.13212795549374132
0.07202426080363912,0.13212795549374132
0.07207890743550835,0.13212795549374132
0.0721336370539104,0.13212795549374132
0.07218844984802432,0.13212795549374132
0.07224334600760456,0.13212795549374132
0.07229832572298325,0.13212795549374132
0.07235338918507235,0.13212795549374132
0.07240853658536585,0.13212795549374132
0.07246376811594203,0.13212795549374132
0.07251908396946564,0.13212795549374132
0.07257448433919023,0.13212795549374132
0.07262996941896024,0.13212795549374132
0.07279693486590039,0.13212795549374132
0.07285276073619631,0.13212795549374132
0.07290867229470453,0.13212795549374132
0.0730207532667179,0.13212795549374132
0.07307692307692308,0.13212795549374132
0.0731331793687452,0.13212795549374132
0.07318952234206472,0.13212795549374132
0.07324595219737856,0.13212795549374132
0.07330246913580248,0.13212795549374132
0.07335907335907337,0.13212795549374132
0.07341576506955177,0.13212795549374132
0.07347254447022429,0.13212795549374132
0.07352941176470588,0.13212795549374132
0.07358636715724244,0.13212795549374132
0.07364341085271318,0.13212795549374132
0.07370054305663305,0.13212795549374132
0.07298136645962733,0.13073713490959665
0.07303807303807304,0.13073713490959665
0.07309486780715396,0.13073713490959665
0.07237354085603113,0.12934631432545202
0.07170693686671863,0.12795549374130738
0.0717628705148206,0.12795549374130738
0.07181889149102264,0.12795549374130738
0.07109375,0.12656467315716272
0.07114933541829555,0.12656467315716272
0.07120500782472614,0.12656467315716272
0.07126076742364917,0.12656467315716272
0.0713166144200627,0.12656467315716272
0.07137254901960784,0.12656467315716272
0.07142857142857142,0.12656467315716272
0.07148468185388845,0.12656467315716272
0.07154088050314465,0.12656467315716272
0.07159716758457907,0.12656467315716272
0.07086614173228346,0.12517385257301808
0.07097791798107256,0.12517385257301808
0.07103393843725335,0.12517385257301808
0.07109004739336493,0.12517385257301808
0.07114624505928854,0.12517385257301808
0.07120253164556962,0.12517385257301808
0.07125890736342043,0.12517385257301808
0.07131537242472266,0.12517385257301808
0.07137192704203013,0.12517385257301808
0.07142857142857142,0.12517385257301808
0.07148530579825259,0.12517385257301808
0.07154213036565978,0.12517385257301808
0.07159904534606205,0.12517385257301808
0.07165605095541401,0.12517385257301808
0.07171314741035857,0.12517385257301808
0.07177033492822966,0.12517385257301808
0.07182761372705507,0.12517385257301808
0.07188498402555911,0.12517385257301808
0.07194244604316546,0.12517385257301808
0.072,0.12517385257301808
0.07205764611689351,0.12517385257301808
0.07211538461538461,0.12517385257301808
0.07217321571772253,0.12517385257301808
0.07223113964686999,0.12517385257301808
0.07228915662650602,0.12517385257301808
0.07234726688102894,0.12517385257301808
0.07246376811594203,0.12517385257301808
0.07258064516129033,0.12517385257301808
0.07263922518159806,0.12517385257301808
0.07269789983844911,0.12517385257301808
0.07275666936135812,0.12517385257301808
0.07281553398058252,0.12517385257301808
0.07293354943273905,0.12517385257301808
0.072992700729927,0.12517385257301808
0.07229894394800974,0.12378303198887343
0.07235772357723577,0.12378303198887343
0.07241659886086249,0.12378303198887343
0.07253463732681337,0.12378303198887343
0.07259380097879282,0.12378303198887343
0.07265306122448979,0.12378303198887343
0.0727124183006536,0.12378303198887343
0.07277187244480784,0.12378303198887343
0.0728910728910729,0.12378303198887343
0.07301066447908121,0.12378303198887343
0.07307060755336617,0.12378303198887343
0.07313064913722268,0.12378303198887343
0.07319078947368421,0.12378303198887343
0.07331136738056013,0.12378303198887343
0.07337180544105523,0.12378303198887343
0.07343234323432343,0.12378303198887343
0.07349298100743187,0.12378303198887343
0.07355371900826446,0.12378303198887343
0.07361455748552523,0.12378303198887343
0.07367549668874172,0.12378303198887343
0.07379767827529021,0.12378303198887343
0.07385892116182573,0.12378303198887343
0.0739202657807309,0.12378303198887343
0.07315045719035744,0.12239221140472879
0.07321131447587355,0.12239221140472879
0.07327227310574522,0.12239221140472879
0.07339449541284404,0.12239221140472879
0.07262103505843072,0.12100139082058414
0.07268170426065163,0.12100139082058414
0.07274247491638795,0.12100139082058414
0.07280334728033473,0.12100139082058414
0.0728643216080402,0.12100139082058414
0.07292539815590947,0.12100139082058414
0.07304785894206549,0.12100139082058414
0.073109243697479,0.12100139082058414
0.07317073170731707,0.12100139082058414
0.07323232323232323,0.12100139082058414
0.07329401853411963,0.12100139082058414
0.0733558178752108,0.12100139082058414
0.07341772151898734,0.12100139082058414
0.07347972972972973,0.12100139082058414
0.073541842772612,0.12100139082058414
0.07360406091370558,0.12100139082058414
0.07366638441998306,0.12100139082058414
0.0737913486005089,0.12100139082058414
0.07385398981324279,0.12100139082058414
0.07391673746813934,0.12100139082058414
0.07397959183673469,0.12100139082058414
0.07319148936170213,0.11961057023643949
0.07325383304940375,0.11961057023643949
0.07246376811594203,0.11821974965229486
0.07252559726962457,0.11821974965229486
0.07258753202391119,0.11821974965229486
0.07264957264957266,0.11821974965229486
0.07271171941830624,0.11821974965229486
0.07277397260273973,0.11821974965229486
0.07289879931389365,0.11821974965229486
0.07296137339055794,0.11821974965229486
0.07302405498281787,0.11821974965229486
0.07308684436801376,0.11821974965229486
0.07314974182444062,0.11821974965229486
0.07321274763135228,0.11821974965229486
0.07327586206896551,0.11821974965229486
0.07333908541846419,0.11821974965229486
0.07340241796200346,0.11821974965229486
0.07346585998271392,0.11821974965229486
0.07352941176470588,0.11821974965229486
0.0735930735930736,0.11821974965229486
0.07365684575389948,0.11821974965229486
0.07378472222222222,0.11821974965229486
0.0738488271068636,0.11821974965229486
0.07391304347826087,0.11821974965229486
0.07397737162750218,0.11821974965229486
0.0740418118466899,0.11821974965229486
0.07410636442894507,0.11821974965229486
0.07417102966841187,0.11821974965229486
0.07423580786026202,0.11821974965229486
0.0743006993006993,0.11821974965229486
0.07436570428696412,0.11821974965229486
0.07443082311733801,0.11821974965229486
0.07449605609114812,0.11821974965229486
0.07462686567164178,0.11821974965229486
0.07475813544415127,0.11821974965229486
0.07482394366197183,0.11821974965229486
0.07400881057268723,0.1168289290681502
0.07407407407407407,0.1168289290681502
0.07413945278022947,0.1168289290681502
0.07420494699646643,0.1168289290681502
0.07427055702917772,0.1168289290681502
0.0743362831858407,0.1168289290681502
0.07440212577502214,0.1168289290681502
0.07446808510638298,0.1168289290681502
0.07453416149068323,0.1168289290681502
0.07460035523978685,0.1168289290681502
0.07479964381121995,0.1168289290681502
0.0748663101604278,0.1168289290681502
0.07493309545049064,0.1168289290681502
0.07410714285714286,0.11543810848400557
0.0741733690795353,0.11543810848400557
0.0742397137745975,0.11543810848400557
0.07430617726051925,0.11543810848400557
0.07360861759425494,0.11404728789986092
0.07367475292003593,0.11404728789986092
0.0737410071942446,0.11404728789986092
0.0738073807380738,0.11404728789986092
0.07387387387387387,0.11404728789986092
0.07303877366997295,0.11265646731571627
0.07310469314079422,0.11265646731571627
0.07323688969258589,0.11265646731571627
0.07330316742081448,0.11265646731571627
0.07336956521739131,0.11265646731571627
0.07343608340888486,0.11265646731571627
0.073502722323049,0.11265646731571627
0.07356948228882834,0.11265646731571627
0.07363636363636364,0.11265646731571627
0.07377049180327869,0.11265646731571627
0.07383773928896992,0.11265646731571627
0.0739051094890511,0.11265646731571627
0.07397260273972603,0.11265646731571627
0.0740402193784278,0.11265646731571627
0.07410795974382434,0.11265646731571627
0.07417582417582418,0.11265646731571627
0.07424381301558204,0.11265646731571627
0.07431192660550459,0.11265646731571627
0.0743801652892562,0.11265646731571627
0.0744485294117647,0.11265646731571627
0.07451701931922723,0.11265646731571627
0.07458563535911603,0.11265646731571627
0.07465437788018434,0.11265646731571627
0.07472324723247233,0.11265646731571627
0.07479224376731301,0.11265646731571627
0.07493061979648474,0.11265646731571627
0.075,0.11265646731571627
0.07506950880444857,0.11265646731571627
0.075139146567718,0.11265646731571627
0.07520891364902507,0.11265646731571627
0.07527881040892194,0.11265646731571627
0.07534883720930233,0.11265646731571627
0.0754892823858341,0.11265646731571627
0.07555970149253731,0.11265646731571627
0.07563025210084033,0.11265646731571627
0.07570093457943926,0.11265646731571627
0.07577174929840973,0.11265646731571627
0.07584269662921349,0.11265646731571627
0.07591377694470477,0.11265646731571627
0.07598499061913697,0.11265646731571627
0.07605633802816901,0.11265646731571627
0.07612781954887218,0.11265646731571627
0.07540056550424128,0.11126564673157163
0.07547169811320754,0.11126564673157163
0.07554296506137866,0.11126564673157163
0.07561436672967864,0.11126564673157163
0.07568590350047304,0.11126564673157163
0.07575757575757576,0.11126564673157163
0.07582938388625593,0.11126564673157163
0.07590132827324478,0.11126564673157163
0.07597340930674264,0.11126564673157163
0.07604562737642585,0.11126564673157163
0.07611798287345385,0.11126564673157163
0.0761904761904762,0.11126564673157163
0.07626310772163966,0.11126564673157163
0.07633587786259542,0.11126564673157163
0.07640878701050621,0.11126564673157163
0.07648183556405354,0.11126564673157163
0.07559808612440191,0.10987482614742698
0.07567049808429119,0.10987482614742698
0.07574304889741132,0.10987482614742698
0.07581573896353166,0.10987482614742698
0.07588856868395773,0.10987482614742698
0.07596153846153846,0.10987482614742698
0.07603464870067372,0.10987482614742698
0.07610789980732177,0.10987482614742698
0.07618129218900675,0.10987482614742698
0.07625482625482626,0.10987482614742698
0.07632850241545894,0.10987482614742698
0.07640232108317214,0.10987482614742698
0.07647628267182963,0.10987482614742698
0.07655038759689922,0.10987482614742698
0.07662463627546072,0.10987482614742698
0.0766990291262136,0.10987482614742698
0.07677356656948493,0.10987482614742698
0.07684824902723736,0.10987482614742698
0.07692307692307693,0.10987482614742698
0.0769980506822612,0.10987482614742698
0.07707317073170732,0.10987482614742698
0.0771484375,0.10987482614742698
0.07729941291585127,0.10987482614742698
0.07737512242899118,0.10987482614742698
0.07745098039215687,0.10987482614742698
0.0775269872423945,0.10987482614742698
0.07760314341846758,0.10987482614742698
0.0776794493608653,0.10987482614742698
0.07775590551181102,0.10987482614742698
0.07692307692307693,0.10848400556328233
0.0769990128331688,0.10848400556328233
0.07707509881422925,0.10848400556328233
0.0771513353115727,0.10848400556328233
0.07730426164519326,0.10848400556328233
0.07738095238095238,0.10848400556328233
0.07745779543197617,0.10848400556328233
0.0775347912524851,0.10848400556328233
0.07761194029850746,0.10848400556328233
0.07768924302788845,0.10848400556328233
0.07776669990029911,0.10848400556328233
0.07784431137724551,0.10848400556328233
0.07792207792207792,0.10848400556328233
0.078,0.10848400556328233
0.07807807807807808,0.10848400556328233
0.07823470411233702,0.10848400556328233
0.0783132530120482,0.10848400556328233
0.07839195979899498,0.10848400556328233
0.07847082494969819,0.10848400556328233
0.07854984894259819,0.10848400556328233
0.07870837537840565,0.10848400556328233
0.07878787878787878,0.10848400556328233
0.0788675429726997,0.10848400556328233
0.07894736842105263,0.10848400556328233
0.0790273556231003,0.10848400556328233
0.07910750507099391,0.10848400556328233
0.07918781725888324,0.10848400556328233
0.07926829268292683,0.10848400556328233
0.07942973523421588,0.10848400556328233
0.07951070336391437,0.10848400556328233
0.07865168539325842,0.1070931849791377
0.0787321063394683,0.1070931849791377
0.07897435897435898,0.1070931849791377
0.07905544147843943,0.1070931849791377
0.07810894141829394,0.10570236439499305
0.07818930041152264,0.10570236439499305
0.07826982492276004,0.10570236439499305
0.07835051546391752,0.10570236439499305
0.0784313725490196,0.10570236439499305
0.07851239669421488,0.10570236439499305
0.07859358841778696,0.10570236439499305
0.07875647668393783,0.10570236439499305
0.07883817427385892,0.10570236439499305
0.07892004153686397,0.10570236439499305
0.07796257796257797,0.1043115438108484
0.07804370447450572,0.1043115438108484
0.078125,0.1043115438108484
0.07820646506777894,0.1043115438108484
0.07828810020876827,0.1043115438108484
0.07836990595611286,0.1043115438108484
0.07845188284518828,0.1043115438108484
0.07853403141361257,0.1043115438108484
0.07756813417190776,0.10292072322670376
0.0776495278069255,0.10292072322670376
0.07781282860147214,0.10292072322670376
0.07789473684210527,0.10292072322670376
0.0779768177028451,0.10292072322670376
0.07805907172995781,0.10292072322670376
0.07822410147991543,0.10292072322670376
0.07830687830687831,0.10292072322670376
0.07838983050847458,0.10292072322670376
0.0784729586426299,0.10292072322670376
0.07855626326963906,0.10292072322670376
0.07863974495217853,0.10292072322670376
0.07872340425531915,0.10292072322670376
0.07880724174653887,0.10292072322670376
0.07782515991471216,0.10152990264255911
0.07790821771611527,0.10152990264255911
0.07807486631016043,0.10152990264255911
0.07832618025751073,0.10152990264255911
0.07841031149301826,0.10152990264255911
0.07849462365591398,0.10152990264255911
0.07857911733046287,0.10152990264255911
0.07866379310344827,0.10152990264255911
0.07874865156418555,0.10152990264255911
0.07883369330453564,0.10152990264255911
0.07891891891891892,0.10152990264255911
0.07900432900432901,0.10152990264255911
0.0790899241603467,0.10152990264255911
0.07917570498915401,0.10152990264255911
0.07926167209554831,0.10152990264255911
0.07934782608695652,0.10152990264255911
0.0794341675734494,0.10152990264255911
0.07960741548527808,0.10152990264255911
0.07969432314410481,0.10152990264255911
0.07978142076502732,0.10152990264255911
0.07986870897155361,0.10152990264255911
0.07995618838992333,0.10152990264255911
0.0800438596491228,0.10152990264255911
0.0801317233809001,0.10152990264255911
0.08021978021978023,0.10152990264255911
0.08030803080308031,0.10152990264255911
0.08039647577092511,0.10152990264255911
0.0804851157662624,0.10152990264255911
0.08057395143487858,0.10152990264255911
0.07955801104972375,0.10013908205841446
0.07964601769911504,0.10013908205841446
0.07973421926910298,0.10013908205841446
0.07982261640798226,0.10013908205841446
0.07991120976692564,0.10013908205841446
0.08,0.10013908205841446
0.08008898776418243,0.10013908205841446
0.0802675585284281,0.10013908205841446
0.08035714285714286,0.10013908205841446
0.08044692737430167,0.10013908205841446
0.08053691275167785,0.10013908205841446
0.08062709966405375,0.10013908205841446
0.08071748878923767,0.10013908205841446
0.08080808080808081,0.10013908205841446
0.07977528089887641,0.09874826147426982
0.07995495495495496,0.09874826147426982
0.08004509582863585,0.09874826147426982
0.08013544018058691,0.09874826147426982
0.08022598870056497,0.09874826147426982
0.08031674208144797,0.09874826147426982
0.08049886621315193,0.09874826147426982
0.08059023836549375,0.09874826147426982
0.08086560364464693,0.09874826147426982
0.08095781071835804,0.09874826147426982
0.08105022831050228,0.09874826147426982
0.08114285714285714,0.09874826147426982
0.08123569794050343,0.09874826147426982
0.08132875143184422,0.09874826147426982
0.08142201834862385,0.09874826147426982
0.08151549942594719,0.09874826147426982
0.08160919540229886,0.09874826147426982
0.08170310701956271,0.09874826147426982
0.08179723502304148,0.09874826147426982
0.08073817762399077,0.09735744089012517
0.08083140877598152,0.09735744089012517
0.08092485549132948,0.09735744089012517
0.08101851851851852,0.09735744089012517
0.08111239860950174,0.09735744089012517
0.08120649651972157,0.09735744089012517
0.08130081300813008,0.09735744089012517
0.08139534883720931,0.09735744089012517
0.08149010477299184,0.09735744089012517
0.08158508158508158,0.09735744089012517
0.08168028004667445,0.09735744089012517
0.08177570093457943,0.09735744089012517
0.08187134502923976,0.09735744089012517
0.08196721311475409,0.09735744089012517
0.08206330597889801,0.09735744089012517
0.08225616921269095,0.09735744089012517
0.08235294117647059,0.09735744089012517
0.08244994110718493,0.09735744089012517
0.08254716981132075,0.09735744089012517
0.08264462809917356,0.09735744089012517
0.08274231678486997,0.09735744089012517
0.08284023668639054,0.09735744089012517
0.08293838862559241,0.09735744089012517
0.08333333333333333,0.09735744089012517
0.08343265792610251,0.09735744089012517
0.08353221957040573,0.09735744089012517
0.08363201911589008,0.09735744089012517
0.08253588516746412,0.09596662030598054
0.08263473053892216,0.09596662030598054
0.08273381294964029,0.09596662030598054
0.08283313325330131,0.09596662030598054
0.0829326923076923,0.09596662030598054
0.08182912154031288,0.09457579972183588
0.0819277108433735,0.09457579972183588
0.08202653799758745,0.09457579972183588
0.0821256038647343,0.09457579972183588
0.08222490931076179,0.09457579972183588
0.08232445520581114,0.09457579972183588
0.08242424242424243,0.09457579972183588
0.0825242718446602,0.09457579972183588
0.08262454434993925,0.09457579972183588
0.0827250608272506,0.09457579972183588
0.08292682926829269,0.09457579972183588
0.08312958435207823,0.09457579972183588
0.0832313341493268,0.09457579972183588
0.08333333333333333,0.09457579972183588
0.08230958230958231,0.09318497913769123
0.08241082410824108,0.09318497913769123
0.08251231527093596,0.09318497913769123
0.08271604938271605,0.09318497913769123
0.08281829419035847,0.09318497913769123
0.08292079207920793,0.09318497913769123
0.08178438661710037,0.0917941585535466
0.08188585607940446,0.0917941585535466
0.08198757763975155,0.0917941585535466
0.08208955223880597,0.0917941585535466
0.08229426433915212,0.0917941585535466
0.08239700374531835,0.0917941585535466
0.0825,0.0917941585535466
0.08260325406758448,0.0917941585535466
0.08270676691729323,0.0917941585535466
0.08281053952321205,0.0917941585535466
0.0829145728643216,0.0917941585535466
0.0830188679245283,0.0917941585535466
0.08312342569269521,0.0917941585535466
0.0832282471626734,0.0917941585535466
0.08333333333333333,0.0917941585535466
0.08343868520859671,0.0917941585535466
0.08354430379746836,0.0917941585535466
0.08365019011406843,0.0917941585535466
0.08375634517766498,0.0917941585535466
0.08386277001270648,0.0917941585535466
0.08396946564885496,0.0917941585535466
0.0840764331210191,0.0917941585535466
0.08418367346938775,0.0917941585535466
0.0842911877394636,0.0917941585535466
0.08461538461538462,0.0917941585535466
0.0834403080872914,0.09040333796940195
0.08354755784061697,0.09040333796940195
0.08376288659793814,0.09040333796940195
0.08387096774193549,0.09040333796940195
0.08397932816537468,0.09040333796940195
0.08408796895213454,0.09040333796940195
0.08419689119170984,0.09040333796940195
0.08430609597924774,0.09040333796940195
0.08441558441558442,0.09040333796940195
0.08452535760728218,0.09040333796940195
0.08463541666666667,0.09040333796940195
0.08366013071895424,0.0890125173852573
0.08376963350785341,0.0890125173852573
0.08387942332896461,0.0890125173852573
0.08398950131233596,0.0890125173852573
0.08409986859395532,0.0890125173852573
0.08421052631578947,0.0890125173852573
0.08432147562582346,0.0890125173852573
0.08443271767810026,0.0890125173852573
0.0845442536327609,0.0890125173852573
0.08465608465608465,0.0890125173852573
0.0847682119205298,0.0890125173852573
0.08488063660477453,0.0890125173852573
0.0849933598937583,0.0890125173852573
0.085219707057257,0.0890125173852573
0.084,0.08762169680111266
0.08411214953271028,0.08762169680111266
0.08422459893048129,0.08762169680111266
0.08433734939759036,0.08762169680111266
0.08310991957104558,0.08623087621696801
0.08322147651006712,0.08623087621696801
0.08333333333333333,0.08623087621696801
0.08344549125168237,0.08623087621696801
0.08367071524966262,0.08623087621696801
0.08378378378378379,0.08623087621696801
0.08389715832205684,0.08623087621696801
0.08401084010840108,0.08623087621696801
0.08412483039348712,0.08623087621696801
0.08423913043478261,0.08623087621696801
0.08435374149659863,0.08623087621696801
0.08446866485013624,0.08623087621696801
0.08321964529331514,0.08484005563282336
0.08333333333333333,0.08484005563282336
0.08356164383561644,0.08484005563282336
0.08367626886145405,0.08484005563282336
0.08379120879120878,0.08484005563282336
0.08390646492434663,0.08484005563282336
0.08402203856749312,0.08484005563282336
0.08413793103448276,0.08484005563282336
0.08425414364640885,0.08484005563282336
0.08437067773167359,0.08484005563282336
0.08448753462603878,0.08484005563282336
0.08460471567267684,0.08484005563282336
0.08472222222222223,0.08484005563282336
0.08484005563282336,0.08484005563282336
0.08495821727019498,0.08484005563282336
0.08507670850767085,0.08484005563282336
0.08519553072625698,0.08484005563282336
0.08531468531468532,0.08484005563282336
0.08543417366946779,0.08484005563282336
0.08555399719495091,0.08484005563282336
0.08567415730337079,0.08484005563282336
0.08438818565400844,0.08344923504867872
0.0846262341325811,0.08344923504867872
0.0847457627118644,0.08344923504867872
0.08486562942008487,0.08344923504867872
0.08498583569405099,0.08344923504867872
0.0851063829787234,0.08344923504867872
0.08522727272727272,0.08344923504867872
0.08534850640113797,0.08344923504867872
0.08547008547008547,0.08344923504867872
0.08583690987124463,0.08344923504867872
0.08452722063037249,0.08205841446453407
0.08464849354375897,0.08205841446453407
0.08333333333333333,0.08066759388038942
0.08345323741007195,0.08066759388038942
0.08357348703170028,0.08066759388038942
0.0836940836940837,0.08066759388038942
0.0838150289017341,0.08066759388038942
0.08405797101449275,0.08066759388038942
0.0841799709724238,0.08066759388038942
0.08430232558139535,0.08066759388038942
0.08442503639010189,0.08066759388038942
0.08454810495626822,0.08066759388038942
0.0847953216374269,0.08066759388038942
0.0849194729136164,0.08066759388038942
0.08357771260997067,0.07927677329624479
0.08370044052863436,0.07927677329624479
0.0838235294117647,0.07927677329624479
0.08394698085419734,0.07927677329624479
0.084070796460177,0.07927677329624479
0.08419497784342689,0.07927677329624479
0.08431952662721894,0.07927677329624479
0.0830860534124629,0.07788595271210014
0.08172362555720654,0.07649513212795549
0.0818452380952381,0.07649513212795549
0.08196721311475409,0.07649513212795549
0.08221225710014948,0.07649513212795549
0.08233532934131736,0.07649513212795549
0.08245877061469266,0.07649513212795549
0.08258258258258258,0.07649513212795549
0.08270676691729323,0.07649513212795549
0.08283132530120482,0.07649513212795549
0.08295625942684766,0.07649513212795549
0.08308157099697885,0.07649513212795549
0.0832072617246596,0.07649513212795549
0.08333333333333333,0.07649513212795549
0.0834597875569044,0.07649513212795549
0.0837138508371385,0.07649513212795549
0.08384146341463415,0.07649513212795549
0.08396946564885496,0.07649513212795549
0.08409785932721713,0.07649513212795549
0.08269525267993874,0.07510431154381085
0.08282208588957055,0.07510431154381085
0.08294930875576037,0.07510431154381085
0.08307692307692308,0.07510431154381085
0.08320493066255778,0.07510431154381085
0.08333333333333333,0.07510431154381085
0.08346213292117466,0.07510431154381085
0.08217054263565891,0.0737134909596662
0.08074534161490683,0.07232267037552156
0.08087091757387248,0.07232267037552156
0.0794392523364486,0.07093184979137691
0.07956318252730109,0.07093184979137691
0.0796875,0.07093184979137691
0.07981220657276995,0.07093184979137691
0.07993730407523511,0.07093184979137691
0.08006279434850863,0.07093184979137691
0.07874015748031496,0.06954102920723226
0.07886435331230283,0.06954102920723226
0.07898894154818326,0.06954102920723226
0.07911392405063292,0.06954102920723226
0.07923930269413629,0.06954102920723226
0.07936507936507936,0.06954102920723226
0.0794912559618442,0.06954102920723226
0.07961783439490445,0.06954102920723226
0.07974481658692185,0.06954102920723226
0.07987220447284345,0.06954102920723226
0.08,0.06954102920723226
0.08012820512820513,0.06954102920723226
0.07865168539325842,0.06815020862308763
0.07877813504823152,0.06815020862308763
0.07890499194847021,0.06815020862308763
0.0791599353796446,0.06815020862308763
0.07928802588996764,0.06815020862308763
0.07941653160453808,0.06815020862308763
0.07954545454545454,0.06815020862308763
0.07967479674796749,0.06815020862308763
0.07980456026058631,0.06815020862308763
0.0799347471451876,0.06815020862308763
0.08006535947712418,0.06815020862308763
0.08019639934533551,0.06815020862308763
0.08032786885245902,0.06815020862308763
0.08045977011494253,0.06815020862308763
0.0805921052631579,0.06815020862308763
0.08072487644151564,0.06815020862308763
0.08085808580858085,0.06815020862308763
0.08112582781456953,0.06815020862308763
0.07960199004975124,0.06675938803894298
0.07973421926910298,0.06675938803894298
0.07820299500831947,0.06536856745479833
0.07833333333333334,0.06536856745479833
0.07846410684474124,0.06536856745479833
0.07859531772575251,0.06536856745479833
0.07872696817420435,0.06536856745479833
0.07718120805369127,0.06397774687065369
0.0773109243697479,0.06397774687065369
0.07744107744107744,0.06397774687065369
0.0775716694772344,0.06397774687065369
0.0777027027027027,0.06397774687065369
0.077834179357022,0.06397774687065369
0.07796610169491526,0.06397774687065369
0.0782312925170068,0.06397774687065369
0.07666098807495741,0.06258692628650904
0.07679180887372014,0.06258692628650904
0.07692307692307693,0.06258692628650904
0.07705479452054795,0.06258692628650904
0.07718696397941681,0.06258692628650904
0.07731958762886598,0.06258692628650904
0.0774526678141136,0.06258692628650904
0.07758620689655173,0.06258692628650904
0.07772020725388601,0.06258692628650904
0.07785467128027682,0.06258692628650904
0.0779896013864818,0.06258692628650904
0.0763888888888889,0.061196105702364396
0.07652173913043478,0.061196105702364396
0.07665505226480836,0.061196105702364396
0.07678883071553229,0.061196105702364396
0.07692307692307693,0.061196105702364396
0.07705779334500876,0.061196105702364396
0.07719298245614035,0.061196105702364396
0.0773286467486819,0.061196105702364396
0.07746478873239436,0.061196105702364396
0.07760141093474426,0.061196105702364396
0.07773851590106007,0.061196105702364396
0.07801418439716312,0.061196105702364396
0.07815275310834814,0.061196105702364396
0.07829181494661921,0.061196105702364396
0.0784313725490196,0.061196105702364396
0.07857142857142857,0.061196105702364396
0.07871198568872988,0.061196105702364396
0.07885304659498207,0.061196105702364396
0.07899461400359066,0.061196105702364396
0.07913669064748201,0.061196105702364396
0.07927927927927927,0.061196105702364396
0.07942238267148015,0.061196105702364396
0.07956600361663653,0.061196105702364396
0.07971014492753623,0.061196105702364396
0.07985480943738657,0.061196105702364396
0.08,0.061196105702364396
0.08014571948998178,0.061196105702364396
0.08029197080291971,0.061196105702364396
0.08043875685557587,0.061196105702364396
0.08058608058608059,0.061196105702364396
0.08073394495412844,0.061196105702364396
0.08088235294117647,0.061196105702364396
0.08103130755064457,0.061196105702364396
0.08118081180811808,0.061196105702364396
0.08133086876155268,0.061196105702364396
0.07962962962962963,0.059805285118219746
0.07977736549165121,0.059805285118219746
0.07992565055762081,0.059805285118219746
0.08007448789571694,0.059805285118219746
0.08022388059701492,0.059805285118219746
0.08037383177570094,0.059805285118219746
0.08052434456928839,0.059805285118219746
0.08067542213883677,0.059805285118219746
0.08097928436911488,0.059805285118219746
0.08113207547169811,0.059805285118219746
0.08128544423440454,0.059805285118219746
0.08143939393939394,0.059805285118219746
0.08159392789373814,0.059805285118219746
0.08190476190476191,0.059805285118219746
0.08206106870229007,0.059805285118219746
0.08221797323135756,0.059805285118219746
0.08237547892720307,0.059805285118219746
0.08253358925143954,0.059805285118219746
0.08269230769230769,0.059805285118219746
0.08285163776493257,0.059805285118219746
0.08301158301158301,0.059805285118219746
0.08317214700193423,0.059805285118219746
0.08333333333333333,0.059805285118219746
0.08349514563106795,0.059805285118219746
0.08365758754863813,0.059805285118219746
0.08187134502923976,0.0584144645340751
0.080078125,0.05702364394993046
0.08023483365949119,0.05702364394993046
0.08055009823182711,0.05702364394993046
0.08070866141732283,0.05702364394993046
0.07889546351084813,0.055632823365785816
0.07905138339920949,0.055632823365785816
0.07920792079207921,0.055632823365785816
0.07936507936507936,0.055632823365785816
0.07952286282306163,0.055632823365785816
0.0796812749003984,0.055632823365785816
0.07784431137724551,0.054242002781641166
0.076,0.05285118219749652
0.07615230460921844,0.05285118219749652
0.07630522088353414,0.05285118219749652
0.07645875251509054,0.05285118219749652
0.07661290322580645,0.05285118219749652
0.07676767676767676,0.05285118219749652
0.07489878542510121,0.05146036161335188
0.07505070993914807,0.05146036161335188
0.07520325203252033,0.05146036161335188
0.07535641547861507,0.05146036161335188
0.07551020408163266,0.05146036161335188
0.07566462167689161,0.05146036161335188
0.07581967213114754,0.05146036161335188
0.07597535934291581,0.05146036161335188
0.07613168724279835,0.05146036161335188
0.07628865979381444,0.05146036161335188
0.07644628099173553,0.05146036161335188
0.07660455486542443,0.05146036161335188
0.07676348547717843,0.05146036161335188
0.07692307692307693,0.05146036161335188
0.07708333333333334,0.05146036161335188
0.07724425887265135,0.05146036161335188
0.07740585774058577,0.05146036161335188
0.07756813417190776,0.05146036161335188
0.07773109243697479,0.05146036161335188
0.07789473684210527,0.05146036161335188
0.07805907172995781,0.05146036161335188
0.07822410147991543,0.05146036161335188
0.07838983050847458,0.05146036161335188
0.07643312101910828,0.05006954102920723
0.07659574468085106,0.05006954102920723
0.0767590618336887,0.05006954102920723
0.07692307692307693,0.05006954102920723
0.07708779443254818,0.05006954102920723
0.07725321888412018,0.05006954102920723
0.07741935483870968,0.05006954102920723
0.07758620689655173,0.05006954102920723
0.07775377969762419,0.05006954102920723
0.07792207792207792,0.05006954102920723
0.07809110629067245,0.05006954102920723
0.07625272331154684,0.048678720445062586
0.07641921397379912,0.048678720445062586
0.07658643326039387,0.048678720445062586
0.07675438596491228,0.048678720445062586
0.07692307692307693,0.048678720445062586
0.07709251101321586,0.048678720445062586
0.0772626931567329,0.048678720445062586
0.07743362831858407,0.048678720445062586
0.07777777777777778,0.048678720445062586
0.0779510022271715,0.048678720445062586
0.078125,0.048678720445062586
0.07829977628635347,0.048678720445062586
0.07623318385650224,0.04728789986091794
0.07640449438202247,0.04728789986091794
0.07657657657657657,0.04728789986091794
0.07674943566591422,0.04728789986091794
0.07727272727272727,0.04728789986091794
0.0774487471526196,0.04728789986091794
0.0776255707762557,0.04728789986091794
0.07780320366132723,0.04728789986091794
0.0779816513761468,0.04728789986091794
0.07816091954022988,0.04728789986091794
0.07834101382488479,0.04728789986091794
0.07852193995381063,0.04728789986091794
0.07888631090487239,0.04728789986091794
0.07906976744186046,0.04728789986091794
0.07925407925407925,0.04728789986091794
0.0794392523364486,0.04728789986091794
0.07962529274004684,0.04728789986091794
0.07981220657276995,0.04728789986091794
0.08,0.04728789986091794
0.07801418439716312,0.0458970792767733
0.07819905213270142,0.0458970792767733
0.07600950118764846,0.04450625869262865
0.0761904761904762,0.04450625869262865
0.07637231503579953,0.04450625869262865
0.07673860911270983,0.04450625869262865
0.07692307692307693,0.04450625869262865
0.07710843373493977,0.04450625869262865
0.07729468599033816,0.04450625869262865
0.07506053268765134,0.043115438108484005
0.07524271844660194,0.043115438108484005
0.07542579075425791,0.043115438108484005
0.07560975609756097,0.043115438108484005
0.07579462102689487,0.043115438108484005
0.07598039215686274,0.043115438108484005
0.07616707616707617,0.043115438108484005
0.07635467980295567,0.043115438108484005
0.07654320987654321,0.043115438108484005
0.07673267326732673,0.043115438108484005
0.07444168734491315,0.04172461752433936
0.07462686567164178,0.04172461752433936
0.07481296758104738,0.04172461752433936
0.075,0.04172461752433936
0.07518796992481203,0.04172461752433936
0.07537688442211055,0.04172461752433936
0.07556675062972293,0.04172461752433936
0.07575757575757576,0.04172461752433936
0.0759493670886076,0.04172461752433936
0.07614213197969544,0.04172461752433936
0.07633587786259542,0.04172461752433936
0.07653061224489796,0.04172461752433936
0.07672634271099744,0.04172461752433936
0.07435897435897436,0.04033379694019471
0.07455012853470437,0.04033379694019471
0.07474226804123711,0.04033379694019471
0.07493540051679587,0.04033379694019471
0.07512953367875648,0.04033379694019471
0.07532467532467532,0.04033379694019471
0.07552083333333333,0.04033379694019471
0.07571801566579635,0.04033379694019471
0.07591623036649214,0.04033379694019471
0.07611548556430446,0.04033379694019471
0.07631578947368421,0.04033379694019471
0.07651715039577836,0.04033379694019471
0.07671957671957672,0.04033379694019471
0.07692307692307693,0.04033379694019471
0.07712765957446809,0.04033379694019471
0.07733333333333334,0.04033379694019471
0.07754010695187166,0.04033379694019471
0.0777479892761394,0.04033379694019471
0.07795698924731183,0.04033379694019471
0.07816711590296496,0.04033379694019471
0.07837837837837838,0.04033379694019471
0.07859078590785908,0.04033379694019471
0.07880434782608696,0.04033379694019471
0.07901907356948229,0.04033379694019471
0.07923497267759563,0.04033379694019471
0.07945205479452055,0.04033379694019471
0.07967032967032966,0.04033379694019471
0.07988980716253444,0.04033379694019471
0.08011049723756906,0.04033379694019471
0.08033240997229917,0.04033379694019471
0.08055555555555556,0.04033379694019471
0.0807799442896936,0.04033379694019471
0.08100558659217877,0.04033379694019471
0.08123249299719888,0.04033379694019471
0.07865168539325842,0.03894297635605007
0.07887323943661972,0.03894297635605007
0.07909604519774012,0.03894297635605007
0.07932011331444759,0.03894297635605007
0.07954545454545454,0.03894297635605007
0.07977207977207977,0.03894297635605007
0.08,0.03894297635605007
0.08022922636103152,0.03894297635605007
0.08045977011494253,0.03894297635605007
0.08069164265129683,0.03894297635605007
0.08092485549132948,0.03894297635605007
0.08115942028985507,0.03894297635605007
0.08139534883720931,0.03894297635605007
0.07871720116618076,0.037552155771905425
0.07894736842105263,0.037552155771905425
0.07917888563049853,0.037552155771905425
0.07941176470588235,0.037552155771905425
0.07964601769911504,0.037552155771905425
0.07988165680473373,0.037552155771905425
0.08011869436201781,0.037552155771905425
0.08035714285714286,0.037552155771905425
0.08059701492537313,0.037552155771905425
0.08083832335329341,0.037552155771905425
0.08108108108108109,0.037552155771905425
0.08132530120481928,0.037552155771905425
0.08157099697885196,0.037552155771905425
0.08181818181818182,0.037552155771905425
0.08206686930091185,0.037552155771905425
0.08231707317073171,0.037552155771905425
0.08256880733944955,0.037552155771905425
0.08282208588957055,0.037552155771905425
0.08307692307692308,0.037552155771905425
0.08359133126934984,0.037552155771905425
0.08385093167701864,0.037552155771905425
0.08411214953271028,0.037552155771905425
0.084375,0.037552155771905425
0.08463949843260188,0.037552155771905425
0.08490566037735849,0.037552155771905425
0.08517350157728706,0.037552155771905425
0.08544303797468354,0.037552155771905425
0.08571428571428572,0.037552155771905425
0.08598726114649681,0.037552155771905425
0.08626198083067092,0.037552155771905425
0.08653846153846154,0.037552155771905425
0.08681672025723473,0.037552155771905425
0.08709677419354839,0.037552155771905425
0.08737864077669903,0.037552155771905425
0.08766233766233766,0.037552155771905425
0.08794788273615635,0.037552155771905425
0.08823529411764706,0.037552155771905425
0.08552631578947369,0.03616133518776078
0.08278145695364239,0.03477051460361613
0.08305647840531562,0.03477051460361613
0.08,0.03337969401947149
0.0802675585284281,0.03337969401947149
0.08053691275167785,0.03337969401947149
0.07744107744107744,0.031988873435326845
0.0777027027027027,0.031988873435326845
0.07796610169491526,0.031988873435326845
0.0782312925170068,0.031988873435326845
0.07849829351535836,0.031988873435326845
0.07876712328767123,0.031988873435326845
0.07903780068728522,0.031988873435326845
0.07931034482758621,0.031988873435326845
0.07958477508650519,0.031988873435326845
0.0798611111111111,0.031988873435326845
0.07665505226480836,0.030598052851182198
0.07692307692307693,0.030598052851182198
0.07719298245614035,0.030598052851182198
0.07746478873239436,0.030598052851182198
0.07773851590106007,0.030598052851182198
0.07801418439716312,0.030598052851182198
0.07829181494661921,0.030598052851182198
0.07857142857142857,0.030598052851182198
0.07526881720430108,0.02920723226703755
0.07553956834532374,0.02920723226703755
0.07581227436823104,0.02920723226703755
0.07608695652173914,0.02920723226703755
0.07636363636363637,0.02920723226703755
0.07664233576642336,0.02920723226703755
0.07692307692307693,0.02920723226703755
0.07749077490774908,0.02920723226703755
0.07777777777777778,0.02920723226703755
0.07806691449814127,0.02920723226703755
0.07835820895522388,0.02920723226703755
0.07865168539325842,0.02920723226703755
0.07894736842105263,0.02920723226703755
0.07924528301886792,0.02920723226703755
0.07954545454545454,0.02920723226703755
0.07984790874524715,0.02920723226703755
0.08015267175572519,0.02920723226703755
0.07662835249042145,0.027816411682892908
0.07692307692307693,0.027816411682892908
0.07722007722007722,0.027816411682892908
0.07751937984496124,0.027816411682892908
0.07782101167315175,0.027816411682892908
0.078125,0.027816411682892908
0.0784313725490196,0.027816411682892908
0.07874015748031496,0.027816411682892908
0.07905138339920949,0.027816411682892908
0.07936507936507936,0.027816411682892908
0.0796812749003984,0.027816411682892908
0.08,0.027816411682892908
0.07630522088353414,0.02642559109874826
0.07661290322580645,0.02642559109874826
0.07692307692307693,0.02642559109874826
0.07723577235772358,0.02642559109874826
0.07755102040816327,0.02642559109874826
0.0778688524590164,0.02642559109874826
0.07818930041152264,0.02642559109874826
0.07851239669421488,0.02642559109874826
0.07883817427385892,0.02642559109874826
0.07916666666666666,0.02642559109874826
0.0794979079497908,0.02642559109874826
0.07983193277310924,0.02642559109874826
0.08016877637130802,0.02642559109874826
0.08050847457627118,0.02642559109874826
0.08085106382978724,0.02642559109874826
0.07692307692307693,0.025034770514603615
0.07725321888412018,0.025034770514603615
0.07758620689655173,0.025034770514603615
0.07792207792207792,0.025034770514603615
0.0782608695652174,0.025034770514603615
0.07860262008733625,0.025034770514603615
0.07894736842105263,0.025034770514603615
0.07929515418502203,0.025034770514603615
0.07964601769911504,0.025034770514603615
0.08,0.025034770514603615
0.08035714285714286,0.025034770514603615
0.08071748878923767,0.025034770514603615
0.08108108108108109,0.025034770514603615
0.08144796380090498,0.025034770514603615
0.08181818181818182,0.025034770514603615
0.0821917808219178,0.025034770514603615
0.08256880733944955,0.025034770514603615
0.08294930875576037,0.025034770514603615
0.08333333333333333,0.025034770514603615
0.08372093023255814,0.025034770514603615
0.08411214953271028,0.025034770514603615
0.08450704225352113,0.025034770514603615
0.08490566037735849,0.025034770514603615
0.08530805687203792,0.025034770514603615
0.08571428571428572,0.025034770514603615
0.0861244019138756,0.025034770514603615
0.08653846153846154,0.025034770514603615
0.08695652173913043,0.025034770514603615
0.08737864077669903,0.025034770514603615
0.08780487804878048,0.025034770514603615
0.08823529411764706,0.025034770514603615
0.08415841584158416,0.02364394993045897
0.0845771144278607,0.02364394993045897
0.085,0.02364394993045897
0.08542713567839195,0.02364394993045897
0.08585858585858586,0.02364394993045897
0.08629441624365482,0.02364394993045897
0.08673469387755102,0.02364394993045897
0.08717948717948718,0.02364394993045897
0.08762886597938144,0.02364394993045897
0.08290155440414508,0.022253129346314324
0.08333333333333333,0.022253129346314324
0.08376963350785341,0.022253129346314324
0.08421052631578947,0.022253129346314324
0.08465608465608465,0.022253129346314324
0.0851063829787234,0.022253129346314324
0.0855614973262032,0.022253129346314324
0.08602150537634409,0.022253129346314324
0.08648648648648649,0.022253129346314324
0.08695652173913043,0.022253129346314324
0.08196721311475409,0.02086230876216968
0.08241758241758242,0.02086230876216968
0.08287292817679558,0.02086230876216968
0.08333333333333333,0.02086230876216968
0.08379888268156424,0.02086230876216968
0.08426966292134831,0.02086230876216968
0.0847457627118644,0.02086230876216968
0.08522727272727272,0.02086230876216968
0.08571428571428572,0.02086230876216968
0.08620689655172414,0.02086230876216968
0.08670520231213873,0.02086230876216968
0.0872093023255814,0.02086230876216968
0.08771929824561403,0.02086230876216968
0.08823529411764706,0.02086230876216968
0.08875739644970414,0.02086230876216968
0.08928571428571429,0.02086230876216968
0.08982035928143713,0.02086230876216968
0.09036144578313253,0.02086230876216968
0.09146341463414634,0.02086230876216968
0.09259259259259259,0.02086230876216968
0.09316770186335403,0.02086230876216968
0.09375,0.02086230876216968
0.09433962264150944,0.02086230876216968
0.0949367088607595,0.02086230876216968
0.09554140127388536,0.02086230876216968
0.09615384615384616,0.02086230876216968
0.0967741935483871,0.02086230876216968
0.09740259740259741,0.02086230876216968
0.09803921568627451,0.02086230876216968
0.09933774834437085,0.02086230876216968
0.1,0.02086230876216968
0.10067114093959731,0.02086230876216968
0.10135135135135136,0.02086230876216968
0.09523809523809523,0.019471488178025034
0.0958904109589041,0.019471488178025034
0.09655172413793103,0.019471488178025034
0.09722222222222222,0.019471488178025034
0.0979020979020979,0.019471488178025034
0.09859154929577464,0.019471488178025034
0.09929078014184398,0.019471488178025034
0.1,0.019471488178025034
0.09352517985611511,0.01808066759388039
0.08695652173913043,0.016689847009735744
0.08759124087591241,0.016689847009735744
0.08823529411764706,0.016689847009735744
0.08148148148148149,0.015299026425591099
0.07462686567164178,0.013908205841446454
0.07518796992481203,0.013908205841446454
0.07575757575757576,0.013908205841446454
0.07633587786259542,0.013908205841446454
0.07692307692307693,0.013908205841446454
0.07751937984496124,0.013908205841446454
0.078125,0.013908205841446454
0.07086614173228346,0.012517385257301807
0.07142857142857142,0.012517385257301807
0.064,0.011126564673157162
0.06451612903225806,0.011126564673157162
0.06504065040650407,0.011126564673157162
0.06557377049180328,0.011126564673157162
0.06611570247933884,0.011126564673157162
0.06666666666666667,0.011126564673157162
0.06722689075630252,0.011126564673157162
0.06779661016949153,0.011126564673157162
0.06837606837606838,0.011126564673157162
0.06896551724137931,0.011126564673157162
0.06956521739130435,0.011126564673157162
0.06140350877192982,0.009735744089012517
0.061946902654867256,0.009735744089012517
0.0625,0.009735744089012517
0.06306306306306306,0.009735744089012517
0.06363636363636363,0.009735744089012517
0.06422018348623854,0.009735744089012517
0.06481481481481481,0.009735744089012517
0.06542056074766354,0.009735744089012517
0.0660377358490566,0.009735744089012517
0.06666666666666667,0.009735744089012517
0.0673076923076923,0.009735744089012517
0.06796116504854369,0.009735744089012517
0.06862745098039216,0.009735744089012517
0.06930693069306931,0.009735744089012517
0.07,0.009735744089012517
0.0707070707070707,0.009735744089012517
0.07142857142857142,0.009735744089012517
0.07216494845360824,0.009735744089012517
0.07291666666666667,0.009735744089012517
0.07368421052631578,0.009735744089012517
0.07446808510638298,0.009735744089012517
0.07526881720430108,0.009735744089012517
0.07608695652173914,0.009735744089012517
0.07692307692307693,0.009735744089012517
0.07777777777777778,0.009735744089012517
0.07865168539325842,0.009735744089012517
0.07954545454545454,0.009735744089012517
0.08045977011494253,0.009735744089012517
0.08139534883720931,0.009735744089012517
0.08235294117647059,0.009735744089012517
0.08333333333333333,0.009735744089012517
0.08433734939759036,0.009735744089012517
0.08536585365853659,0.009735744089012517
0.0875,0.009735744089012517
0.08860759493670886,0.009735744089012517
0.08974358974358974,0.009735744089012517
0.07792207792207792,0.008344923504867872
0.07894736842105263,0.008344923504867872
0.08,0.008344923504867872
0.06756756756756757,0.006954102920723227
0.0684931506849315,0.006954102920723227
0.06944444444444445,0.006954102920723227
0.07042253521126761,0.006954102920723227
0.07142857142857142,0.006954102920723227
0.07246376811594203,0.006954102920723227
0.07352941176470588,0.006954102920723227
0.07462686567164178,0.006954102920723227
0.07575757575757576,0.006954102920723227
0.07692307692307693,0.006954102920723227
0.078125,0.006954102920723227
0.07936507936507936,0.006954102920723227
0.08064516129032258,0.006954102920723227
0.08196721311475409,0.006954102920723227
0.06666666666666667,0.005563282336578581
0.06779661016949153,0.005563282336578581
0.06896551724137931,0.005563282336578581
0.07017543859649122,0.005563282336578581
0.07142857142857142,0.005563282336578581
0.07272727272727272,0.005563282336578581
0.07407407407407407,0.005563282336578581
0.07547169811320754,0.005563282336578581
0.057692307692307696,0.004172461752433936
0.058823529411764705,0.004172461752433936
0.06,0.004172461752433936
0.04081632653061224,0.0027816411682892906
0.041666666666666664,0.0027816411682892906
0.0425531914893617,0.0027816411682892906
0.043478260869565216,0.0027816411682892906
0.044444444444444446,0.0027816411682892906
0.045454545454545456,0.0027816411682892906
0.046511627906976744,0.0027816411682892906
0.047619047619047616,0.0027816411682892906
0.04878048780487805,0.0027816411682892906
0.05,0.0027816411682892906
0.05128205128205128,0.0027816411682892906
0.05263157894736842,0.0027816411682892906
0.05405405405405406,0.0027816411682892906
0.05555555555555555,0.0027816411682892906
0.05714285714285714,0.0027816411682892906
0.058823529411764705,0.0027816411682892906
0.06060606060606061,0.0027816411682892906
0.0625,0.0027816411682892906
0.06451612903225806,0.0027816411682892906
0.06666666666666667,0.0027816411682892906
0.06896551724137931,0.0027816411682892906
0.07142857142857142,0.0027816411682892906
0.07407407407407407,0.0027816411682892906
0.07692307692307693,0.0027816411682892906
0.08,0.0027816411682892906
0.08333333333333333,0.0027816411682892906
0.08695652173913043,0.0027816411682892906
0.09090909090909091,0.0027816411682892906
0.09523809523809523,0.0027816411682892906
0.1,0.0027816411682892906
0.10526315789473684,0.0027816411682892906
0.05555555555555555,0.0013908205841446453
0.058823529411764705,0.0013908205841446453
0.0625,0.0013908205841446453
0.06666666666666667,0.0013908205841446453
0.07142857142857142,0.0013908205841446453
0.07692307692307693,0.0013908205841446453
0.08333333333333333,0.0013908205841446453
0.09090909090909091,0.0013908205841446453
0.1,0.0013908205841446453
0.0,0.0
0.0,0.0
0.0,0.0
0.0,0.0
0.0,0.0
0.0,0.0
0.0,0.0
0.0,0.0
0.0,0.0
1.0,0.0
