precision,recall
0.07379657189777276,1.0
0.07463182371830362,0.9374130737134909
0.07452934662236987,0.9360222531293463
0.07453760106324067,0.9360222531293463
0.07455411543148333,0.9360222531293463
0.0745623753600709,0.9360222531293463
0.07445983379501385,0.9346314325452016
0.07446808510638298,0.9346314325452016
0.07450110864745012,0.9346314325452016
0.07451763140385895,0.9346314325452016
0.07453416149068323,0.9346314325452016
0.07455897037612337,0.9346314325452016
0.07461692205196535,0.9346314325452016
0.07461358834649172,0.933240611961057
0.0746467905217488,0.933240611961057
0.07477156229106308,0.933240611961057
0.07478823004904146,0.933240611961057
0.07479656671497047,0.933240611961057
0.07472871685870902,0.9290681502086231
0.07476217123670957,0.9290681502086231
0.07477890966080825,0.9290681502086231
0.07482078853046595,0.9290681502086231
0.07482611622167377,0.9276773296244785
0.07485130737290989,0.9276773296244785
0.07485970819304152,0.9276773296244785
0.07493540051679587,0.9276773296244785
0.074960665318049,0.9276773296244785
0.07500282390150231,0.9235048678720446
0.07501129688206055,0.9235048678720446
0.07501977177720032,0.9235048678720446
0.07516413855558071,0.9235048678720446
0.07517264802445375,0.9235048678720446
0.07513599274705349,0.9221140472878998
0.07516154630994218,0.9221140472878998
0.07518711726014969,0.9221140472878998
0.07519564477713508,0.9221140472878998
0.07538622371936346,0.9026425591098748
0.07539498141263941,0.9026425591098748
0.0754037411409318,0.9026425591098748
0.07542126670540383,0.9026425591098748
0.07543880041845867,0.9026425591098748
0.07533131829807022,0.9012517385257302
0.07534007673526334,0.9012517385257302
0.07535759972089778,0.9012517385257302
0.07536636427076064,0.9012517385257302
0.07538389948813401,0.9012517385257302
0.0754014428671166,0.9012517385257302
0.07541899441340782,0.9012517385257302
0.0754277732510767,0.9012517385257302
0.07532013969732247,0.8998609179415855
0.07532890906974037,0.8998609179415855
0.07533768048439683,0.8998609179415855
0.07535522944327976,0.8998609179415855
0.07536400698893418,0.8998609179415855
0.07525629077353216,0.8984700973574409
0.07528260109544342,0.8984700973574409
0.07529137529137529,0.8984700973574409
0.07524498366775548,0.8970792767732962
0.07525376268813441,0.8970792767732962
0.07528011204481792,0.8970792767732962
0.07532406866752306,0.8970792767732962
0.07534166569326013,0.8970792767732962
0.07535046728971963,0.8970792767732962
0.07526881720430108,0.8956884561891516
0.07527761542957336,0.8956884561891516
0.07528641571194762,0.8956884561891516
0.07518709073900842,0.894297635605007
0.0752046783625731,0.894297635605007
0.07523987830564006,0.894297635605007
0.07524868344060855,0.894297635605007
0.07525749063670412,0.894297635605007
0.07526629989465058,0.894297635605007
0.0752839245989931,0.894297635605007
0.0752927400468384,0.894297635605007
0.07530155755943319,0.894297635605007
0.07531037713750292,0.894297635605007
0.07533684827182191,0.894297635605007
0.0753456761190532,0.894297635605007
0.07535450603539201,0.894297635605007
0.07536333802156588,0.894297635605007
0.0753810082063306,0.894297635605007
0.0752990851513019,0.8929068150208623
0.07530791788856304,0.8929068150208623
0.07531675269826373,0.8929068150208623
0.0753344285379019,0.8929068150208623
0.07534326956929938,0.8929068150208623
0.07535211267605633,0.8929068150208623
0.07543179414874868,0.8929068150208623
0.07554718757354671,0.8929068150208623
0.07555607861598211,0.8929068150208623
0.07556497175141243,0.8929068150208623
0.07548280734809232,0.8915159944367177
0.07549169709103756,0.8915159944367177
0.07538280329799764,0.8901251738525731
0.0753916833549299,0.8901251738525731
0.07540056550424128,0.8901251738525731
0.07542722451384797,0.8901251738525731
0.07532712483791111,0.8887343532684284
0.07527771212479319,0.885952712100139
0.07528660914785486,0.885952712100139
0.07530440950466959,0.885952712100139
0.0753222182807142,0.885952712100139
0.07512125872471312,0.8831710709318498
0.07513014671083768,0.8831710709318498
0.0751657196969697,0.8831710709318498
0.07521914238332149,0.8831710709318498
0.07523696682464455,0.8831710709318498
0.07526371933151595,0.8831710709318498
0.07527264106211475,0.8831710709318498
0.07498214710783146,0.8762169680111266
0.07499107249137008,0.8762169680111266
0.07500892963448029,0.8762169680111266
0.07504466944609887,0.8762169680111266
0.07512520868113523,0.8762169680111266
0.07513416815742398,0.8762169680111266
0.07514312977099237,0.8762169680111266
0.07540983606557378,0.8636995827538247
0.07541899441340782,0.8636995827538247
0.07542815498603182,0.8636995827538247
0.07547399124939232,0.8636995827538247
0.07548316518779628,0.8636995827538247
0.0755015197568389,0.8636995827538247
0.07551070038910505,0.8636995827538247
0.07551988325428675,0.8636995827538247
0.07554744525547445,0.8636995827538247
0.07556583110245801,0.8636995827538247
0.07545332846537665,0.8623087621696801
0.07547169811320754,0.8623087621696801
0.07548088629169711,0.8623087621696801
0.0753866764096943,0.8609179415855355
0.07541423001949318,0.8609179415855355
0.07545099951243296,0.8609179415855355
0.07546019748872364,0.8609179415855355
0.07547860017071088,0.8609179415855355
0.07549701183071106,0.8609179415855355
0.07551543247529584,0.8609179415855355
0.07552464616886286,0.8609179415855355
0.07555230074453802,0.8609179415855355
0.0755615234375,0.8609179415855355
0.07557997557997558,0.8609179415855355
0.07558920503113933,0.8609179415855355
0.07561690691424383,0.8609179415855355
0.0756261453879047,0.8609179415855355
0.07563538611925709,0.8609179415855355
0.07564462910912868,0.8609179415855355
0.0756538743583476,0.8609179415855355
0.0756723716381418,0.8609179415855355
0.07568162367037536,0.8609179415855355
0.07569087796527268,0.8609179415855355
0.07570939334637965,0.8609179415855355
0.07572791778810864,0.8609179415855355
0.07561482931604062,0.8595271210013908
0.07562408223201175,0.8595271210013908
0.07564259485924113,0.8595271210013908
0.07565185457216306,0.8595271210013908
0.07566111655239961,0.8595271210013908
0.07567038080078364,0.8595271210013908
0.07558495651108661,0.8581363004172462
0.07561274509803921,0.8581363004172462
0.07562201250153205,0.8581363004172462
0.07551796003432634,0.8567454798331016
0.07553648068669527,0.8567454798331016
0.0755457444199166,0.8567454798331016
0.0755550104256102,0.8567454798331016
0.07556427870461237,0.8567454798331016
0.07557354925775979,0.8567454798331016
0.07558282208588957,0.8567454798331016
0.07559209718983924,0.8567454798331016
0.07548790965999755,0.8553546592489569
0.07549717652835748,0.8553546592489569
0.07550644567219153,0.8553546592489569
0.07551571709233791,0.8553546592489569
0.07552499078963527,0.8553546592489569
0.07556210836712127,0.8553546592489569
0.07557139346276727,0.8553546592489569
0.07558997050147492,0.8553546592489569
0.07559926244622003,0.8553546592489569
0.07561785319070453,0.8553546592489569
0.07562715199212985,0.8553546592489569
0.07563645308080187,0.8553546592489569
0.07564575645756458,0.8553546592489569
0.07567368032484312,0.8553546592489569
0.07568299286241693,0.8553546592489569
0.07570162481536188,0.8553546592489569
0.0757482448577411,0.8553546592489569
0.07575757575757576,0.8553546592489569
0.07576690895651103,0.8553546592489569
0.07577624445539674,0.8553546592489569
0.07578558225508318,0.8553546592489569
0.07583230579531443,0.8553546592489569
0.07584165741768406,0.8553546592489569
0.07570705199456589,0.8525730180806675
0.07571640316205533,0.8525730180806675
0.07572575663990118,0.8525730180806675
0.07573511242895972,0.8525730180806675
0.0757725587144623,0.8525730180806675
0.07579129574678536,0.8525730180806675
0.0758006677383455,0.8525730180806675
0.07581004204798417,0.8525730180806675
0.07581941867656153,0.8525730180806675
0.07582879762493815,0.8525730180806675
0.0759870871616588,0.8511821974965229
0.07599652303489383,0.8511821974965229
0.07601540181343933,0.8511821974965229
0.07588952475740234,0.8484005563282336
0.0758989672763469,0.8484005563282336
0.07593676086144653,0.8484005563282336
0.07594621513944223,0.8484005563282336
0.07595567177188395,0.8484005563282336
0.07584059775840597,0.847009735744089
0.0760307653511537,0.8386648122392212
0.07604035308953341,0.8386648122392212
0.07604994324631101,0.8386648122392212
0.07605953582240162,0.8386648122392212
0.07606913081872083,0.8386648122392212
0.07607872823618471,0.8386648122392212
0.07608832807570978,0.8386648122392212
0.0759813202069923,0.8372739916550765
0.07599091138601363,0.8372739916550765
0.0760005049867441,0.8372739916550765
0.07602930032836575,0.8372739916550765
0.07603890362511052,0.8372739916550765
0.07604850934815563,0.8372739916550765
0.07605811749842072,0.8372739916550765
0.07606772807682588,0.8372739916550765
0.07607734108429168,0.8372739916550765
0.07608695652173914,0.8372739916550765
0.07610619469026549,0.8372739916550765
0.07598937918826654,0.8358831710709318
0.07599898836621143,0.8358831710709318
0.07600859997470595,0.8358831710709318
0.0760182140146724,0.8358831710709318
0.07602783048703353,0.8358831710709318
0.07603744939271255,0.8358831710709318
0.07605669450771957,0.8358831710709318
0.07606632071889634,0.8358831710709318
0.07609521397822233,0.8358831710709318
0.07598784194528875,0.8344923504867872
0.0759974667511083,0.8344923504867872
0.07588041550544718,0.8331015299026425
0.07576333460027873,0.8317107093184979
0.075772934617334,0.8317107093184979
0.0757825370675453,0.8317107093184979
0.07579214195183777,0.8317107093184979
0.07581135902636917,0.8317107093184979
0.07582097121846076,0.8317107093184979
0.07584020291693089,0.8317107093184979
0.0758594443739693,0.8317107093184979
0.07586906876427303,0.8317107093184979
0.07587869559700545,0.8317107093184979
0.07588832487309645,0.8317107093184979
0.07589795659347633,0.8317107093184979
0.07590759075907591,0.8317107093184979
0.07591722737082646,0.8317107093184979
0.07593650793650794,0.8317107093184979
0.07594615189230379,0.8317107093184979
0.07596544715447154,0.8317107093184979
0.07597509846271122,0.8317107093184979
0.07601372823185458,0.8317107093184979
0.07602339181286549,0.8317107093184979
0.07603305785123966,0.8317107093184979
0.07604272634791455,0.8317107093184979
0.07605239730382805,0.8317107093184979
0.07606207071991859,0.8317107093184979
0.07607174659712505,0.8317107093184979
0.0760911057386436,0.8317107093184979
0.07610078900483584,0.8317107093184979
0.0761104747359043,0.8317107093184979
0.07612016293279023,0.8317107093184979
0.07613954672778202,0.8317107093184979
0.07614924232777283,0.8317107093184979
0.076158940397351,0.8317107093184979
0.07605095541401274,0.8303198887343533
0.07606064466811059,0.8303198887343533
0.07607033639143732,0.8303198887343533
0.07608003058493693,0.8303198887343533
0.07609942638623327,0.8303198887343533
0.07610912799592044,0.8303198887343533
0.07600102014792146,0.8289290681502086
0.0760107129192705,0.8289290681502086
0.0760204081632653,0.8289290681502086
0.07603010588085216,0.8289290681502086
0.07594128908742821,0.827538247566064
0.07595098289507277,0.827538247566064
0.07583301417081578,0.8261474269819193
0.07585238156046482,0.8261474269819193
0.07586206896551724,0.8261474269819193
0.07587175884531869,0.8261474269819193
0.07588145120081757,0.8261474269819193
0.07589114603296282,0.8261474269819193
0.0759008433427038,0.8261474269819193
0.07578274760383387,0.8247566063977747
0.07579243353783231,0.8247566063977747
0.07568396829455382,0.8233657858136301
0.07569364531389848,0.8233657858136301
0.07570332480818415,0.8233657858136301
0.0757130067783604,0.8233657858136301
0.07576145380087024,0.8233657858136301
0.07582938388625593,0.8233657858136301
0.0758779800051269,0.8233657858136301
0.0758974358974359,0.8233657858136301
0.0759071675855879,0.8233657858136301
0.07592663845068616,0.8233657858136301
0.07593637762955362,0.8233657858136301
0.07594611930724823,0.8233657858136301
0.07578676942838793,0.8205841446453408
0.07579650565262076,0.8205841446453408
0.07580624437877426,0.8205841446453408
0.07590376945838158,0.8205841446453408
0.07591353576942872,0.8205841446453408
0.07592330459400334,0.8205841446453408
0.07582389289392379,0.8191933240611962
0.07587272961483962,0.8191933240611962
0.0759020618556701,0.8191933240611962
0.0759314167848395,0.8191933240611962
0.0759412068076328,0.8191933240611962
0.07597059202889204,0.8191933240611962
0.07600827300930714,0.8178025034770514
0.07596738708425003,0.8164116828929068
0.07598705501618123,0.8164116828929068
0.07588707588707588,0.8150208623087621
0.07589690454604325,0.8150208623087621
0.07633688083037708,0.808066759388039
0.07635694572217111,0.808066759388039
0.07624556329696332,0.8066759388038943
0.07625558769392585,0.8066759388038943
0.0762656147271532,0.8066759388038943
0.07627564439768543,0.8066759388038943
0.07629571165482768,0.8066759388038943
0.07631578947368421,0.8066759388038943
0.07632583234636137,0.8066759388038943
0.07633587786259542,0.8066759388038943
0.07621429511649336,0.8052851182197497
0.07623436471362739,0.8052851182197497
0.07624440347642876,0.8052851182197497
0.07626448893572181,0.8052851182197497
0.07614280068502173,0.803894297635605
0.0761528326745718,0.803894297635605
0.07604111755403269,0.8025034770514604
0.0760511401080796,0.8025034770514604
0.07606116530450831,0.8025034770514604
0.07608122362869198,0.8025034770514604
0.0761012925349512,0.8025034770514604
0.07611133095897639,0.8025034770514604
0.07598944591029023,0.8011126564673157
0.07600950118764846,0.8011126564673157
0.07602956705385427,0.8011126564673157
0.07603960396039604,0.8011126564673157
0.07605968572560412,0.8011126564673157
0.07593766508188061,0.799721835883171
0.07595772787318363,0.799721835883171
0.07596776324481437,0.799721835883171
0.07599788527623579,0.799721835883171
0.07601797990481227,0.799721835883171
0.07602803120454846,0.799721835883171
0.07603808516265538,0.799721835883171
0.0760481417801878,0.799721835883171
0.07605820105820106,0.799721835883171
0.07608839486568744,0.799721835883171
0.07609846479618845,0.799721835883171
0.07610853739245532,0.799721835883171
0.07611861265554673,0.799721835883171
0.0760063559322034,0.7983310152990264
0.0760164216660045,0.7983310152990264
0.07602649006622517,0.7983310152990264
0.07603656113392503,0.7983310152990264
0.07604663487016428,0.7983310152990264
0.0760567112760037,0.7983310152990264
0.07606679035250463,0.7983310152990264
0.07607687210072896,0.7983310152990264
0.07608695652173914,0.7983310152990264
0.07609704361659816,0.7983310152990264
0.07610713338636967,0.7983310152990264
0.07611722583211776,0.7983310152990264
0.07612732095490717,0.7983310152990264
0.07615762239617885,0.7983310152990264
0.07616772823779193,0.7983310152990264
0.07617783676177836,0.7983310152990264
0.07618794796920626,0.7983310152990264
0.07607541157727031,0.7969401947148818
0.07608551321205684,0.7969401947148818
0.07609561752988048,0.7969401947148818
0.07599309153713299,0.7955493741307371
0.0760031889449907,0.7955493741307371
0.07602339181286549,0.7955493741307371
0.07604360542408933,0.7955493741307371
0.07606382978723404,0.7955493741307371
0.0760739460034579,0.7955493741307371
0.07608406491088056,0.7955493741307371
0.07609418651057603,0.7955493741307371
0.07597126130920702,0.7941585535465925
0.07598137059214903,0.7941585535465925
0.07599148256587702,0.7941585535465925
0.0759089093088294,0.7927677329624478
0.07592913280937791,0.7927677329624478
0.0759392486011191,0.7927677329624478
0.07595948827292111,0.7927677329624478
0.07597973873633698,0.7927677329624478
0.07598986801759765,0.7927677329624478
0.076,0.7927677329624478
0.07601013468462461,0.7927677329624478
0.07602027207255269,0.7927677329624478
0.07603041216486595,0.7927677329624478
0.07590715048025613,0.7913769123783032
0.07591727818545697,0.7913769123783032
0.07606951871657754,0.7913769123783032
0.07607968979810135,0.7913769123783032
0.07608986359989302,0.7913769123783032
0.076100040123044,0.7913769123783032
0.07598662207357859,0.7899860917941586
0.075996788868076,0.7899860917941586
0.07587314331593738,0.7885952712100139
0.07588329764453962,0.7885952712100139
0.07605633802816901,0.7885952712100139
0.07606654145425275,0.7885952712100139
0.07608695652173914,0.7885952712100139
0.07609716816534694,0.7885952712100139
0.07613804216463005,0.7885952712100139
0.07614826752618856,0.7885952712100139
0.0760114425827544,0.7760778859527121
0.07602179836512261,0.7760778859527121
0.07603215696961439,0.7760778859527121
0.0760528826495843,0.7760778859527121
0.07607361963190185,0.7760778859527121
0.07608399236433051,0.7760778859527121
0.07609436792581481,0.7760778859527121
0.07610474631751228,0.7760778859527121
0.07598908594815826,0.7746870653685675
0.07599945422294993,0.7746870653685675
0.07600982532751091,0.7746870653685675
0.07603057603057603,0.7746870653685675
0.07604095563139932,0.7746870653685675
0.07605133806663025,0.7746870653685675
0.07606172333743001,0.7746870653685675
0.07608250239038383,0.7746870653685675
0.0760928961748634,0.7746870653685675
0.07610329279956278,0.7746870653685675
0.07611369226564635,0.7746870653685675
0.07612409457427907,0.7746870653685675
0.0761449077238551,0.7746870653685675
0.07615531856713152,0.7746870653685675
0.07616573225762341,0.7746870653685675
0.07617614879649891,0.7746870653685675
0.07618656818492682,0.7746870653685675
0.07619699042407661,0.7746870653685675
0.07620741551511835,0.7746870653685675
0.07621784345922276,0.7746870653685675
0.07622827425756125,0.7746870653685675
0.07610183410895155,0.7732962447844228
0.07611225188227241,0.7732962447844228
0.07612267250821468,0.7732962447844228
0.07614352232265133,0.7732962447844228
0.0761539515134913,0.7732962447844228
0.07616438356164383,0.7732962447844228
0.07603781339909577,0.7719054242002782
0.07604823239243629,0.7719054242002782
0.07592161162121419,0.7705146036161336
0.07593201754385964,0.7705146036161336
0.07594242631939685,0.7705146036161336
0.07595283794899918,0.7705146036161336
0.07596325243384067,0.7705146036161336
0.075973669775096,0.7705146036161336
0.07598408997394047,0.7705146036161336
0.07599451303155007,0.7705146036161336
0.07600493894910139,0.7705146036161336
0.07601536772777168,0.7705146036161336
0.07602579936873885,0.7705146036161336
0.07603623387318144,0.7705146036161336
0.07607800054929964,0.7705146036161336
0.07608844938882021,0.7705146036161336
0.07609890109890109,0.7705146036161336
0.07610935568072537,0.7705146036161336
0.07611981313547678,0.7705146036161336
0.0761302734643397,0.7705146036161336
0.07614073666849917,0.7705146036161336
0.07615120274914089,0.7705146036161336
0.07618261826182618,0.7705146036161336
0.07605556319625911,0.7691237830319889
0.07606602475928473,0.7691237830319889
0.07607648920071537,0.7691237830319889
0.07608695652173914,0.7691237830319889
0.07609742672354479,0.7691237830319889
0.07610789980732177,0.7691237830319889
0.07614982098595428,0.7691237830319889
0.07616030849745214,0.7691237830319889
0.07618129218900675,0.7691237830319889
0.07619178837145218,0.7691237830319889
0.07624431269819384,0.7691237830319889
0.07611693325979041,0.7677329624478443
0.07603146129432868,0.7663421418636995
0.07604195418161744,0.7663421418636995
0.07605244996549344,0.7663421418636995
0.0759249033683048,0.7649513212795549
0.07593538588982465,0.7649513212795549
0.07581825714680293,0.7635605006954103
0.07582872928176795,0.7635605006954103
0.07586016305098797,0.7635605006954103
0.07587064676616916,0.7635605006954103
0.07588113337940566,0.7635605006954103
0.07589162289189937,0.7635605006954103
0.0760387811634349,0.7635605006954103
0.07604931430946114,0.7635605006954103
0.07597393594898101,0.7621696801112656
0.07600554785020805,0.7621696801112656
0.07601609099736441,0.7621696801112656
0.07602663706992231,0.7621696801112656
0.07572132301196341,0.7482614742698191
0.07573198198198199,0.7482614742698191
0.07577464788732394,0.7482614742698191
0.07564445696576982,0.7468706536856745
0.07565511411665257,0.7468706536856745
0.07566577427081865,0.7468706536856745
0.07567643742953777,0.7468706536856745
0.07569777276571751,0.7468706536856745
0.07570844494572114,0.7468706536856745
0.07571912013536379,0.7468706536856745
0.07572979833591877,0.7468706536856745
0.07575116377486246,0.7468706536856745
0.07576185101580135,0.7468706536856745
0.07578323454699407,0.7468706536856745
0.07565278757939309,0.7454798331015299
0.0756634669678148,0.7454798331015299
0.07567414937173514,0.7454798331015299
0.07554363174244563,0.7440890125173852
0.07555430024007909,0.7440890125173852
0.07556497175141243,0.7440890125173852
0.07557564627772284,0.7440890125173852
0.07558632382028822,0.7440890125173852
0.07559700438038718,0.7440890125173852
0.07560768795929904,0.7440890125173852
0.07561837455830389,0.7440890125173852
0.0756290641786825,0.7440890125173852
0.07549837409868514,0.7426981919332406
0.07550904977375565,0.7426981919332406
0.07551972846839203,0.7426981919332406
0.07553041018387553,0.7426981919332406
0.0755410949214882,0.7426981919332406
0.07555178268251274,0.7426981919332406
0.07556247346823262,0.7426981919332406
0.07557316727993207,0.7426981919332406
0.07558386411889596,0.7426981919332406
0.07559456398640997,0.7426981919332406
0.07560526688376044,0.7426981919332406
0.07561597281223449,0.7426981919332406
0.07562668177311996,0.7426981919332406
0.07563739376770538,0.7426981919332406
0.07564810879728007,0.7426981919332406
0.07565882686313403,0.7426981919332406
0.07566954796655803,0.7426981919332406
0.07568027210884354,0.7426981919332406
0.07569099929128278,0.7426981919332406
0.0757017295151687,0.7426981919332406
0.07571246278179498,0.7426981919332406
0.07572319909245605,0.7426981919332406
0.07573393844844703,0.7426981919332406
0.07575542630160306,0.7426981919332406
0.0757661748013621,0.7426981919332406
0.07577692635163899,0.7426981919332406
0.07564575645756458,0.741307371349096
0.07565649396735273,0.741307371349096
0.0756672345258376,0.741307371349096
0.07567797813431776,0.741307371349096
0.07568872479409258,0.741307371349096
0.07569947450646215,0.741307371349096
0.07572098309418951,0.741307371349096
0.0757425039079153,0.741307371349096
0.07575326890278568,0.741307371349096
0.07576403695806681,0.741307371349096
0.07578558225508318,0.741307371349096
0.07579635949943117,0.741307371349096
0.07581792318634424,0.741307371349096
0.07582870963152653,0.741307371349096
0.07585029173189127,0.741307371349096
0.07572953736654804,0.7399165507649513
0.07574031890660592,0.7399165507649513
0.07575110351701551,0.7399165507649513
0.07577268195413758,0.7399165507649513
0.07578347578347579,0.7399165507649513
0.07580507267027643,0.7399165507649513
0.0758266818700114,0.7399165507649513
0.07583749109052032,0.7399165507649513
0.07584830339321358,0.7399165507649513
0.07585911877940966,0.7399165507649513
0.07586993725042784,0.7399165507649513
0.07589158345221113,0.7399165507649513
0.07593491293177276,0.7399165507649513
0.07594575303354746,0.7399165507649513
0.0759565962307253,0.7399165507649513
0.0759674425246323,0.7399165507649513
0.07597829191659526,0.7399165507649513
0.07598914440794172,0.7399165507649513
0.076,0.7399165507649513
0.07602172049156902,0.7399165507649513
0.07603258539374018,0.7399165507649513
0.07604345340194396,0.7399165507649513
0.07605432451751251,0.7399165507649513
0.07607607607607608,0.7399165507649513
0.07615230460921844,0.7399165507649513
0.07616320687186828,0.7399165507649513
0.07617411225658649,0.7399165507649513
0.07619593239759381,0.7399165507649513
0.07635998277594373,0.7399165507649513
0.0763819095477387,0.7399165507649513
0.07626023265833692,0.7385257301808067
0.07627118644067797,0.7385257301808067
0.07616036786894669,0.7371349095966621
0.0757686143086114,0.7232267037552156
0.07580174927113703,0.7232267037552156
0.07582385535141441,0.7232267037552156
0.0758349132273589,0.7232267037552156
0.07585703865791393,0.7232267037552156
0.0758681062153487,0.7232267037552156
0.07587917700277251,0.7232267037552156
0.07589025102159953,0.7232267037552156
0.07590132827324478,0.7232267037552156
0.07591240875912408,0.7232267037552156
0.07592349248065411,0.7232267037552156
0.07593457943925233,0.7232267037552156
0.07594566963633709,0.7232267037552156
0.0759567630733275,0.7232267037552156
0.0758217677136596,0.721835883171071
0.07584392810170977,0.721835883171071
0.07585501315404852,0.721835883171071
0.07586610144715684,0.721835883171071
0.07587719298245614,0.721835883171071
0.07588828776136862,0.721835883171071
0.07589938578531734,0.721835883171071
0.0759104870557262,0.721835883171071
0.07577530719719135,0.7204450625869263
0.07581967213114754,0.7204450625869263
0.0758307714829454,0.7204450625869263
0.07585297993849759,0.7204450625869263
0.07571763327475102,0.7190542420027817
0.07572872418338948,0.7190542420027817
0.07573981834163493,0.7190542420027817
0.07575091575091575,0.7190542420027817
0.0757620164126612,0.7190542420027817
0.07577312032830133,0.7190542420027817
0.07579533792699018,0.7190542420027817
0.07580645161290323,0.7190542420027817
0.07581756855843966,0.7190542420027817
0.07582868876503374,0.7190542420027817
0.07583981223412058,0.7190542420027817
0.07585093896713616,0.7190542420027817
0.0758732022307015,0.7190542420027817
0.07588433876412741,0.7190542420027817
0.07574867880211392,0.717663421418637
0.07577092511013216,0.717663421418637
0.07578205316492877,0.717663421418637
0.07579318448883667,0.717663421418637
0.0758043190832966,0.717663421418637
0.07583774250440917,0.717663421418637
0.07584889019550198,0.717663421418637
0.07588235294117647,0.717663421418637
0.07589351375202236,0.717663421418637
0.075927015891701,0.717663421418637
0.07593818984547461,0.717663421418637
0.0759493670886076,0.717663421418637
0.07596054762255262,0.717663421418637
0.07582449941107185,0.7162726008344924
0.07583566485053747,0.7162726008344924
0.07584683357879234,0.7162726008344924
0.07585800559728974,0.7162726008344924
0.07586918090748379,0.7162726008344924
0.07588035951082953,0.7162726008344924
0.07589154140878279,0.7162726008344924
0.07575534266764923,0.7148817802503477
0.07576650943396226,0.7148817802503477
0.07577767949284978,0.7148817802503477
0.07578885284576821,0.7148817802503477
0.0758000294941749,0.7148817802503477
0.07582239268328662,0.7148817802503477
0.0758335792269106,0.7148817802503477
0.0758447690718607,0.7148817802503477
0.07585596221959859,0.7148817802503477
0.07586715867158672,0.7148817802503477
0.07587835842928846,0.7148817802503477
0.0759007678676905,0.7148817802503477
0.07576428887904298,0.713490959666203
0.07577548005908419,0.713490959666203
0.07578667454572315,0.713490959666203
0.07565011820330969,0.7121001390820584
0.07566129747303088,0.7121001390820584
0.0756724800472953,0.7121001390820584
0.07568366592756837,0.7121001390820584
0.07569485511531639,0.7121001390820584
0.07555818423776431,0.7107093184979137
0.07556935817805382,0.7107093184979137
0.07559171597633137,0.7107093184979137
0.07560289983725403,0.7107093184979137
0.07561408700799054,0.7107093184979137
0.0756364712847839,0.7107093184979137
0.07564766839378238,0.7107093184979137
0.07565886881847794,0.7107093184979137
0.07568127962085308,0.7107093184979137
0.07569249000148126,0.7107093184979137
0.0757037037037037,0.7107093184979137
0.07571492072899688,0.7107093184979137
0.07575982209043736,0.7107093184979137
0.07577105575326216,0.7107093184979137
0.075782292748035,0.7107093184979137
0.07579353307623851,0.7107093184979137
0.07583852775304245,0.7107093184979137
0.07584978477066943,0.7107093184979137
0.07586104513064133,0.7107093184979137
0.07587230883444691,0.7107093184979137
0.07588357588357589,0.7107093184979137
0.07598513011152416,0.7107093184979137
0.07599643069601428,0.7107093184979137
0.07603035262609731,0.7107093184979137
0.07605298407501117,0.7107093184979137
0.07608695652173914,0.7107093184979137
0.07613230035756853,0.7107093184979137
0.0761436447623305,0.7107093184979137
0.07618763071407231,0.7093184979137691
0.076072335973696,0.7079276773296245
0.07608370702541106,0.7079276773296245
0.07612922524678432,0.7079276773296245
0.07602514217300209,0.7065368567454798
0.07604790419161676,0.7065368567454798
0.07537460269411231,0.6926286509040334
0.07538601271571299,0.6926286509040334
0.07539742619227857,0.6926286509040334
0.07540884312537856,0.6926286509040334
0.075443114679594,0.6926286509040334
0.07545454545454545,0.6926286509040334
0.07547741739921188,0.6926286509040334
0.07548885857207822,0.6926286509040334
0.07550030321406913,0.6926286509040334
0.0755117513267627,0.6926286509040334
0.07552320291173795,0.6926286509040334
0.07553465797057485,0.6926286509040334
0.0755690440060698,0.6926286509040334
0.07558051297617241,0.6926286509040334
0.075591985428051,0.6926286509040334
0.0754631035529912,0.6912378303198887
0.07547456340167047,0.6912378303198887
0.07548602673147023,0.6912378303198887
0.0754974935439769,0.6912378303198887
0.07550896384077788,0.6912378303198887
0.07552043762346149,0.6912378303198887
0.07553191489361702,0.6912378303198887
0.07554339565283477,0.6912378303198887
0.07555487990270598,0.6912378303198887
0.07556636764482287,0.6912378303198887
0.07557785888077859,0.6912378303198887
0.0755893536121673,0.6912378303198887
0.07560085184058411,0.6912378303198887
0.07562385879488741,0.6912378303198887
0.07563536752396896,0.6912378303198887
0.0756468797564688,0.6912378303198887
0.07565839549398691,0.6912378303198887
0.07551766138855055,0.6898470097357441
0.07554066402680475,0.6898470097357441
0.0753998476770754,0.6884561891515995
0.07541133455210237,0.6884561891515995
0.0754343188052423,0.6884561891515995
0.07544581618655692,0.6884561891515995
0.07545731707317073,0.6884561891515995
0.07532784385483379,0.6870653685674548
0.07535082367297133,0.6870653685674548
0.07536231884057971,0.6870653685674548
0.0752212389380531,0.6856745479833102
0.07508011597741493,0.6842837273991655
0.0751030377041673,0.6842837273991655
0.0751145038167939,0.6842837273991655
0.07512597343105817,0.6842837273991655
0.07513744654856444,0.6842837273991655
0.07514892317091798,0.6842837273991655
0.07516040329972502,0.6842837273991655
0.07517188693659282,0.6842837273991655
0.07518337408312958,0.6842837273991655
0.07521785659685064,0.6842837273991655
0.07507645259938837,0.6828929068150209
0.07508793393485243,0.6828929068150209
0.0750994187825023,0.6828929068150209
0.07496940024479805,0.6815020862308763
0.07498087222647284,0.6815020862308763
0.07499234771962045,0.6815020862308763
0.07502679528403002,0.6815020862308763
0.07503828483920368,0.6815020862308763
0.07506127450980392,0.6815020862308763
0.07507277462846637,0.6815020862308763
0.07508427827152926,0.6815020862308763
0.07509578544061303,0.6815020862308763
0.07511881036332975,0.6815020862308763
0.07515337423312883,0.6815020862308763
0.07516490259242214,0.6815020862308763
0.07517643448910709,0.6815020862308763
0.07518796992481203,0.6815020862308763
0.07521105141980046,0.6815020862308763
0.07522259748234572,0.6815020862308763
0.07523414709043452,0.6815020862308763
0.07524570024570025,0.6815020862308763
0.07510367071110428,0.6801112656467315
0.07511520737327189,0.6801112656467315
0.07512674758027346,0.6801112656467315
0.07513829133374308,0.6801112656467315
0.0751729438893159,0.6801112656467315
0.07518450184501844,0.6801112656467315
0.07504228817468861,0.6787204450625869
0.07505382959089511,0.6787204450625869
0.07506537455776034,0.6787204450625869
0.07510003077870114,0.6787204450625869
0.07511158996459905,0.6787204450625869
0.07513471901462664,0.6787204450625869
0.07514628888204497,0.6787204450625869
0.07515786231326044,0.6787204450625869
0.07519260400616333,0.6787204450625869
0.0750616522811344,0.6773296244784422
0.07508479802651866,0.6773296244784422
0.07513113236655353,0.6773296244784422
0.07514272488813455,0.6773296244784422
0.07515432098765432,0.6773296244784422
0.075177523927138,0.6773296244784422
0.0751891307704184,0.6773296244784422
0.07520074119827054,0.6773296244784422
0.07521235521235521,0.6773296244784422
0.07522397281433427,0.6773296244784422
0.07522055409379352,0.6759388038942976
0.07525549705791267,0.6759388038942976
0.07526715192814,0.6759388038942976
0.07527881040892194,0.6759388038942976
0.07529047250193649,0.6759388038942976
0.07547755862711601,0.6759388038942976
0.0754892823858341,0.6759388038942976
0.07550100978716794,0.6759388038942976
0.07555970149253731,0.6759388038942976
0.07543941515010111,0.674547983310153
0.07545115121344119,0.674547983310153
0.07612293144208038,0.6717663421418637
0.07613493064312736,0.6717663421418637
0.076146933627621,0.6717663421418637
0.076158940397351,0.6717663421418637
0.07617095095410818,0.6717663421418637
0.07619498343587316,0.6717663421418637
0.07620700536446828,0.6717663421418637
0.07621903108726527,0.6717663421418637
0.07623106060606061,0.6717663421418637
0.07624309392265194,0.6717663421418637
0.07625513103883802,0.6717663421418637
0.07626717195641876,0.6717663421418637
0.07629126520296951,0.6717663421418637
0.07630331753554502,0.6717663421418637
0.07632743362831858,0.6717663421418637
0.07633949739212897,0.6717663421418637
0.07619348719570028,0.6703755215577191
0.07620553359683795,0.6703755215577191
0.07621758380771664,0.6703755215577191
0.07622963783014391,0.6703755215577191
0.0762416956659285,0.6703755215577191
0.07626582278481013,0.6703755215577191
0.07627789207153031,0.6703755215577191
0.07628996517885407,0.6703755215577191
0.07630204210859586,0.6703755215577191
0.07631412286257125,0.6703755215577191
0.076326207442597,0.6703755215577191
0.07633829585049097,0.6703755215577191
0.07635038808807224,0.6703755215577191
0.07636248415716096,0.6703755215577191
0.07637458405957852,0.6703755215577191
0.07638668779714738,0.6703755215577191
0.07639879537169124,0.6703755215577191
0.07641090678503487,0.6703755215577191
0.07626446805137149,0.6689847009735744
0.07627656200444022,0.6689847009735744
0.0761300555114988,0.6675938803894298
0.07615421227986673,0.6675938803894298
0.07616629641383688,0.6675938803894298
0.07620257183679949,0.6675938803894298
0.07621467132422992,0.6675938803894298
0.07622677465459743,0.6675938803894298
0.07623888182973317,0.6675938803894298
0.07625099285146943,0.6675938803894298
0.07626310772163966,0.6675938803894298
0.0762752264420785,0.6675938803894298
0.07628734901462174,0.6675938803894298
0.07629947544110634,0.6675938803894298
0.0763237398632533,0.6675938803894298
0.07633587786259542,0.6675938803894298
0.07634801972323843,0.6675938803894298
0.07637231503579953,0.6675938803894298
0.07622533418204964,0.6662030598052852
0.07623746617857712,0.6662030598052852
0.0762617417608661,0.6662030598052852
0.07627388535031847,0.6662030598052852
0.07628603280777194,0.6662030598052852
0.07629818413507486,0.6662030598052852
0.07633466135458167,0.6662030598052852
0.0763468281797896,0.6662030598052852
0.0763589988841065,0.6662030598052852
0.07637117346938775,0.6662030598052852
0.07623604465709728,0.6648122392211405
0.07624820545541554,0.6648122392211405
0.07627253869475029,0.6648122392211405
0.07628471113948293,0.6648122392211405
0.07629688747007182,0.6648122392211405
0.07630906768837803,0.6648122392211405
0.07632125179626377,0.6648122392211405
0.07634563168822872,0.6648122392211405
0.07635782747603834,0.6648122392211405
0.07637002716088832,0.6648122392211405
0.07638223074464685,0.6648122392211405
0.07639443822918332,0.6648122392211405
0.07640664961636828,0.6648122392211405
0.07641886490807354,0.6648122392211405
0.07643108410617205,0.6648122392211405
0.07655349135169763,0.6648122392211405
0.07656575364408137,0.6648122392211405
0.07643005928537093,0.6634214186369958
0.0764423076923077,0.6634214186369958
0.07645456002564513,0.6634214186369958
0.07633098139833226,0.6620305980528511
0.07650273224043716,0.6620305980528511
0.07651502973798424,0.6620305980528511
0.07652733118971061,0.6620305980528511
0.07655194596333226,0.6620305980528511
0.07646490663232454,0.6606397774687065
0.07647721783931734,0.6606397774687065
0.07688548623554325,0.6564673157162726
0.07689801238188335,0.6564673157162726
0.07691054261039595,0.6564673157162726
0.07692307692307693,0.6564673157162726
0.07693561532192339,0.6564673157162726
0.07696070438610794,0.6564673157162726
0.07697325505544683,0.6564673157162726
0.07682270428967541,0.655076495132128
0.0768352365415987,0.655076495132128
0.07684777288301517,0.655076495132128
0.0768603133159269,0.655076495132128
0.0768728578423372,0.655076495132128
0.07689795918367347,0.655076495132128
0.07692307692307693,0.655076495132128
0.07693564194707612,0.655076495132128
0.07694821107662146,0.655076495132128
0.0769607843137255,0.655076495132128
0.07697336166040203,0.655076495132128
0.07682249101013403,0.6536856745479833
0.07683504986104299,0.6536856745479833
0.07684761281883584,0.6536856745479833
0.07686017988552739,0.6536856745479833
0.07687275106313379,0.6536856745479833
0.0768853263536725,0.6536856745479833
0.07673429319371727,0.6522948539638387
0.076759410801964,0.6522948539638387
0.076771975773449,0.6522948539638387
0.07678454485920105,0.6522948539638387
0.07663337154085476,0.650904033379694
0.07665847665847667,0.650904033379694
0.07667103538663171,0.650904033379694
0.0766835982303785,0.650904033379694
0.07669616519174041,0.650904033379694
0.07670873627274218,0.650904033379694
0.0765699294966388,0.6495132127955494
0.07659504674430048,0.6495132127955494
0.07660761154855643,0.6495132127955494
0.07662018047579984,0.6495132127955494
0.07663275352806038,0.6495132127955494
0.07648120794354177,0.6481223922114048
0.07649376231122784,0.6481223922114048
0.07650632080118207,0.6481223922114048
0.07651888341543514,0.6481223922114048
0.07653145015601905,0.6481223922114048
0.07654402102496714,0.6481223922114048
0.07655659602431411,0.6481223922114048
0.07656917515609596,0.6481223922114048
0.07658175842235004,0.6481223922114048
0.07659434582511505,0.6481223922114048
0.07660693736643104,0.6481223922114048
0.07663213287288274,0.6481223922114048
0.07664473684210527,0.6481223922114048
0.0766573449580523,0.6481223922114048
0.07653061224489796,0.6467315716272601
0.07654320987654321,0.6467315716272601
0.07655581165623972,0.6467315716272601
0.07656841758603655,0.6467315716272601
0.07659364190413441,0.6467315716272601
0.07660626029654036,0.6467315716272601
0.07663150955833882,0.6467315716272601
0.07664414043184441,0.6467315716272601
0.07665677546983185,0.6467315716272601
0.0767073573078192,0.6467315716272601
0.07655502392344497,0.6453407510431154
0.07658029377785112,0.6453407510431154
0.07659293496203368,0.6453407510431154
0.07645310435931307,0.6439499304589708
0.07630057803468208,0.6425591098748261
0.07631318136769079,0.6425591098748261
0.07632578886502561,0.6425591098748261
0.07633840052875082,0.6425591098748261
0.07637626053893205,0.6425591098748261
0.07628661260963097,0.6411682892906815
0.07631186889587817,0.6411682892906815
0.07632450331125828,0.6411682892906815
0.0763371419109124,0.6411682892906815
0.07634978469691951,0.6411682892906815
0.07636243167135995,0.6411682892906815
0.07637390004980907,0.6397774687065368
0.07622052474261043,0.6383866481223922
0.07615563684735617,0.6369958275382476
0.07616830201230666,0.6369958275382476
0.07619364498419565,0.6369958275382476
0.07620632279534109,0.6369958275382476
0.07642989708115404,0.6300417246175244
0.07644279446506919,0.6300417246175244
0.07645569620253165,0.6300417246175244
0.07646860229574612,0.6300417246175244
0.07648151274691879,0.6300417246175244
0.07649442755825735,0.6300417246175244
0.07650734673197095,0.6300417246175244
0.07652027027027027,0.6300417246175244
0.07653319817536747,0.6300417246175244
0.07654613044947617,0.6300417246175244
0.07655906709481156,0.6300417246175244
0.07657200811359026,0.6300417246175244
0.07658495350803043,0.6300417246175244
0.07659790328035171,0.6300417246175244
0.07661085743277524,0.6300417246175244
0.07662381596752368,0.6300417246175244
0.07663677888682117,0.6300417246175244
0.07666271788796751,0.6300417246175244
0.07667569397427218,0.6300417246175244
0.07651938378195361,0.6286509040333796
0.07653233999322723,0.6286509040333796
0.07637595258255715,0.627260083449235
0.0763888888888889,0.627260083449235
0.07640182957818059,0.627260083449235
0.07641477465266011,0.627260083449235
0.07642772411455685,0.627260083449235
0.0764406779661017,0.627260083449235
0.07645363620952704,0.627260083449235
0.0764665988470668,0.627260083449235
0.07647956588095642,0.627260083449235
0.07649253731343283,0.627260083449235
0.07651849338310146,0.627260083449235
0.07653147802477515,0.627260083449235
0.07654446707399865,0.627260083449235
0.07655746053301647,0.627260083449235
0.0765704584040747,0.627260083449235
0.07658346068942096,0.627260083449235
0.07659646739130435,0.627260083449235
0.07660947851197554,0.627260083449235
0.07662249405368672,0.627260083449235
0.07663551401869159,0.627260083449235
0.07664853840924542,0.627260083449235
0.07666156722760496,0.627260083449235
0.07667460047602856,0.627260083449235
0.07668763815677605,0.627260083449235
0.07671372682428984,0.627260083449235
0.07672677781558353,0.627260083449235
0.07673983324825591,0.627260083449235
0.07675289312457453,0.627260083449235
0.07676595744680852,0.627260083449235
0.07680517711171662,0.627260083449235
0.07664793050587634,0.6258692628650904
0.07666098807495741,0.6258692628650904
0.07667405009371273,0.6258692628650904
0.07668711656441718,0.6258692628650904
0.07670018748934719,0.6258692628650904
0.07671326287078077,0.6258692628650904
0.07672634271099744,0.6258692628650904
0.07675251577690602,0.6258692628650904
0.0767656090071648,0.6258692628650904
0.07677870670534039,0.6258692628650904
0.07679180887372014,0.6258692628650904
0.0766342379245605,0.6244784422809457
0.07664731990440424,0.6244784422809457
0.07666040635137443,0.6244784422809457
0.07669969251793646,0.6244784422809457
0.076712796856313,0.6244784422809457
0.0767259056732741,0.6244784422809457
0.07673901897111605,0.6244784422809457
0.07675213675213675,0.6244784422809457
0.07676525901863566,0.6244784422809457
0.07677838577291382,0.6244784422809457
0.07684408694163956,0.6244784422809457
0.07685724067100308,0.6244784422809457
0.07688356164383561,0.6244784422809457
0.07689672889193355,0.6244784422809457
0.07692307692307693,0.6244784422809457
0.07694944301628107,0.6244784422809457
0.07696263284196092,0.6244784422809457
0.07697582719012515,0.6244784422809457
0.07698902606310014,0.6244784422809457
0.07683073229291716,0.6230876216968011
0.07685709384113913,0.6230876216968011
0.07700240632519766,0.6230876216968011
0.07684373388344508,0.6216968011126565
0.07685694635488308,0.6216968011126565
0.07653938768489853,0.6189151599443672
0.07656572608396421,0.6189151599443672
0.076592082616179,0.6189151599443672
0.07660526768807023,0.6189151599443672
0.07688293616281093,0.6147426981919333
0.07689631176061239,0.6147426981919333
0.07690969201322428,0.6147426981919333
0.07693646649260226,0.6147426981919333
0.07694986072423399,0.6147426981919333
0.07696325962040745,0.6147426981919333
0.0768025078369906,0.6133518776077886
0.07681588573419265,0.6133518776077886
0.07682926829268293,0.6133518776077886
0.07684265551489806,0.6133518776077886
0.07685604740327641,0.6133518776077886
0.0766951368310964,0.6119610570236439
0.07670850767085077,0.6119610570236439
0.07672188317349608,0.6119610570236439
0.07673526334147192,0.6119610570236439
0.0767486481772196,0.6119610570236439
0.07676203768318214,0.6119610570236439
0.07677543186180422,0.6119610570236439
0.07678883071553229,0.6119610570236439
0.07680223424681445,0.6119610570236439
0.07684247293049248,0.6119610570236439
0.07685589519650655,0.6119610570236439
0.07686932215234102,0.6119610570236439
0.07688275380045431,0.6119610570236439
0.07689619014330654,0.6119610570236439
0.07690963118335956,0.6119610570236439
0.07692307692307693,0.6119610570236439
0.07693652736492394,0.6119610570236439
0.07694998251136762,0.6119610570236439
0.07696344236487668,0.6119610570236439
0.07697690692792163,0.6119610570236439
0.07699037620297462,0.6119610570236439
0.07700385019250963,0.6119610570236439
0.07701732889900227,0.6119610570236439
0.07704430047277185,0.6119610570236439
0.07705779334500876,0.6119610570236439
0.07690960056061667,0.6105702364394993
0.07692307692307693,0.6105702364394993
0.07693655800911321,0.6105702364394993
0.07695004382120947,0.6105702364394993
0.07680168332456602,0.6091794158553546
0.07681515257804279,0.6091794158553546
0.07682862655674443,0.6091794158553546
0.07684210526315789,0.6091794158553546
0.07686907686907687,0.6091794158553546
0.07688256977356503,0.6091794158553546
0.07689606741573034,0.6091794158553546
0.07690956979806848,0.6091794158553546
0.07693658879325488,0.6091794158553546
0.07695010541110331,0.6091794158553546
0.07696362677912494,0.6091794158553546
0.07697715289982425,0.6091794158553546
0.0770042194092827,0.6091794158553546
0.07701775980305961,0.6091794158553546
0.07703130495954977,0.6091794158553546
0.07704485488126649,0.6091794158553546
0.07705840957072484,0.6091794158553546
0.07707196903044167,0.6091794158553546
0.07713983797111659,0.6091794158553546
0.07715342610533732,0.6091794158553546
0.07716701902748414,0.6091794158553546
0.07700440528634361,0.60778859527121
0.07701797673598872,0.60778859527121
0.07703155297020976,0.60778859527121
0.07709950599858857,0.60778859527121
0.07711311099347097,0.60778859527121
0.07712672079068125,0.60778859527121
0.07714033539276258,0.60778859527121
0.07716757902171993,0.60778859527121
0.07718120805369127,0.60778859527121
0.07719484190072426,0.60778859527121
0.07720848056537102,0.60778859527121
0.07722212405018554,0.60778859527121
0.07714083510261854,0.6063977746870653
0.07715448593169351,0.6063977746870653
0.07716814159292035,0.6063977746870653
0.07720913759518329,0.6063977746870653
0.07723649247121346,0.6063977746870653
0.07725017717930546,0.6063977746870653
0.07727756114852889,0.6063977746870653
0.07731867352367441,0.6063977746870653
0.0773323873714083,0.6063977746870653
0.07738729144479943,0.6063977746870653
0.07740102964672466,0.6063977746870653
0.07741477272727272,0.6063977746870653
0.0774285206890428,0.6063977746870653
0.07744227353463588,0.6063977746870653
0.07748356140039098,0.6063977746870653
0.07749733380732314,0.6063977746870653
0.07751111111111111,0.6063977746870653
0.07755834829443448,0.6008344923504868
0.07739270964266474,0.5994436717663422
0.07740660919540229,0.5994436717663422
0.0772408837794144,0.5980528511821975
0.07725476104922745,0.5980528511821975
0.07726864330637916,0.5980528511821975
0.07728253055355859,0.5980528511821975
0.07729642279345676,0.5980528511821975
0.07731032002876663,0.5980528511821975
0.07732422226218306,0.5980528511821975
0.07733812949640288,0.5980528511821975
0.07718603814321698,0.5966620305980529
0.07719992801871513,0.5966620305980529
0.07721382289416846,0.5966620305980529
0.07704770477047705,0.5952712100139083
0.07706157724162765,0.5952712100139083
0.07707545470916621,0.5952712100139083
0.07708933717579251,0.5952712100139083
0.07710322464420825,0.5952712100139083
0.07711711711711712,0.5952712100139083
0.07713101459722473,0.5952712100139083
0.07714491708723864,0.5952712100139083
0.07717273710782546,0.5952712100139083
0.07718665464382327,0.5952712100139083
0.0772005772005772,0.5952712100139083
0.07722843738722483,0.5952712100139083
0.07724237502255911,0.5952712100139083
0.07725631768953069,0.5952712100139083
0.07727026539086478,0.5952712100139083
0.07710364752618273,0.5938803894297635
0.07713150289017341,0.5938803894297635
0.07714543812104788,0.5938803894297635
0.077159378388146,0.5938803894297635
0.07717332369419845,0.5938803894297635
0.07718727404193781,0.5938803894297635
0.07720122943409871,0.5938803894297635
0.07721518987341772,0.5938803894297635
0.07722915536263339,0.5938803894297635
0.07706222865412446,0.5924895688456189
0.07707617152162113,0.5924895688456189
0.07690915671371698,0.5910987482614742
0.07693700217233888,0.5910987482614742
0.07695093246424045,0.5910987482614742
0.07696486780152119,0.5910987482614742
0.07697880818692265,0.5910987482614742
0.0769927536231884,0.5910987482614742
0.07700670411306396,0.5910987482614742
0.07702065965929684,0.5910987482614742
0.07703462026463657,0.5910987482614742
0.07686729514140682,0.5897079276773296
0.07669990933816863,0.588317107093185
0.07675557974959173,0.588317107093185
0.07676950998185118,0.588317107093185
0.07678344527137411,0.588317107093185
0.07679738562091504,0.588317107093185
0.07681133103323043,0.588317107093185
0.07682528151107883,0.588317107093185
0.0768392370572207,0.588317107093185
0.0768531976744186,0.588317107093185
0.07688113413304253,0.588317107093185
0.07671332485002727,0.5869262865090403
0.07672727272727273,0.5869262865090403
0.07674122567739589,0.5869262865090403
0.07675518370316478,0.5869262865090403
0.07676914680734946,0.5869262865090403
0.07678311499272197,0.5869262865090403
0.07679708826205642,0.5869262865090403
0.07681106661812886,0.5869262865090403
0.07682505006371745,0.5869262865090403
0.07683903860160234,0.5869262865090403
0.07688103479686646,0.5869262865090403
0.07674079475027343,0.5855354659248957
0.07658643326039387,0.5841446453407511
0.07641801933248221,0.5827538247566064
0.07643195913900036,0.5827538247566064
0.07644590403211093,0.5827538247566064
0.07647380908924986,0.5827538247566064
0.07651570489408327,0.5827538247566064
0.07661364051929055,0.5827538247566064
0.07627583683921713,0.5799721835883171
0.07628979143798024,0.5799721835883171
0.07630375114364135,0.5799721835883171
0.0763177159590044,0.5799721835883171
0.07633168588687535,0.5799721835883171
0.07648569332355099,0.5799721835883171
0.07649972482113374,0.5799721835883171
0.07652780326665443,0.5799721835883171
0.0765840220385675,0.5799721835883171
0.07659808963997061,0.5799721835883171
0.07642844019841999,0.5785813630041725
0.07644248438074237,0.5785813630041725
0.07645653372541812,0.5785813630041725
0.07648464791321934,0.5785813630041725
0.07686581053415224,0.5744089012517385
0.0768801191362621,0.5744089012517385
0.07689443306646807,0.5744089012517385
0.07690875232774674,0.5744089012517385
0.07692307692307693,0.5744089012517385
0.07693740685543964,0.5744089012517385
0.07695174212781815,0.5744089012517385
0.07696608274319791,0.5744089012517385
0.07698042870456663,0.5744089012517385
0.07699478001491425,0.5744089012517385
0.07700913667723289,0.5744089012517385
0.07702349869451697,0.5744089012517385
0.07703786606976311,0.5744089012517385
0.07705223880597015,0.5744089012517385
0.07706661690613921,0.5744089012517385
0.0770810003732736,0.5744089012517385
0.07709538921037894,0.5744089012517385
0.07710978342046303,0.5744089012517385
0.07712418300653595,0.5744089012517385
0.07713858797161001,0.5744089012517385
0.07715299831869979,0.5744089012517385
0.07716741405082213,0.5744089012517385
0.07718183517099607,0.5744089012517385
0.07719626168224299,0.5744089012517385
0.07702374275565527,0.5730180806675939
0.0770525528333645,0.5730180806675939
0.07706696595585484,0.5730180806675939
0.07708138447146866,0.5730180806675939
0.0771102376941793,0.5730180806675939
0.07712467240733807,0.5730180806675939
0.07713911252574425,0.5730180806675939
0.07715355805243446,0.5730180806675939
0.07719692711261009,0.5730180806675939
0.07721139430284858,0.5730180806675939
0.07722586691658856,0.5730180806675939
0.0772403449568804,0.5730180806675939
0.07725482842677667,0.5730180806675939
0.07709622960045019,0.5716272600834492
0.07711069418386492,0.5716272600834492
0.07712516419590917,0.5716272600834492
0.07713963963963964,0.5716272600834492
0.07696639759714662,0.5702364394993046
0.07698084866691701,0.5702364394993046
0.0768075117370892,0.56884561891516
0.07682193839218633,0.56884561891516
0.07683637046778133,0.56884561891516
0.07685080796692972,0.56884561891516
0.07686525089268935,0.56884561891516
0.07689415303628501,0.56884561891516
0.07690861226024821,0.56884561891516
0.07692307692307693,0.56884561891516
0.07693754702784047,0.56884561891516
0.07695202257761054,0.56884561891516
0.07696650357546105,0.56884561891516
0.07698099002446829,0.56884561891516
0.07699548192771084,0.56884561891516
0.07700997928826962,0.56884561891516
0.07702448210922787,0.56884561891516
0.07703899039367113,0.56884561891516
0.07705350414468727,0.56884561891516
0.0770680233653665,0.56884561891516
0.07708254805880135,0.56884561891516
0.07709707822808672,0.56884561891516
0.07711161387631976,0.56884561891516
0.07712615500660004,0.56884561891516
0.07714070162202942,0.56884561891516
0.07715525372571214,0.56884561891516
0.07698113207547169,0.5674547983310153
0.07699565955840725,0.5674547983310153
0.07682144205360514,0.5660639777468707
0.07683594487445725,0.5660639777468707
0.07685045317220544,0.5660639777468707
0.07686496694995279,0.5660639777468707
0.07687948621080469,0.5660639777468707
0.07689401095786888,0.5660639777468707
0.07690854119425548,0.5660639777468707
0.07692307692307693,0.5660639777468707
0.07693761814744801,0.5660639777468707
0.07676309321232747,0.564673157162726
0.07680665909950814,0.564673157162726
0.07682119205298013,0.564673157162726
0.07683573050719152,0.564673157162726
0.07685027446526595,0.564673157162726
0.07687937890551032,0.564673157162726
0.07690850539874976,0.564673157162726
0.07693765397005875,0.564673157162726
0.07695223654283548,0.564673157162726
0.07696682464454976,0.564673157162726
0.0769814182783466,0.564673157162726
0.07699601744737342,0.564673157162726
0.07701062215477997,0.564673157162726
0.07677689091600153,0.5618915159944368
0.07679148450864855,0.5618915159944368
0.07680608365019011,0.5618915159944368
0.07683529859262077,0.5618915159944368
0.07684991439984783,0.5618915159944368
0.07686453576864535,0.5618915159944368
0.07668886774500476,0.5605006954102921
0.07646834477498093,0.5577190542420027
0.07648292962044631,0.5577190542420027
0.0764975200305227,0.5577190542420027
0.0763213127265789,0.5563282336578581
0.07624689470666922,0.5549374130737135
0.07626146788990826,0.5549374130737135
0.07627604664500096,0.5549374130737135
0.07629063097514341,0.5549374130737135
0.07630522088353414,0.5549374130737135
0.07671445176288261,0.5507649513212796
0.07672931602402636,0.5507649513212796
0.07656522581895717,0.5493741307371349
0.07658006979449399,0.5493741307371349
0.0765949195268567,0.5493741307371349
0.07660977501939488,0.5493741307371349
0.07662463627546072,0.5493741307371349
0.076639503298409,0.5493741307371349
0.07665437609159713,0.5493741307371349
0.07666925465838509,0.5493741307371349
0.07668413900213551,0.5493741307371349
0.07671392503398718,0.5493741307371349
0.07672882672882674,0.5493741307371349
0.07674373421410531,0.5493741307371349
0.0767586474931986,0.5493741307371349
0.07677356656948493,0.5493741307371349
0.07659409020217729,0.5479833101529903
0.07641454404044332,0.5465924895688457
0.0764294049008168,0.5465924895688457
0.07644427154250145,0.5465924895688457
0.0764591439688716,0.5465924895688457
0.07648890618917867,0.5465924895688457
0.07630912984232043,0.545201668984701
0.0763239875389408,0.545201668984701
0.07633885102239532,0.545201668984701
0.07635372029606545,0.545201668984701
0.07636859536333528,0.545201668984701
0.07638347622759158,0.545201668984701
0.07639836289222374,0.545201668984701
0.07641325536062378,0.545201668984701
0.0764281536361864,0.545201668984701
0.07624804992199688,0.5438108484005564
0.07626292178661985,0.5438108484005564
0.07627779945376512,0.5438108484005564
0.07629268292682927,0.5438108484005564
0.07630757220921155,0.5438108484005564
0.07632246730431388,0.5438108484005564
0.0763671875,0.5438108484005564
0.0763821058800547,0.5438108484005564
0.07639703008987886,0.5438108484005564
0.07641196013289037,0.5438108484005564
0.07642689601250978,0.5438108484005564
0.07644183773216032,0.5438108484005564
0.07645678529526789,0.5438108484005564
0.0764717387052611,0.5438108484005564
0.0764866979655712,0.5438108484005564
0.07650166307963216,0.5438108484005564
0.07651663405088063,0.5438108484005564
0.07633587786259542,0.5424200278164116
0.07635082223962412,0.5424200278164116
0.07636577246915997,0.5424200278164116
0.07639569049951028,0.5424200278164116
0.07641065830721003,0.5424200278164116
0.07642563198118754,0.5424200278164116
0.0764406115248922,0.5424200278164116
0.07645559694177612,0.5424200278164116
0.07647058823529412,0.5424200278164116
0.07631940357072788,0.541029207232267
0.076138147566719,0.5396383866481224
0.076153091265947,0.5396383866481224
0.07616804083235179,0.5396383866481224
0.07618299626938936,0.5396383866481224
0.07621292476920055,0.5396383866481224
0.0762278978388998,0.5396383866481224
0.07624287679308311,0.5396383866481224
0.07625786163522012,0.5396383866481224
0.07627285236878317,0.5396383866481224
0.07610619469026549,0.5382475660639777
0.07612116443745083,0.5382475660639777
0.07618110236220473,0.5382475660639777
0.07619610159480213,0.5382475660639777
0.07621110673493502,0.5382475660639777
0.07624113475177305,0.5382475660639777
0.07625615763546797,0.5382475660639777
0.07627118644067797,0.5382475660639777
0.07625444488344528,0.5368567454798331
0.07626951195415926,0.5368567454798331
0.07628458498023716,0.5368567454798331
0.07629966396521051,0.5368567454798331
0.07631474891261368,0.5368567454798331
0.07632983982598378,0.5368567454798331
0.07634493670886076,0.5368567454798331
0.07636003956478733,0.5368567454798331
0.07712339743589744,0.5354659248956884
0.07713884992987377,0.5354659248956884
0.07695390781563126,0.5340751043115438
0.07696933253156946,0.5340751043115438
0.07698476343223737,0.5340751043115438
0.07679967916583116,0.5326842837273992
0.07681508223024469,0.5326842837273992
0.07683049147442327,0.5326842837273992
0.07686132851695765,0.5326842837273992
0.07667603372139703,0.5312934631432545
0.076691427424212,0.5312934631432545
0.07670682730923695,0.5312934631432545
0.07672223338019683,0.5312934631432545
0.07673764564081961,0.5312934631432545
0.07675306409483625,0.5312934631432545
0.0767684887459807,0.5312934631432545
0.07658291457286433,0.5299026425591099
0.07659831121833534,0.5299026425591099
0.07661371405590187,0.5299026425591099
0.07662912308930007,0.5299026425591099
0.07664453832226917,0.5299026425591099
0.0766599597585513,0.5299026425591099
0.07667538740189173,0.5299026425591099
0.07669082125603864,0.5299026425591099
0.0767062613247433,0.5299026425591099
0.07672170761175996,0.5299026425591099
0.07673716012084592,0.5299026425591099
0.07676808382026999,0.5299026425591099
0.07678355501813784,0.5299026425591099
0.07659746018947793,0.5285118219749653
0.07661290322580645,0.5285118219749653
0.07662835249042145,0.5285118219749653
0.07664380798709157,0.5285118219749653
0.07665926971958846,0.5285118219749653
0.07667473769168684,0.5285118219749653
0.07648839556004036,0.5271210013908206
0.07650383528461849,0.5271210013908206
0.07651928124369069,0.5271210013908206
0.07653473344103393,0.5271210013908206
0.07655019188042819,0.5271210013908206
0.07636363636363637,0.5257301808066759
0.07637906647807638,0.5257301808066759
0.07639450282942603,0.5257301808066759
0.07640994542146756,0.5257301808066759
0.07642539425798625,0.5257301808066759
0.07644084934277047,0.5257301808066759
0.07647177827230427,0.5257301808066759
0.0764872521246459,0.5257301808066759
0.07650273224043716,0.5257301808066759
0.07651821862348178,0.5257301808066759
0.07653371127758656,0.5257301808066759
0.07654921020656136,0.5257301808066759
0.07656471541421916,0.5257301808066759
0.07658022690437602,0.5257301808066759
0.07661126874746656,0.5257301808066759
0.07662679910804784,0.5257301808066759
0.07664233576642336,0.5257301808066759
0.07665787872642466,0.5257301808066759
0.07650162337662338,0.5243393602225312
0.07636068237205523,0.5229485396383866
0.07642276422764227,0.5229485396383866
0.07645384302562017,0.5229485396383866
0.07646939190563351,0.5229485396383866
0.0762970498474059,0.521557719054242
0.07631257631257632,0.521557719054242
0.0763281090983106,0.521557719054242
0.07634364820846906,0.521557719054242
0.07635919364691508,0.521557719054242
0.07637474541751528,0.521557719054242
0.07640586797066015,0.521557719054242
0.07642143876095374,0.521557719054242
0.0764525993883792,0.521557719054242
0.07626427406199021,0.5201668984700973
0.07627982867632062,0.5201668984700973
0.0762953896368829,0.5201668984700973
0.07610691695572332,0.5187760778859527
0.07618464052287582,0.5187760778859527
0.07620020429009193,0.5187760778859527
0.07621577441765427,0.5187760778859527
0.0762313509094625,0.5187760778859527
0.07610474631751228,0.5173852573018081
0.07612031921424187,0.5173852573018081
0.07615148413510747,0.5173852573018081
0.07616707616707617,0.5173852573018081
0.07657190288441586,0.5132127955493742
0.07658779576587796,0.5132127955493742
0.07660369524600373,0.5132127955493742
0.07641196013289037,0.5118219749652295
0.07642782969885774,0.5118219749652295
0.07644370585791442,0.5118219749652295
0.07645958861416996,0.5118219749652295
0.0764913739347329,0.5118219749652295
0.07650727650727651,0.5118219749652295
0.07652318569349137,0.5118219749652295
0.07653910149750416,0.5118219749652295
0.07657095297544736,0.5118219749652295
0.07658688865764829,0.5118219749652295
0.07660283097418817,0.5118219749652295
0.07661877992921091,0.5118219749652295
0.07644240783170173,0.5104311543810849
0.07647426547197332,0.5104311543810849
0.07649020425177157,0.5104311543810849
0.07650614967688138,0.5104311543810849
0.07652210175145956,0.5104311543810849
0.07653806047966633,0.5104311543810849
0.07655402586566541,0.5104311543810849
0.07658597662771285,0.5104311543810849
0.07639323731997495,0.5090403337969402
0.07640918580375783,0.5090403337969402
0.07642514094800584,0.5090403337969402
0.07644110275689223,0.5090403337969402
0.0764570712345937,0.5090403337969402
0.07647304638529043,0.5090403337969402
0.07650501672240803,0.5090403337969402
0.07652101191720677,0.5090403337969402
0.07653701380175659,0.5090403337969402
0.07655302238025517,0.5090403337969402
0.07656903765690376,0.5090403337969402
0.07658505963590709,0.5090403337969402
0.07660108832147342,0.5090403337969402
0.07661712371781453,0.5090403337969402
0.07663316582914573,0.5090403337969402
0.07664921465968587,0.5090403337969402
0.07666527021365731,0.5090403337969402
0.07668133249528598,0.5090403337969402
0.07669740150880135,0.5090403337969402
0.07671347725843639,0.5090403337969402
0.07672955974842767,0.5090403337969402
0.07674564898301531,0.5090403337969402
0.07676174496644295,0.5090403337969402
0.07656807216278581,0.5076495132127955
0.0765841376416282,0.5076495132127955
0.0763903462749213,0.5062586926286509
0.0764063811922754,0.5062586926286509
0.07642242284274617,0.5062586926286509
0.0762284754304914,0.5048678720445062
0.07624448645242596,0.5048678720445062
0.07626050420168068,0.5048678720445062
0.07627652868249632,0.5048678720445062
0.07629255989911728,0.5048678720445062
0.07632464255677039,0.5048678720445062
0.07634069400630915,0.5048678720445062
0.07635675220866639,0.5048678720445062
0.07616242373237955,0.5034770514603616
0.07617845117845118,0.5034770514603616
0.07619448537150074,0.5034770514603616
0.07621052631578948,0.5034770514603616
0.07622657401558222,0.5034770514603616
0.07624262847514743,0.5034770514603616
0.07625868969875711,0.5034770514603616
0.0762747576906869,0.5034770514603616
0.07632300231920726,0.5034770514603616
0.07633909742724589,0.5034770514603616
0.07635519932503691,0.5034770514603616
0.07637130801687764,0.5034770514603616
0.07640354579991558,0.5034770514603616
0.07641967489972556,0.5034770514603616
0.07643581081081081,0.5034770514603616
0.07654895326707549,0.5034770514603616
0.07656514382402707,0.5034770514603616
0.07659754549301735,0.5034770514603616
0.0764021164021164,0.502086230876217
0.07641828958509737,0.502086230876217
0.07648305084745763,0.502086230876217
0.07630351844001695,0.5006954102920723
0.07631969472122112,0.5006954102920723
0.0762208067940552,0.4993045897079277
0.0762369929921427,0.4993045897079277
0.07625318606627018,0.4993045897079277
0.07626938602082005,0.4993045897079277
0.0763018065887354,0.4993045897079277
0.07636673048287598,0.4993045897079277
0.07638297872340426,0.4993045897079277
0.07641549595572585,0.4993045897079277
0.07643176495635512,0.4993045897079277
0.07644804088586031,0.4993045897079277
0.07625133120340788,0.49791376912378305
0.0766250538097288,0.4951321279554937
0.07664155005382131,0.4951321279554937
0.07665805340223945,0.4951321279554937
0.07667456385957355,0.4951321279554937
0.07669108143041792,0.4951321279554937
0.07670760611937083,0.4951321279554937
0.07672413793103448,0.4951321279554937
0.0767406768700151,0.4951321279554937
0.07675722294092281,0.4951321279554937
0.07655811947379772,0.4937413073713491
0.07657463330457291,0.4937413073713491
0.07659115426105717,0.4937413073713491
0.07660768234786362,0.4937413073713491
0.07662421756960933,0.4937413073713491
0.07664075993091538,0.4937413073713491
0.07665730943640682,0.4937413073713491
0.07667386609071274,0.4937413073713491
0.0766904298984662,0.4937413073713491
0.07670700086430424,0.4937413073713491
0.07672357899286796,0.4937413073713491
0.07674016428880243,0.4937413073713491
0.07675675675675675,0.4937413073713491
0.07677335640138408,0.4937413073713491
0.07678996322734155,0.4937413073713491
0.07680657723929035,0.4937413073713491
0.0768231984418957,0.4937413073713491
0.07683982683982683,0.4937413073713491
0.07663996536046763,0.49235048678720444
0.07665656128194023,0.49235048678720444
0.07667316439246263,0.49235048678720444
0.07668977469670711,0.49235048678720444
0.07670639219934995,0.49235048678720444
0.07672301690507152,0.49235048678720444
0.07673964881855626,0.49235048678720444
0.07675628794449263,0.49235048678720444
0.07677293428757319,0.49235048678720444
0.07678958785249458,0.49235048678720444
0.07680624864395748,0.49235048678720444
0.07682291666666667,0.49235048678720444
0.07683959192533102,0.49235048678720444
0.07685627442466349,0.49235048678720444
0.07687296416938111,0.49235048678720444
0.07688966116420504,0.49235048678720444
0.07668911579404736,0.4909596662030598
0.0767057800956106,0.4909596662030598
0.07672245164094763,0.4909596662030598
0.07673913043478262,0.4909596662030598
0.07675581648184387,0.4909596662030598
0.07677250978686385,0.4909596662030598
0.07678921035457907,0.4909596662030598
0.07683935568132347,0.4909596662030598
0.07685608534726758,0.4909596662030598
0.07687282229965157,0.4909596662030598
0.07688956654323677,0.4909596662030598
0.07690631808278867,0.4909596662030598
0.07692307692307693,0.4909596662030598
0.07693984306887533,0.4909596662030598
0.07697339729611863,0.4909596662030598
0.07699018538713195,0.4909596662030598
0.07700698080279232,0.4909596662030598
0.0770237835478944,0.4909596662030598
0.07682234831951112,0.48956884561891517
0.07683911809648548,0.48956884561891517
0.07685589519650655,0.48956884561891517
0.07687267962437214,0.48956884561891517
0.07667103538663171,0.48817802503477054
0.07668778675988638,0.48817802503477054
0.07670454545454546,0.48817802503477054
0.07672131147540984,0.48817802503477054
0.07673808482728466,0.48817802503477054
0.07677165354330709,0.48817802503477054
0.07685570396321437,0.48817802503477054
0.07692307692307693,0.48817802503477054
0.07695680771760578,0.48817802503477054
0.07675438596491228,0.48678720445062584
0.07687239182956293,0.48678720445062584
0.07688927943760984,0.48678720445062584
0.07690617446715008,0.48678720445062584
0.07692307692307693,0.48678720445062584
0.07693998681028798,0.48678720445062584
0.07697382889817463,0.48678720445062584
0.07677078750549934,0.4853963838664812
0.07678767876787679,0.4853963838664812
0.07680457746478873,0.4853963838664812
0.07702582368655388,0.4812239221140473
0.07706013363028953,0.4812239221140473
0.07707730006683003,0.4812239221140473
0.0768716577540107,0.47983310152990266
0.07688878983730778,0.47983310152990266
0.07690592955862684,0.47983310152990266
0.07692307692307693,0.47983310152990266
0.07694023193577164,0.47983310152990266
0.07695739460182913,0.47983310152990266
0.07675145024542615,0.47844228094575797
0.07676857844231198,0.47844228094575797
0.07678571428571429,0.47844228094575797
0.07680285778075463,0.47844228094575797
0.07682000893255918,0.47844228094575797
0.07683716774625865,0.47844228094575797
0.07685433422698838,0.47844228094575797
0.07687150837988826,0.47844228094575797
0.07688869021010282,0.47844228094575797
0.07668231611893583,0.47705146036161333
0.0766994633273703,0.47705146036161333
0.07671661820621785,0.47705146036161333
0.07651006711409396,0.4756606397774687
0.07630342358469457,0.47426981919332406
0.07632050134288272,0.47426981919332406
0.07633758674725767,0.47426981919332406
0.07637178051511759,0.47426981919332406
0.0763888888888889,0.47426981919332406
0.07618194039883486,0.4728789986091794
0.0761990138951143,0.4728789986091794
0.07621609504595382,0.4728789986091794
0.07623318385650224,0.4728789986091794
0.07625028033191299,0.4728789986091794
0.07628449629795826,0.4728789986091794
0.0763016157989228,0.4728789986091794
0.07631874298540965,0.4728789986091794
0.0761455525606469,0.4714881780250348
0.07616266007638733,0.4714881780250348
0.07617977528089888,0.4714881780250348
0.07619689817936615,0.4714881780250348
0.07623116707892962,0.4714881780250348
0.07624831309041835,0.4714881780250348
0.07626546681664792,0.4714881780250348
0.07628262826282628,0.4714881780250348
0.07629979743416611,0.4714881780250348
0.07631697433588473,0.4714881780250348
0.07610898446295879,0.47009735744089015
0.07614327551250281,0.47009735744089015
0.0761604326273096,0.47009735744089015
0.07617759747577192,0.47009735744089015
0.07619477006311992,0.47009735744089015
0.0762119503945885,0.47009735744089015
0.07624633431085044,0.47009735744089015
0.07628074926653125,0.47009735744089015
0.0762979683972912,0.47009735744089015
0.07608941070219011,0.46870653685674546
0.07610659439927732,0.46870653685674546
0.07615819209039548,0.46870653685674546
0.07622709794164216,0.46870653685674546
0.07626159764652636,0.46870653685674546
0.07627885921231327,0.46870653685674546
0.07629612859406837,0.46870653685674546
0.07633069082672707,0.46870653685674546
0.0763479836882646,0.46870653685674546
0.0763652843870383,0.46870653685674546
0.07615593834995467,0.4673157162726008
0.0761904761904762,0.4673157162726008
0.0762077568609662,0.4673157162726008
0.07599818511796733,0.4659248956884562
0.07601542999773088,0.4659248956884562
0.07603268270540173,0.4659248956884562
0.07604994324631101,0.4659248956884562
0.0761017719218537,0.4659248956884562
0.0761190638491252,0.4659248956884562
0.07613636363636364,0.4659248956884562
0.07617098681218736,0.4659248956884562
0.07618831021150785,0.4659248956884562
0.07620564149226569,0.4659248956884562
0.07622298065984073,0.4659248956884562
0.07624032771961765,0.4659248956884562
0.07643166780743783,0.4659248956884562
0.07644910999543587,0.4659248956884562
0.07650148435715917,0.4659248956884562
0.07629054362722705,0.46453407510431155
0.07630797349782957,0.46453407510431155
0.0763254113345521,0.46453407510431155
0.07634285714285714,0.46453407510431155
0.07637777269608964,0.46453407510431155
0.07584140156754264,0.4575799721835883
0.07585888863269541,0.4575799721835883
0.07587638376383764,0.4575799721835883
0.07566320645905421,0.4561891515994437
0.07544993077988002,0.45479833101529904
0.0754673436418186,0.45479833101529904
0.07548476454293629,0.45479833101529904
0.07550219348880166,0.45479833101529904
0.07551963048498846,0.45479833101529904
0.07553707553707553,0.45479833101529904
0.07555452865064695,0.45479833101529904
0.07557198983129189,0.45479833101529904
0.07558945908460471,0.45479833101529904
0.07560693641618497,0.45479833101529904
0.07562442183163737,0.45479833101529904
0.07564191533657183,0.45479833101529904
0.07542804257288292,0.4534075104311544
0.0754454987271465,0.4534075104311544
0.07546296296296297,0.4534075104311544
0.07548043528594582,0.4534075104311544
0.07549791570171376,0.4534075104311544
0.07551540421589066,0.4534075104311544
0.07530120481927711,0.4520166898470097
0.07531865585168018,0.4520166898470097
0.07533611497450163,0.4520166898470097
0.07535358219336888,0.4520166898470097
0.07537105751391465,0.4520166898470097
0.07538854094177685,0.4520166898470097
0.07540603248259861,0.4520166898470097
0.07542353214202831,0.4520166898470097
0.07544103992571959,0.4520166898470097
0.075226375667518,0.4506258692628651
0.07524384579656293,0.4506258692628651
0.07526132404181185,0.4506258692628651
0.07527881040892194,0.4506258692628651
0.07529630490355566,0.4506258692628651
0.07531380753138076,0.4506258692628651
0.07533131829807022,0.4506258692628651
0.07534883720930233,0.4506258692628651
0.07536636427076064,0.4506258692628651
0.07538389948813401,0.4506258692628651
0.0754014428671166,0.4506258692628651
0.07541899441340782,0.4506258692628651
0.07523876077335197,0.44923504867872044
0.07525629077353216,0.44923504867872044
0.07527382894430203,0.44923504867872044
0.07529137529137529,0.44923504867872044
0.07530892982047097,0.44923504867872044
0.07534406344763238,0.44923504867872044
0.07536164255716285,0.44923504867872044
0.07539682539682539,0.44923504867872044
0.07518094793369134,0.4478442280945758
0.07496496964035497,0.44645340751043117
0.07498248072880168,0.44645340751043117
0.075,0.44645340751043117
0.07501752745968684,0.44645340751043117
0.07503506311360449,0.44645340751043117
0.07505260696750059,0.44645340751043117
0.07488883688275216,0.44506258692628653
0.0749063670411985,0.44506258692628653
0.07492390540856943,0.44506258692628653
0.07494145199063232,0.44506258692628653
0.07495900679315999,0.44506258692628653
0.07497656982193064,0.44506258692628653
0.07499414108272791,0.44506258692628653
0.07502930832356389,0.44506258692628653
0.07481238273921201,0.44367176634214184
0.07477075005878203,0.4422809457579972
0.07478833490122296,0.4422809457579972
0.0748059280169372,0.4422809457579972
0.0748235294117647,0.4422809457579972
0.07452380952380952,0.43532684283727396
0.07454155751369373,0.43532684283727396
0.07433881343817011,0.4339360222531293
0.07435653002859867,0.4339360222531293
0.07437425506555423,0.4339360222531293
0.07439198855507868,0.4339360222531293
0.07440973050321965,0.4339360222531293
0.07442748091603053,0.4339360222531293
0.0744452397995705,0.4339360222531293
0.07446300715990453,0.4339360222531293
0.07449856733524356,0.4339360222531293
0.07451636016240745,0.4339360222531293
0.07453416149068323,0.4339360222531293
0.07455197132616488,0.4339360222531293
0.0745697896749522,0.4339360222531293
0.07458761654315085,0.4339360222531293
0.0746054519368723,0.4339360222531293
0.07438411863190625,0.4325452016689847
0.07440191387559808,0.4325452016689847
0.07441971763579804,0.4325452016689847
0.07443752991862135,0.4325452016689847
0.07445535073018913,0.4325452016689847
0.07447318007662836,0.4325452016689847
0.07449101796407186,0.4325452016689847
0.07450886439865836,0.4325452016689847
0.07452671938653246,0.4325452016689847
0.07454458293384468,0.4325452016689847
0.07432270438743707,0.43115438108484005
0.07434052757793765,0.43115438108484005
0.07435835931878149,0.43115438108484005
0.07415406767458603,0.4297635605006954
0.07417186749879981,0.4297635605006954
0.07420749279538905,0.4297635605006954
0.07422531828008648,0.4297635605006954
0.07424315233061028,0.4297635605006954
0.07426099495313626,0.4297635605006954
0.07427884615384615,0.4297635605006954
0.07405626352488578,0.4283727399165508
0.07407407407407407,0.4283727399165508
0.07409189319220592,0.4283727399165508
0.0741097208854668,0.4283727399165508
0.07412755716004814,0.4283727399165508
0.07414540202214732,0.4283727399165508
0.07416325547796773,0.4283727399165508
0.07418111753371869,0.4283727399165508
0.07395808238978559,0.42698191933240615
0.07397590361445783,0.42698191933240615
0.07399373342974211,0.42698191933240615
0.07401157184185149,0.42698191933240615
0.07402941885700506,0.42698191933240615
0.07380607814761216,0.42559109874826145
0.0738238841978287,0.42559109874826145
0.07384169884169885,0.42559109874826145
0.07385952208544533,0.42559109874826145
0.0736359246740705,0.4242002781641168
0.07365370683409804,0.4242002781641168
0.073689296931626,0.4242002781641168
0.0737071048815853,0.4242002781641168
0.07372492144065748,0.4242002781641168
0.07374274661508703,0.4242002781641168
0.07376058041112454,0.4242002781641168
0.07377842283502661,0.4242002781641168
0.0738320019365771,0.4242002781641168
0.07384987893462469,0.4242002781641168
0.07388565891472869,0.4242002781641168
0.07390356190937727,0.4242002781641168
0.07410106899902819,0.4242002781641168
0.07411907654921021,0.4242002781641168
0.0741370928536704,0.4242002781641168
0.07415511791879406,0.4242002781641168
0.07419119435660423,0.4242002781641168
0.07420924574209246,0.4242002781641168
0.07398393769773667,0.4228094575799722
0.0740199659118578,0.4228094575799722
0.07403799318071115,0.4228094575799722
0.07405602923264312,0.4228094575799722
0.07407407407407407,0.4228094575799722
0.07376444553725105,0.4172461752433936
0.07378258730939498,0.4172461752433936
0.07380073800738007,0.4172461752433936
0.07381889763779527,0.4172461752433936
0.07383706620723603,0.4172461752433936
0.07385524372230429,0.4172461752433936
0.07387343018960847,0.4172461752433936
0.07389162561576355,0.4172461752433936
0.07390983000739099,0.4172461752433936
0.07392804337111877,0.4172461752433936
0.07369977816120286,0.41585535465924894
0.07371794871794872,0.41585535465924894
0.07373612823674476,0.41585535465924894
0.07375431672422299,0.41585535465924894
0.07377251418702196,0.41585535465924894
0.07379072063178677,0.41585535465924894
0.0738089360651691,0.41585535465924894
0.07382716049382716,0.41585535465924894
0.07384539392442578,0.41585535465924894
0.07386363636363637,0.41585535465924894
0.07388188781813688,0.41585535465924894
0.07390014829461196,0.41585535465924894
0.07391841779975278,0.41585535465924894
0.07393669634025717,0.41585535465924894
0.07395498392282958,0.41585535465924894
0.07399158624102944,0.41585535465924894
0.074009900990099,0.41585535465924894
0.07404655770183259,0.41585535465924894
0.07406489967797869,0.41585535465924894
0.07408325074331021,0.41585535465924894
0.07385377942998761,0.4144645340751043
0.07387208725830441,0.4144645340751043
0.07389040416563353,0.4144645340751043
0.07390873015873016,0.4144645340751043
0.07392706524435624,0.4144645340751043
0.07394540942928039,0.4144645340751043
0.07398212512413108,0.4144645340751043
0.0740004966476285,0.4144645340751043
0.07377049180327869,0.41307371349095967
0.0737888198757764,0.41307371349095967
0.07380715705765407,0.41307371349095967
0.0738255033557047,0.41307371349095967
0.073843858776728,0.41307371349095967
0.07361352897289232,0.41168289290681503
0.07365016173177408,0.41168289290681503
0.07366849178695868,0.41168289290681503
0.07370517928286853,0.41168289290681503
0.07347447073474471,0.4102920723226704
0.07349277528649725,0.4102920723226704
0.07351108896087714,0.4102920723226704
0.07352941176470588,0.4102920723226704
0.07356608478802992,0.4102920723226704
0.0734632683658171,0.4089012517385257
0.0735,0.4089012517385257
0.07351837959489872,0.4089012517385257
0.0735367683841921,0.4089012517385257
0.07355516637478109,0.4089012517385257
0.07362885048835462,0.4089012517385257
0.07364729458917836,0.4089012517385257
0.07366574793284891,0.4089012517385257
0.07372116349047142,0.4089012517385257
0.07373965387509406,0.4089012517385257
0.07375815353738083,0.4089012517385257
0.07377666248431619,0.4089012517385257
0.07379518072289157,0.4089012517385257
0.0731830843251456,0.4019471488178025
0.0732016210739615,0.4019471488178025
0.07322016721560679,0.4019471488178025
0.0732387227572225,0.4019471488178025
0.07325728770595691,0.4019471488178025
0.07327586206896551,0.4019471488178025
0.0732944458534111,0.4019471488178025
0.07331303906646372,0.4019471488178025
0.0733502538071066,0.4019471488178025
0.07311500380807312,0.40055632823365783
0.07313357034027425,0.40055632823365783
0.0731521463042926,0.40055632823365783
0.07317073170731707,0.40055632823365783
0.07318932655654384,0.40055632823365783
0.07320793085917641,0.40055632823365783
0.07322654462242563,0.40055632823365783
0.07324516785350967,0.40055632823365783
0.07326380055965404,0.40055632823365783
0.07302798982188295,0.3991655076495132
0.07304657673708323,0.3991655076495132
0.07306517311608961,0.3991655076495132
0.07308377896613191,0.3991655076495132
0.07310239429444727,0.3991655076495132
0.07312101910828026,0.3991655076495132
0.0728848114169215,0.39777468706536856
0.07290339026255417,0.39777468706536856
0.07292197858235594,0.39777468706536856
0.07295918367346939,0.39777468706536856
0.07297780045930084,0.39777468706536856
0.07299642674834099,0.39777468706536856
0.07301506254786827,0.39777468706536856
0.07303370786516854,0.39777468706536856
0.07305236270753512,0.39777468706536856
0.07307102708226877,0.39777468706536856
0.07308970099667775,0.39777468706536856
0.07310838445807771,0.39777468706536856
0.07312707747379187,0.39777468706536856
0.0731457800511509,0.39777468706536856
0.07316449219749296,0.39777468706536856
0.07318321392016376,0.39777468706536856
0.0732019452265165,0.39777468706536856
0.07296466973886329,0.3963838664812239
0.07298335467349552,0.3963838664812239
0.0730207532667179,0.3963838664812239
0.07278318810866223,0.3949930458970793
0.0728391895357784,0.3949930458970793
0.0728578758337609,0.3949930458970793
0.07293271700051361,0.3949930458970793
0.07295145132288723,0.3949930458970793
0.07297019527235354,0.3949930458970793
0.07298894885633513,0.3949930458970793
0.07302648495757263,0.3949930458970793
0.07280679187033702,0.39360222531293465
0.07282552753474009,0.39360222531293465
0.07284427284427285,0.39360222531293465
0.07286302780638516,0.39360222531293465
0.07303225806451613,0.39360222531293465
0.07306997159824426,0.39360222531293465
0.07310772410229915,0.39360222531293465
0.0731266149870801,0.39360222531293465
0.07314551563711554,0.39360222531293465
0.07301173402868318,0.3894297635605007
0.07303077725612937,0.3894297635605007
0.07304983042003653,0.3894297635605007
0.07306889352818371,0.3894297635605007
0.07308796658835813,0.3894297635605007
0.0731070496083551,0.3894297635605007
0.07312614259597806,0.3894297635605007
0.07314524555903866,0.3894297635605007
0.07316435850535667,0.3894297635605007
0.07318348144276006,0.3894297635605007
0.07320261437908497,0.3894297635605007
0.07322175732217573,0.3894297635605007
0.07324091027988491,0.3894297635605007
0.07326007326007326,0.3894297635605007
0.07327924627060979,0.3894297635605007
0.07329842931937172,0.3894297635605007
0.07331762241424457,0.3894297635605007
0.07335603877390622,0.3894297635605007
0.07339449541284404,0.3894297635605007
0.07341373885684321,0.3894297635605007
0.07343299239444008,0.3894297635605007
0.07345225603357818,0.3894297635605007
0.07347152978220939,0.3894297635605007
0.07349081364829396,0.3894297635605007
0.07351010763980047,0.3894297635605007
0.07356805044666316,0.3894297635605007
0.0735873850197109,0.3894297635605007
0.07360672975814932,0.3894297635605007
0.07362608466999737,0.3894297635605007
0.07364544976328248,0.3894297635605007
0.07366482504604052,0.3894297635605007
0.07368421052631578,0.3894297635605007
0.0737036062121611,0.3894297635605007
0.0737230121116377,0.3894297635605007
0.07374242823281538,0.3894297635605007
0.0737618545837724,0.3894297635605007
0.07378129117259552,0.3894297635605007
0.07380073800738007,0.3894297635605007
0.07382019509622989,0.3894297635605007
0.07385914006858349,0.3894297635605007
0.07387862796833773,0.3894297635605007
0.07389812615465823,0.3894297635605007
0.07391763463569166,0.3894297635605007
0.07393715341959335,0.3894297635605007
0.07395668251452721,0.3894297635605007
0.07371202113606341,0.38803894297635605
0.07373150105708245,0.38803894297635605
0.07375099127676447,0.38803894297635605
0.07377049180327869,0.38803894297635605
0.07379000264480297,0.38803894297635605
0.07382905530563641,0.38803894297635605
0.07384859714134463,0.38803894297635605
0.07386814932486101,0.38803894297635605
0.07388771186440678,0.38803894297635605
0.07394646170156374,0.38803894297635605
0.073966065747614,0.38803894297635605
0.07398568019093078,0.38803894297635605
0.07400530503978779,0.38803894297635605
0.07402494030246749,0.38803894297635605
0.07408390865639937,0.38803894297635605
0.07410358565737052,0.38803894297635605
0.07412327311370882,0.38803894297635605
0.07414297103374967,0.38803894297635605
0.07416267942583732,0.38803894297635605
0.0742218675179569,0.38803894297635605
0.07424161788185205,0.38803894297635605
0.07426137875964865,0.38803894297635605
0.0742811501597444,0.38803894297635605
0.07432072456046883,0.38803894297635605
0.07434052757793765,0.38803894297635605
0.07436034115138593,0.38803894297635605
0.07411356971474274,0.3866481223922114
0.07413333333333333,0.3866481223922114
0.07344632768361582,0.3796940194714882
0.07346609257265878,0.3796940194714882
0.07348586810228802,0.3796940194714882
0.07350565428109855,0.3796940194714882
0.07352545111769458,0.3796940194714882
0.07356507679870655,0.3796940194714882
0.07358490566037736,0.3796940194714882
0.07360474521434349,0.3796940194714882
0.07362459546925566,0.3796940194714882
0.07364445643377394,0.3796940194714882
0.07368421052631578,0.3796940194714882
0.07370410367170627,0.3796940194714882
0.07347379794705565,0.37830319888734354
0.07349365036476628,0.37830319888734354
0.07351351351351351,0.37830319888734354
0.07353338740200054,0.37830319888734354
0.07357316743305382,0.37830319888734354
0.0735930735930736,0.37830319888734354
0.07363291824580401,0.37830319888734354
0.07338207419442187,0.3769123783031989
0.07340195016251354,0.3769123783031989
0.07342183690056896,0.3769123783031989
0.07317073170731707,0.37552155771905427
0.07319056654920032,0.37552155771905427
0.07321041214750543,0.37552155771905427
0.07323026851098453,0.37552155771905427
0.07325013564839934,0.37552155771905427
0.0732899022801303,0.37552155771905427
0.07330980179201738,0.37552155771905427
0.07332971211298207,0.37552155771905427
0.07334963325183375,0.37552155771905427
0.07336956521739131,0.37552155771905427
0.07338950801848329,0.37552155771905427
0.0734094616639478,0.37552155771905427
0.07342942616263258,0.37552155771905427
0.07344940152339499,0.37552155771905427
0.07346938775510205,0.37552155771905427
0.07350939286686632,0.37552155771905427
0.07325708061002179,0.3741307371349096
0.07329700272479564,0.3741307371349096
0.07331698010357046,0.3741307371349096
0.07333696837513631,0.3741307371349096
0.07335696754840469,0.3741307371349096
0.07337697763229678,0.3741307371349096
0.07339699863574352,0.3741307371349096
0.07341703056768559,0.3741307371349096
0.07343707343707344,0.3741307371349096
0.07347719202403714,0.3741307371349096
0.07351735446843399,0.3741307371349096
0.07353745215965009,0.3741307371349096
0.0735575608422204,0.3741307371349096
0.07359781121751026,0.3741307371349096
0.07334428024083196,0.37273991655076494
0.07336435806186696,0.37273991655076494
0.07331136738056013,0.3713490959666203
0.07333150233452349,0.3713490959666203
0.07315731573157316,0.36995827538247567
0.07317744154057772,0.36995827538247567
0.07319757842597689,0.36995827538247567
0.07321772639691715,0.36995827538247567
0.07323788546255507,0.36995827538247567
0.07339449541284404,0.3671766342141864
0.07341490545050056,0.3671766342141864
0.07343532684283727,0.3671766342141864
0.07345575959933222,0.3671766342141864
0.07347620372947397,0.3671766342141864
0.07351712614870509,0.3671766342141864
0.07353760445682452,0.3671766342141864
0.07355809417665088,0.3671766342141864
0.07357859531772576,0.3671766342141864
0.07359910788960133,0.3671766342141864
0.0736196319018405,0.3671766342141864
0.07364016736401674,0.3671766342141864
0.07366071428571429,0.3671766342141864
0.07368127267652805,0.3671766342141864
0.07370184254606366,0.3671766342141864
0.07372242390393745,0.3671766342141864
0.07374301675977654,0.3671766342141864
0.07376362112321877,0.3671766342141864
0.0737842370039128,0.3671766342141864
0.07380486441151803,0.3671766342141864
0.07384615384615385,0.3671766342141864
0.07388748950461797,0.3671766342141864
0.07390817469204927,0.3671766342141864
0.07392887146457575,0.3671766342141864
0.07394957983193277,0.3671766342141864
0.07397029980386663,0.3671766342141864
0.07399103139013453,0.3671766342141864
0.07401177460050462,0.3671766342141864
0.07375210319685922,0.3657858136300417
0.07377279102384292,0.3657858136300417
0.07379349046015712,0.3657858136300417
0.07381420151557676,0.3657858136300417
0.0738349241998877,0.3657858136300417
0.07385565852288684,0.3657858136300417
0.07359550561797752,0.36439499304589706
0.07361618432143861,0.36439499304589706
0.0736575766095024,0.36439499304589706
0.07367829021372328,0.36439499304589706
0.07369901547116738,0.36439499304589706
0.07371975239167136,0.36439499304589706
0.07374050098508303,0.36439499304589706
0.07376126126126126,0.36439499304589706
0.07378203323007604,0.36439499304589706
0.07380281690140846,0.36439499304589706
0.073541842772612,0.36300417246175243
0.07356257046223225,0.36300417246175243
0.07358330983930082,0.36300417246175243
0.07360406091370558,0.36300417246175243
0.07362482369534555,0.36300417246175243
0.07364559819413093,0.36300417246175243
0.07366638441998306,0.36300417246175243
0.07372881355932204,0.36300417246175243
0.07374964679287935,0.36300417246175243
0.07350862312694374,0.3616133518776078
0.07352941176470588,0.3616133518776078
0.07355021216407355,0.3616133518776078
0.0735918482875743,0.3616133518776078
0.07361268403171008,0.3616133518776078
0.0736335315774568,0.3616133518776078
0.07345433919455474,0.36022253129346316
0.07347517730496454,0.36022253129346316
0.07367218732153055,0.3588317107093185
0.07369323050556983,0.3588317107093185
0.07371428571428572,0.3588317107093185
0.073735352957988,0.3588317107093185
0.07375643224699828,0.3588317107093185
0.07377752359164999,0.3588317107093185
0.07379862700228833,0.3588317107093185
0.07381974248927038,0.3588317107093185
0.07384087006296508,0.3588317107093185
0.07386200973375322,0.3588317107093185
0.07388316151202749,0.3588317107093185
0.0739043254081925,0.3588317107093185
0.07394668959587274,0.3588317107093185
0.07368119266055045,0.3574408901251738
0.07341554344708918,0.3560500695410292
0.07314974182444062,0.35465924895688455
0.07319173363949483,0.35465924895688455
0.07321274763135228,0.35465924895688455
0.0732548118356794,0.35465924895688455
0.07327586206896551,0.35465924895688455
0.07329692440356424,0.35465924895688455
0.07331799884991375,0.35465924895688455
0.07336018411967779,0.35465924895688455
0.07338129496402877,0.35465924895688455
0.07340241796200346,0.35465924895688455
0.0734235531241002,0.35465924895688455
0.07344470046082949,0.35465924895688455
0.07346585998271392,0.35465924895688455
0.07348703170028818,0.35465924895688455
0.07350821562409916,0.35465924895688455
0.07352941176470588,0.35465924895688455
0.07355062013267955,0.35465924895688455
0.07357184073860358,0.35465924895688455
0.0735930735930736,0.35465924895688455
0.07338919387460272,0.3532684283727399
0.07341040462427746,0.3532684283727399
0.07343162763804567,0.3532684283727399
0.07345286292654714,0.3532684283727399
0.07349537037037036,0.3532684283727399
0.07351664254703329,0.3532684283727399
0.07353792704111176,0.3532684283727399
0.07355922386330727,0.3532684283727399
0.07329084588644265,0.3518776077885953
0.07331208345407128,0.3518776077885953
0.07333333333333333,0.3518776077885953
0.07337587006960557,0.3518776077885953
0.07339715694807078,0.3518776077885953
0.07346109175377467,0.3518776077885953
0.07325581395348837,0.35048678720445064
0.07334109429569266,0.35048678720445064
0.07336244541484715,0.35048678720445064
0.0734051849694145,0.35048678720445064
0.07349081364829396,0.35048678720445064
0.073512252042007,0.35048678720445064
0.07353370294718413,0.35048678720445064
0.07357664233576643,0.35048678720445064
0.07359813084112149,0.35048678720445064
0.07343796268877702,0.34492350486787204
0.07345971563981042,0.34492350486787204
0.07348148148148148,0.34492350486787204
0.07350326022525193,0.34492350486787204
0.0735250518825971,0.34492350486787204
0.07354685646500593,0.34492350486787204
0.07356867398398101,0.34492350486787204
0.07359050445103858,0.34492350486787204
0.07361234787770853,0.34492350486787204
0.07333729216152018,0.3435326842837274
0.07335907335907337,0.3435326842837274
0.07338086749851455,0.3435326842837274
0.07340267459138188,0.3435326842837274
0.07342449464922711,0.3435326842837274
0.07344632768361582,0.3435326842837274
0.07346817370612731,0.3435326842837274
0.07349003272835465,0.3435326842837274
0.07351190476190476,0.3435326842837274
0.07353378981839834,0.3435326842837274
0.07355568790946992,0.3435326842837274
0.07357759904676794,0.3435326842837274
0.07332339791356185,0.34214186369958277
0.07334525939177101,0.34214186369958277
0.07336713390993141,0.34214186369958277
0.0733890214797136,0.34214186369958277
0.07341092211280215,0.34214186369958277
0.07343283582089552,0.34214186369958277
0.07345476261570619,0.34214186369958277
0.07347670250896057,0.34214186369958277
0.07349865551239916,0.34214186369958277
0.07352062163777645,0.34214186369958277
0.07354260089686099,0.34214186369958277
0.0735645933014354,0.34214186369958277
0.07358659886329644,0.34214186369958277
0.07330939557151406,0.34075104311543813
0.07333133792277761,0.34075104311543813
0.07335329341317365,0.34075104311543813
0.07337526205450734,0.34075104311543813
0.07339724385859796,0.34075104311543813
0.07311956847467785,0.33936022253129344
0.07314148681055156,0.33936022253129344
0.07316341829085457,0.33936022253129344
0.07318536292741452,0.33936022253129344
0.07320732073207321,0.33936022253129344
0.07322929171668667,0.33936022253129344
0.07325127589312519,0.33936022253129344
0.07327327327327328,0.33936022253129344
0.07329528386902974,0.33936022253129344
0.0733173076923077,0.33936022253129344
0.07333934475503456,0.33936022253129344
0.07336139506915214,0.33936022253129344
0.07338345864661654,0.33936022253129344
0.07340553549939831,0.33936022253129344
0.0734276256394824,0.33936022253129344
0.07344972907886815,0.33936022253129344
0.07347184582956941,0.33936022253129344
0.07349397590361446,0.33936022253129344
0.07353827606992164,0.33936022253129344
0.07325896894784444,0.3379694019471488
0.0732810615199035,0.3379694019471488
0.07332528666264333,0.3379694019471488
0.07334741925747057,0.3379694019471488
0.07336956521739131,0.3379694019471488
0.07341389728096677,0.3379694019471488
0.07343608340888486,0.3379694019471488
0.07345828295042321,0.3379694019471488
0.07348049591775023,0.3379694019471488
0.073502722323049,0.3379694019471488
0.07326672721768089,0.33657858136300417
0.07328891580860085,0.33657858136300417
0.07331111784307785,0.33657858136300417
0.07305244013337375,0.33518776077885953
0.07307459066100667,0.33518776077885953
0.07279344858962693,0.3337969401947149
0.07234432234432235,0.32962447844228093
0.07236641221374046,0.32962447844228093
0.07243276283618581,0.32962447844228093
0.07245490675634363,0.32962447844228093
0.07217125382262997,0.3282336578581363
0.07219333129397369,0.3282336578581363
0.07221542227662178,0.3282336578581363
0.0719314355677992,0.32684283727399166
0.07195345988977342,0.32684283727399166
0.07197549770290965,0.32684283727399166
0.07199754901960784,0.32684283727399166
0.07201961385228317,0.32684283727399166
0.07206378411530205,0.32684283727399166
0.07208588957055215,0.32684283727399166
0.07210800859159251,0.32684283727399166
0.07213014119091467,0.32684283727399166
0.07215228738102548,0.32684283727399166
0.07217444717444717,0.32684283727399166
0.07219662058371736,0.32684283727399166
0.07221880762138906,0.32684283727399166
0.07224100830003075,0.32684283727399166
0.07226322263222633,0.32684283727399166
0.0722854506305752,0.32684283727399166
0.07230769230769231,0.32684283727399166
0.07232994767620807,0.32684283727399166
0.07235221674876847,0.32684283727399166
0.07237449953803511,0.32684283727399166
0.07239679605668516,0.32684283727399166
0.0724191063174114,0.32684283727399166
0.07244143033292232,0.32684283727399166
0.07246376811594203,0.32684283727399166
0.07248611967921037,0.32684283727399166
0.07250848503548288,0.32684283727399166
0.07253086419753087,0.32684283727399166
0.07224451991355356,0.325452016689847
0.07226683137739345,0.325452016689847
0.07228915662650602,0.325452016689847
0.07200247218788627,0.3240611961057024
0.07202472952086553,0.3240611961057024
0.0720470006184292,0.3240611961057024
0.07206928549334983,0.3240611961057024
0.07209158415841584,0.3240611961057024
0.07211389662643145,0.3240611961057024
0.07213622291021672,0.3240611961057024
0.07215856302260762,0.3240611961057024
0.07218091697645601,0.3240611961057024
0.07220328478462969,0.3240611961057024
0.0722256664600124,0.3240611961057024
0.07224806201550388,0.3240611961057024
0.07229289481849209,0.3240611961057024
0.0723153320918684,0.3240611961057024
0.07213930348258707,0.3226703755215577
0.07216174183514774,0.3226703755215577
0.07220666044195456,0.3226703755215577
0.07196261682242991,0.32127955493741306
0.07198504206918042,0.32127955493741306
0.0720074812967581,0.32127955493741306
0.07202993451824134,0.32127955493741306
0.07209737827715355,0.32127955493741306
0.07211988760536997,0.32127955493741306
0.07214241099312929,0.32127955493741306
0.0718525460793502,0.3198887343532684
0.07210327455919395,0.3184979137691238
0.07181102362204725,0.31710709318497915
0.07183364839319471,0.31710709318497915
0.0718562874251497,0.31710709318497915
0.07187894073139975,0.31710709318497915
0.07190160832544938,0.31710709318497915
0.07160883280757098,0.3157162726008345
0.07163142947301988,0.3157162726008345
0.07167666561414587,0.3157162726008345
0.07169930511686672,0.3157162726008345
0.0717219589257504,0.3157162726008345
0.07174462705436156,0.3157162726008345
0.071767309516282,0.3157162726008345
0.07147375079063883,0.3143254520166898
0.07151898734177216,0.3143254520166898
0.07154162709718265,0.3143254520166898
0.07156428119062698,0.3143254520166898
0.07158694963573012,0.3143254520166898
0.07160963244613434,0.3143254520166898
0.07165504121750159,0.3143254520166898
0.07167776720583571,0.3143254520166898
0.0717005076142132,0.3143254520166898
0.07172326245636305,0.3143254520166898
0.07174603174603175,0.3143254520166898
0.07176881549698316,0.3143254520166898
0.07179161372299873,0.3143254520166898
0.07181442643787735,0.3143254520166898
0.07183725365543547,0.3143254520166898
0.07186009538950715,0.3143254520166898
0.07188295165394402,0.3143254520166898
0.07190582246261533,0.3143254520166898
0.07192870782940802,0.3143254520166898
0.07195160776822668,0.3143254520166898
0.07197452229299363,0.3143254520166898
0.07199745141764893,0.3143254520166898
0.07202039515615041,0.3143254520166898
0.07204335352247371,0.3143254520166898
0.07208931419457736,0.3143254520166898
0.07211231652839821,0.3143254520166898
0.07213533354612192,0.3143254520166898
0.07215836526181353,0.3143254520166898
0.07218141168955605,0.3143254520166898
0.07220447284345048,0.3143254520166898
0.07222754873761585,0.3143254520166898
0.07227374480332587,0.3143254520166898
0.07232,0.3143254520166898
0.07234314980793854,0.3143254520166898
0.07236631444124239,0.3143254520166898
0.0723894939141576,0.3143254520166898
0.07241268824094842,0.3143254520166898
0.07243589743589744,0.3143254520166898
0.07245912151330555,0.3143254520166898
0.07252888318356868,0.3143254520166898
0.07255216693418941,0.3143254520166898
0.07257546563904946,0.3143254520166898
0.07234726688102894,0.3129346314325452
0.07237053715020907,0.3129346314325452
0.07239382239382239,0.3129346314325452
0.07241712262632764,0.3129346314325452
0.07274490785645005,0.3129346314325452
0.07276843467011643,0.3129346314325452
0.07279197670656745,0.3129346314325452
0.07281553398058252,0.3129346314325452
0.07283910650696018,0.3129346314325452
0.07286269430051813,0.3129346314325452
0.0728862973760933,0.3129346314325452
0.0729099157485418,0.3129346314325452
0.07293354943273905,0.3129346314325452
0.07295719844357977,0.3129346314325452
0.07298086279597794,0.3129346314325452
0.07300454250486697,0.3129346314325452
0.0730282375851996,0.3129346314325452
0.07305194805194805,0.3129346314325452
0.07307567392010393,0.3129346314325452
0.07309941520467836,0.3129346314325452
0.07312317192070199,0.3129346314325452
0.07314694408322497,0.3129346314325452
0.07317073170731707,0.3129346314325452
0.07319453480806766,0.3129346314325452
0.07289293849658314,0.31154381084840055
0.07291666666666667,0.31154381084840055
0.07294041028980788,0.31154381084840055
0.07296416938110749,0.31154381084840055
0.07298794395568589,0.31154381084840055
0.07301173402868318,0.31154381084840055
0.07303553961525922,0.31154381084840055
0.0730593607305936,0.31154381084840055
0.0730831973898858,0.31154381084840055
0.0731070496083551,0.31154381084840055
0.07313091740124061,0.31154381084840055
0.07315480078380143,0.31154381084840055
0.07317869977131657,0.31154381084840055
0.07320261437908497,0.31154381084840055
0.07322654462242563,0.31154381084840055
0.07325049051667756,0.31154381084840055
0.07327445207719988,0.31154381084840055
0.07329842931937172,0.31154381084840055
0.07332242225859247,0.31154381084840055
0.0733464309102816,0.31154381084840055
0.0733704552898788,0.31154381084840055
0.07339449541284404,0.31154381084840055
0.07341855129465749,0.31154381084840055
0.07344262295081967,0.31154381084840055
0.07346671039685143,0.31154381084840055
0.07349081364829396,0.31154381084840055
0.0735149327207089,0.31154381084840055
0.07353906762967827,0.31154381084840055
0.07361156753204075,0.31154381084840055
0.07335526315789474,0.3101529902642559
0.07340355497037525,0.3101529902642559
0.07342772472835035,0.3101529902642559
0.07345191040843214,0.3101529902642559
0.07353428287512422,0.3087621696801113
0.07358302949950282,0.3087621696801113
0.07360742705570292,0.3087621696801113
0.0736318407960199,0.3087621696801113
0.07365627073656271,0.3087621696801113
0.07334882177231995,0.30737134909596664
0.07337317397078354,0.30737134909596664
0.07339754234473597,0.30737134909596664
0.07344632768361582,0.30737134909596664
0.07347074468085106,0.30737134909596664
0.0734951779181909,0.30737134909596664
0.07351962741184298,0.30737134909596664
0.0735440931780366,0.30737134909596664
0.07356857523302264,0.30737134909596664
0.0735930735930736,0.30737134909596664
0.07361758827448368,0.30737134909596664
0.07364211929356881,0.30737134909596664
0.07366666666666667,0.30737134909596664
0.07369123041013671,0.30737134909596664
0.07371581054036024,0.30737134909596664
0.07374040707374041,0.30737134909596664
0.07376502002670227,0.30737134909596664
0.07378964941569283,0.30737134909596664
0.07381429525718103,0.30737134909596664
0.07383895756765786,0.30737134909596664
0.07386363636363637,0.30737134909596664
0.07388833166165162,0.30737134909596664
0.07391304347826087,0.30737134909596664
0.07396251673360107,0.30737134909596664
0.07398727820555742,0.30737134909596664
0.0740120562625586,0.30737134909596664
0.07406166219839141,0.30737134909596664
0.07408649011062689,0.30737134909596664
0.07411133467471495,0.30737134909596664
0.07421087978509067,0.30737134909596664
0.07423580786026202,0.30737134909596664
0.07426075268817205,0.30737134909596664
0.07428571428571429,0.30737134909596664
0.0743606998654105,0.30737134909596664
0.07438572871087176,0.30737134909596664
0.07441077441077441,0.30737134909596664
0.07443583698214887,0.30737134909596664
0.07446091644204851,0.30737134909596664
0.07462686567164178,0.30598052851182195
0.07465218866644045,0.30598052851182195
0.0746775288526816,0.30598052851182195
0.07470288624787776,0.30598052851182195
0.07472826086956522,0.30598052851182195
0.07475365273530411,0.30598052851182195
0.07477906186267845,0.30598052851182195
0.07480448826929616,0.30598052851182195
0.07482993197278912,0.30598052851182195
0.0748553929908132,0.30598052851182195
0.07454050374404357,0.3045897079276773
0.07422540006809669,0.3031988873435327
0.07425068119891008,0.3031988873435327
0.07427597955706984,0.3031988873435327
0.07430129516019086,0.3031988873435327
0.07398568019093078,0.30180806675938804
0.07401091405184175,0.30180806675938804
0.07403616513135448,0.30180806675938804
0.07408671901672925,0.30180806675938804
0.0741120218579235,0.30180806675938804
0.07413734198838401,0.30180806675938804
0.07416267942583732,0.30180806675938804
0.07418803418803419,0.30180806675938804
0.07421340629274965,0.30180806675938804
0.0742387957577831,0.30180806675938804
0.07428962684012325,0.30180806675938804
0.07431506849315068,0.30180806675938804
0.07434052757793765,0.30180806675938804
0.07436600411240575,0.30180806675938804
0.0743914981145012,0.30180806675938804
0.07441700960219479,0.30180806675938804
0.07444253859348199,0.30180806675938804
0.07451923076923077,0.30180806675938804
0.07454482995534181,0.30180806675938804
0.07425232038501203,0.3004172461752434
0.07427785419532325,0.3004172461752434
0.0743289745354439,0.3004172461752434
0.07435456110154905,0.3004172461752434
0.0743801652892562,0.3004172461752434
0.07443142660234321,0.3004172461752434
0.07445708376421924,0.3004172461752434
0.07448275862068965,0.3004172461752434
0.07450845119006554,0.3004172461752434
0.07453416149068323,0.3004172461752434
0.07455988954090438,0.3004172461752434
0.07458563535911603,0.3004172461752434
0.07461139896373056,0.3004172461752434
0.07466297960594538,0.3004172461752434
0.074714631615358,0.3004172461752434
0.07444598337950138,0.29902642559109877
0.0744717700034638,0.29902642559109877
0.07449757449757449,0.29902642559109877
0.07452339688041594,0.29902642559109877
0.07454923717059639,0.29902642559109877
0.07457509538674992,0.29902642559109877
0.07452764170748775,0.29624478442280944
0.07455372768638432,0.29624478442280944
0.07457983193277311,0.29624478442280944
0.07463209530483532,0.29624478442280944
0.07465825446898001,0.29624478442280944
0.07468443197755961,0.29624478442280944
0.07471062784987724,0.29624478442280944
0.07473684210526316,0.29624478442280944
0.07476307476307477,0.29624478442280944
0.07478932584269662,0.29624478442280944
0.07481559536354057,0.29624478442280944
0.07484188334504568,0.29624478442280944
0.07486818980667838,0.29624478442280944
0.07454289732770746,0.2948539638386648
0.07421737601125572,0.29346314325452016
0.07424349049964814,0.29346314325452016
0.07426962337205209,0.29346314325452016
0.07429577464788732,0.29346314325452016
0.07432194434660092,0.29346314325452016
0.07434813248766738,0.29346314325452016
0.07437433909058865,0.29346314325452016
0.07440056417489421,0.29346314325452016
0.07442680776014109,0.29346314325452016
0.0744530698659139,0.29346314325452016
0.07447935051182492,0.29346314325452016
0.07450564971751412,0.29346314325452016
0.07453196750264925,0.29346314325452016
0.07455830388692579,0.29346314325452016
0.07458465889006716,0.29346314325452016
0.0746110325318246,0.29346314325452016
0.07463742483197736,0.29346314325452016
0.07466383581033263,0.29346314325452016
0.07471671388101983,0.29346314325452016
0.07474318101310662,0.29346314325452016
0.07476966690290573,0.29346314325452016
0.07479617157036512,0.29346314325452016
0.07482269503546099,0.29346314325452016
0.07487579843860895,0.29346314325452016
0.07500888730892286,0.29346314325452016
0.07503556187766713,0.29346314325452016
0.07506225542511562,0.29346314325452016
0.07508896797153025,0.29346314325452016
0.07430007178750897,0.28789986091794156
0.07432675044883304,0.28789986091794156
0.07435344827586207,0.28789986091794156
0.0743801652892562,0.28789986091794156
0.07440690150970525,0.28789986091794156
0.0744336569579288,0.28789986091794156
0.07446043165467627,0.28789986091794156
0.07448722562072688,0.28789986091794156
0.07451403887688984,0.28789986091794156
0.07454087144400433,0.28789986091794156
0.07456772334293948,0.28789986091794156
0.0745945945945946,0.28789986091794156
0.07462148521989906,0.28789986091794156
0.07467532467532467,0.28789986091794156
0.07470227354745579,0.28789986091794156
0.07436823104693141,0.2865090403337969
0.07439508847959553,0.2865090403337969
0.07442196531791907,0.2865090403337969
0.07444886158294181,0.2865090403337969
0.07447577729573392,0.2865090403337969
0.07450271247739602,0.2865090403337969
0.07452966714905933,0.2865090403337969
0.07455664133188564,0.2865090403337969
0.07458363504706735,0.2865090403337969
0.0746106483158276,0.2865090403337969
0.07427536231884058,0.2851182197496523
0.07430228343602754,0.2851182197496523
0.07432922407541696,0.2851182197496523
0.07435618425825172,0.2851182197496523
0.07438316400580551,0.2851182197496523
0.07441016333938294,0.2851182197496523
0.07443718228031954,0.2851182197496523
0.07446422084998183,0.2851182197496523
0.07449127906976744,0.2851182197496523
0.07451835696110505,0.2851182197496523
0.07454545454545454,0.2851182197496523
0.07457257184430702,0.2851182197496523
0.07459970887918486,0.2851182197496523
0.07462686567164178,0.2851182197496523
0.07428987618353969,0.28372739916550765
0.07431693989071038,0.28372739916550765
0.07403355215171407,0.282336578581363
0.07406056183874499,0.282336578581363
0.07408759124087591,0.282336578581363
0.0737495436290617,0.2809457579972184
0.07377647918188458,0.2809457579972184
0.07380343441724516,0.2809457579972184
0.07383040935672515,0.2809457579972184
0.07385740402193784,0.2809457579972184
0.07357247437774524,0.2795549374130737
0.07359941413401684,0.2795549374130737
0.07368035190615836,0.2795549374130737
0.07373440939104915,0.2795549374130737
0.07376146788990826,0.2795549374130737
0.07381564450973191,0.2795549374130737
0.07386990077177508,0.2795549374130737
0.07389705882352941,0.2795549374130737
0.07392423685178375,0.2795549374130737
0.07328869047619048,0.27399165507649514
0.07334326135517498,0.27399165507649514
0.07337057728119181,0.27399165507649514
0.073397913561848,0.27399165507649514
0.07305255311218785,0.2726008344923505
0.07307979120059657,0.2726008344923505
0.0731070496083551,0.2726008344923505
0.07313432835820896,0.2726008344923505
0.07278835386338185,0.2712100139082058
0.07281553398058252,0.2712100139082058
0.07284273440418379,0.2712100139082058
0.07249626307922272,0.2698191933240612
0.0725233644859813,0.2698191933240612
0.07255048616305161,0.2698191933240612
0.07257762813318369,0.2698191933240612
0.07260479041916168,0.2698191933240612
0.07225758143017597,0.26842837273991654
0.07228464419475655,0.26842837273991654
0.07231172723866616,0.26842837273991654
0.07233883058470765,0.26842837273991654
0.07236595425571804,0.26842837273991654
0.0724202626641651,0.26842837273991654
0.07244744744744745,0.26842837273991654
0.07247465264739016,0.26842837273991654
0.07250187828700225,0.26842837273991654
0.07252912438932732,0.26842837273991654
0.07255639097744361,0.26842837273991654
0.07220759684091764,0.2670375521557719
0.07223476297968397,0.2670375521557719
0.07226194956718103,0.2670375521557719
0.07228915662650602,0.2670375521557719
0.07234363225320271,0.2670375521557719
0.07199396909159442,0.26564673157162727
0.07204828366654092,0.26564673157162727
0.07207547169811321,0.26564673157162727
0.07210268025670064,0.26564673157162727
0.07212990936555891,0.26564673157162727
0.07215715904797884,0.26564673157162727
0.07218442932728647,0.26564673157162727
0.07226636398032539,0.26564673157162727
0.07229371688115065,0.26564673157162727
0.07232109049602424,0.26564673157162727
0.07234848484848484,0.26564673157162727
0.07237589996210686,0.26564673157162727
0.07240333586050038,0.26564673157162727
0.07178312332951509,0.2614742698191933
0.0718105423987777,0.2614742698191933
0.07183798242262132,0.2614742698191933
0.07186544342507645,0.2614742698191933
0.07189292543021032,0.2614742698191933
0.07194795254496747,0.2614742698191933
0.07197549770290965,0.2614742698191933
0.07200306396016852,0.2614742698191933
0.07203065134099616,0.2614742698191933
0.07205825986968187,0.2614742698191933
0.07208588957055215,0.2614742698191933
0.07211354046797085,0.2614742698191933
0.07214121258633922,0.2614742698191933
0.07216890595009597,0.2614742698191933
0.07219662058371736,0.2614742698191933
0.0722521137586472,0.2614742698191933
0.0722798923490965,0.2614742698191933
0.07230769230769231,0.2614742698191933
0.07233551365909965,0.2614742698191933
0.07236335642802155,0.2614742698191933
0.07239122063919907,0.2614742698191933
0.0724191063174114,0.2614742698191933
0.07244701348747591,0.2614742698191933
0.07211723871962977,0.26008344923504867
0.07214506172839506,0.26008344923504867
0.07217290621381706,0.26008344923504867
0.0722007722007722,0.26008344923504867
0.07222865971417536,0.26008344923504867
0.0722565687789799,0.26008344923504867
0.07228449942017781,0.26008344923504867
0.07234042553191489,0.26008344923504867
0.07236842105263158,0.26008344923504867
0.07242447714949651,0.26008344923504867
0.07245253777605579,0.26008344923504867
0.07256499805975941,0.26008344923504867
0.07220496894409938,0.25869262865090403
0.07223300970873786,0.25869262865090403
0.07226107226107226,0.25869262865090403
0.07228915662650602,0.25869262865090403
0.07231726283048212,0.25869262865090403
0.07237354085603113,0.25869262865090403
0.0724017127286882,0.25869262865090403
0.07242990654205607,0.25869262865090403
0.07262787973447872,0.25869262865090403
0.07265625,0.25869262865090403
0.07235041063746578,0.2573018080667594
0.07237871674491393,0.2573018080667594
0.07283464566929133,0.2573018080667594
0.07286333202048051,0.2573018080667594
0.07289204097714735,0.2573018080667594
0.07292077256602286,0.2573018080667594
0.07294952681388013,0.2573018080667594
0.07297830374753451,0.2573018080667594
0.07300710339384373,0.2573018080667594
0.07303592577970786,0.2573018080667594
0.0730647709320695,0.2573018080667594
0.07309363887791387,0.2573018080667594
0.07312252964426877,0.2573018080667594
0.07320933913731698,0.2573018080667594
0.07323832145684878,0.2573018080667594
0.07326732673267326,0.2573018080667594
0.07329635499207607,0.2573018080667594
0.07332540626238605,0.2573018080667594
0.07335448057097542,0.2573018080667594
0.07341269841269842,0.2573018080667594
0.07344184200079397,0.2573018080667594
0.07307386814932486,0.25591098748261476
0.07270560190703218,0.2545201668984701
0.07273449920508744,0.2545201668984701
0.07276341948310139,0.2545201668984701
0.07245222929936306,0.25312934631432543
0.0724810832337714,0.25312934631432543
0.07211155378486056,0.2517385257301808
0.07225548902195608,0.2517385257301808
0.07228434504792332,0.2517385257301808
0.07220653489310205,0.24895688456189152
0.07183212267958031,0.24756606397774686
0.07186112232539363,0.24756606397774686
0.07189014539579967,0.24756606397774686
0.07151515151515152,0.24617524339360222
0.07154405820533549,0.24617524339360222
0.0715729882733522,0.24617524339360222
0.07122622420072845,0.24478442280945759
0.07125506072874493,0.24478442280945759
0.07128392061563386,0.24478442280945759
0.0713128038897893,0.24478442280945759
0.0713417105796514,0.24478442280945759
0.07096512570965126,0.24339360222531292
0.07099391480730223,0.24339360222531292
0.07102272727272728,0.24339360222531292
0.07105156313438896,0.24339360222531292
0.0710804224207961,0.24339360222531292
0.07110930516050386,0.24339360222531292
0.07073170731707316,0.24200278164116829
0.07076047173647824,0.24200278164116829
0.07078925956061839,0.24200278164116829
0.07081807081807082,0.24200278164116829
0.07084690553745929,0.24200278164116829
0.07046843177189409,0.24061196105702365
0.07049714751426243,0.24061196105702365
0.07052588666938443,0.24061196105702365
0.07055464926590538,0.24061196105702365
0.07058343533251733,0.24061196105702365
0.07061224489795918,0.24061196105702365
0.07023274806043282,0.23922114047287898
0.07029015120555783,0.23922114047287898
0.07031888798037612,0.23922114047287898
0.0703476482617587,0.23922114047287898
0.07037643207855974,0.23922114047287898
0.07040523945968072,0.23922114047287898
0.07043407043407043,0.23922114047287898
0.07046292503072511,0.23922114047287898
0.07057858022158392,0.23922114047287898
0.07060755336617405,0.23922114047287898
0.07063655030800821,0.23922114047287898
0.07069461570078094,0.23922114047287898
0.07078189300411522,0.23922114047287898
0.0708110333470564,0.23922114047287898
0.07084019769357495,0.23922114047287898
0.07086938607334158,0.23922114047287898
0.07089859851607584,0.23922114047287898
0.07095709570957096,0.23922114047287898
0.07101568951279934,0.23922114047287898
0.07104502271788517,0.23922114047287898
0.070568700705687,0.2364394993045897
0.07059800664451828,0.2364394993045897
0.07062733693394267,0.2364394993045897
0.07065669160432253,0.2364394993045897
0.07068607068607069,0.2364394993045897
0.07071547420965059,0.2364394993045897
0.07074490220557636,0.2364394993045897
0.07080383173677635,0.2364394993045897
0.07083333333333333,0.2364394993045897
0.07086285952480201,0.2364394993045897
0.07047539616346955,0.23504867872044508
0.07008760951188986,0.2336578581363004
0.07011686143572621,0.2336578581363004
0.07014613778705636,0.2336578581363004
0.07017543859649122,0.2336578581363004
0.07020476389469285,0.2336578581363004
0.07023411371237458,0.2336578581363004
0.07026348808030113,0.2336578581363004
0.07029288702928871,0.2336578581363004
0.07035175879396985,0.2336578581363004
0.07038123167155426,0.2336578581363004
0.07041072925398156,0.2336578581363004
0.07044025157232704,0.2336578581363004
0.07046979865771812,0.2336578581363004
0.07049937054133446,0.2336578581363004
0.07010915197313182,0.23226703755215578
0.07013859722805543,0.23226703755215578
0.07016806722689076,0.23226703755215578
0.0701975620008407,0.23226703755215578
0.07022708158116064,0.23226703755215578
0.0702566259991586,0.23226703755215578
0.07028619528619529,0.23226703755215578
0.0703157894736842,0.23226703755215578
0.07034540859309182,0.23226703755215578
0.07037505267593763,0.23226703755215578
0.0699831365935919,0.23087621696801114
0.07001265288907633,0.23087621696801114
0.06960950764006792,0.22809457579972184
0.06963906581740976,0.22809457579972184
0.06927326816829579,0.2267037552155772
0.06930272108843537,0.2267037552155772
0.06933219906422798,0.2267037552155772
0.06936170212765957,0.2267037552155772
0.06939123031077055,0.2267037552155772
0.06942078364565588,0.2267037552155772
0.06945036216446528,0.2267037552155772
0.06905370843989769,0.22531293463143254
0.06865671641791045,0.2239221140472879
0.06868600682593856,0.2239221140472879
0.068715322236449,0.2239221140472879
0.06874466268146882,0.2239221140472879
0.06877402819307989,0.2239221140472879
0.06880341880341881,0.2239221140472879
0.06883283454467722,0.2239221140472879
0.0688622754491018,0.2239221140472879
0.06889174154899444,0.2239221140472879
0.06892123287671233,0.2239221140472879
0.06895074946466809,0.2239221140472879
0.0689802913453299,0.2239221140472879
0.0690098585512216,0.2239221140472879
0.06903945111492281,0.2239221140472879
0.06906906906906907,0.2239221140472879
0.06909871244635193,0.2239221140472879
0.0691283812795191,0.2239221140472879
0.06915807560137457,0.2239221140472879
0.06875805758487323,0.22253129346314326
0.06878761822871883,0.22253129346314326
0.06881720430107527,0.22253129346314326
0.06884681583476764,0.22253129346314326
0.06887645286267757,0.22253129346314326
0.06890611541774333,0.22253129346314326
0.06893580353295993,0.22253129346314326
0.06896551724137931,0.22253129346314326
0.0685640362225097,0.2211404728789986
0.06862321968062149,0.2211404728789986
0.06880138468195586,0.2211404728789986
0.06883116883116883,0.2211404728789986
0.06886097877869207,0.2211404728789986
0.06889081455805893,0.2211404728789986
0.06851691240242845,0.21974965229485396
0.0685466377440347,0.21974965229485396
0.06812227074235808,0.21696801112656466
0.06815203145478375,0.21696801112656466
0.06818181818181818,0.21696801112656466
0.06821163095758635,0.21696801112656466
0.06824146981627296,0.21696801112656466
0.06827133479212254,0.21696801112656466
0.06786339754816112,0.21557719054242003
0.06789312308366185,0.21557719054242003
0.06792287467134094,0.21557719054242003
0.06795265234546252,0.21557719054242003
0.06798245614035088,0.21557719054242003
0.06801228609039052,0.21557719054242003
0.06804214223002635,0.21557719054242003
0.06807202459376373,0.21557719054242003
0.06810193321616871,0.21557719054242003
0.0681618293755497,0.21557719054242003
0.06819181698196217,0.21557719054242003
0.0682218309859155,0.21557719054242003
0.06825187142228094,0.21557719054242003
0.06831203173204055,0.21557719054242003
0.06840247131509268,0.21557719054242003
0.0684326710816777,0.21557719054242003
0.06846289752650177,0.21557719054242003
0.06852343059239611,0.21557719054242003
0.06855373728438743,0.21557719054242003
0.06858407079646017,0.21557719054242003
0.06861443116423196,0.21557719054242003
0.06867523260965884,0.21557719054242003
0.06870567375886524,0.21557719054242003
0.06876663708961846,0.21557719054242003
0.06879715934309809,0.21557719054242003
0.06838365896980461,0.2141863699582754
0.06844444444444445,0.2141863699582754
0.06850533807829182,0.2141863699582754
0.06853582554517133,0.2141863699582754
0.06857911250560286,0.21279554937413073
0.06860986547085202,0.21279554937413073
0.06867145421903052,0.21279554937413073
0.06870229007633588,0.21279554937413073
0.06873315363881402,0.21279554937413073
0.06831460674157304,0.2114047287899861
0.0683453237410072,0.2114047287899861
0.06837606837606838,0.2114047287899861
0.06840684068406841,0.2114047287899861
0.06843764070238631,0.2114047287899861
0.06846846846846846,0.2114047287899861
0.06849932401982875,0.2114047287899861
0.06807935076645627,0.21001390820584145
0.06811005863779883,0.21001390820584145
0.06814079422382671,0.21001390820584145
0.06817155756207675,0.21001390820584145
0.06820234869015357,0.21001390820584145
0.06823316764572977,0.21001390820584145
0.06826401446654612,0.21001390820584145
0.06832579185520361,0.21001390820584145
0.06835672249886826,0.21001390820584145
0.06838768115942029,0.21001390820584145
0.06841866787494336,0.21001390820584145
0.06844968268359021,0.21001390820584145
0.06848072562358276,0.21001390820584145
0.06851179673321234,0.21001390820584145
0.06854289605083977,0.21001390820584145
0.06857402361489555,0.21001390820584145
0.06860517946388005,0.21001390820584145
0.06863636363636363,0.21001390820584145
0.06866757617098682,0.21001390820584145
0.06869881710646042,0.21001390820584145
0.06873008648156577,0.21001390820584145
0.06876138433515483,0.21001390820584145
0.06879271070615034,0.21001390820584145
0.0689183021451392,0.21001390820584145
0.06898126998629511,0.21001390820584145
0.06847426470588236,0.20723226703755215
0.06850574712643678,0.20723226703755215
0.06853725850965961,0.20723226703755215
0.06856879889553613,0.20723226703755215
0.06860036832412524,0.20723226703755215
0.06866359447004608,0.20723226703755215
0.06869525126786538,0.20723226703755215
0.06829718504845408,0.20584144645340752
0.06832871652816251,0.20584144645340752
0.06836027713625865,0.20584144645340752
0.06839186691312385,0.20584144645340752
0.06842348589921406,0.20584144645340752
0.06845513413506013,0.20584144645340752
0.06848681166126794,0.20584144645340752
0.06851851851851852,0.20584144645340752
0.06855025474756832,0.20584144645340752
0.0685820203892493,0.20584144645340752
0.06861381548446917,0.20584144645340752
0.0686456400742115,0.20584144645340752
0.06867749419953596,0.20584144645340752
0.06870937790157845,0.20584144645340752
0.0687732342007435,0.20584144645340752
0.06880520688052069,0.20584144645340752
0.06883720930232558,0.20584144645340752
0.068869241507678,0.20584144645340752
0.06890130353817504,0.20584144645340752
0.06893339543549139,0.20584144645340752
0.06896551724137931,0.20584144645340752
0.06853146853146853,0.20445062586926285
0.06856343283582089,0.20445062586926285
0.06859542697153523,0.20445062586926285
0.06862745098039216,0.20445062586926285
0.06865950490425035,0.20445062586926285
0.06872370266479663,0.20445062586926285
0.0691114245416079,0.20445062586926285
0.06914393226716839,0.20445062586926285
0.0691764705882353,0.20445062586926285
0.0692090395480226,0.20445062586926285
0.06924163918982572,0.20445062586926285
0.06927426955702168,0.20445062586926285
0.06930693069306931,0.20445062586926285
0.06933962264150943,0.20445062586926285
0.06937234544596507,0.20445062586926285
0.06940509915014165,0.20445062586926285
0.06896551724137931,0.20305980528511822
0.06899810964083176,0.20305980528511822
0.0690307328605201,0.20305980528511822
0.06906338694418164,0.20305980528511822
0.06909607193563654,0.20305980528511822
0.06912878787878787,0.20305980528511822
0.06916153481762198,0.20305980528511822
0.06919431279620854,0.20305980528511822
0.06922712185870081,0.20305980528511822
0.06925996204933586,0.20305980528511822
0.06881822496440437,0.20166898470097358
0.06885090218423552,0.20166898470097358
0.06844106463878327,0.20027816411682892
0.06847360912981455,0.20027816411682892
0.06850618458610847,0.20027816411682892
0.06853879105188006,0.20027816411682892
0.06857142857142857,0.20027816411682892
0.06823642479577126,0.19749652294853964
0.06826923076923076,0.19749652294853964
0.06830206830206831,0.19749652294853964
0.068334937439846,0.19749652294853964
0.06840077071290944,0.19749652294853964
0.06843373493975903,0.19749652294853964
0.06846673095467695,0.19749652294853964
0.06805019305019305,0.19610570236439498
0.0680830516658619,0.19610570236439498
0.06811594202898551,0.19610570236439498
0.0681488641855969,0.19610570236439498
0.06818181818181818,0.19610570236439498
0.06821480406386067,0.19610570236439498
0.06824782187802517,0.19610570236439498
0.06828087167070218,0.19610570236439498
0.06831395348837209,0.19610570236439498
0.06834706737760543,0.19610570236439498
0.06838021338506305,0.19610570236439498
0.06841339155749636,0.19610570236439498
0.06844660194174758,0.19610570236439498
0.06851311953352769,0.19610570236439498
0.06854642683519689,0.19610570236439498
0.06857976653696499,0.19610570236439498
0.06861313868613139,0.19610570236439498
0.06864654333008763,0.19610570236439498
0.06867998051631759,0.19610570236439498
0.06871345029239766,0.19610570236439498
0.06874695270599708,0.19610570236439498
0.06878048780487805,0.19610570236439498
0.06881405563689605,0.19610570236439498
0.06884765625,0.19610570236439498
0.06888128969223253,0.19610570236439498
0.06842619745845552,0.19471488178025034
0.0684931506849315,0.19471488178025034
0.06852667645619187,0.19471488178025034
0.06843919251600197,0.1933240611961057
0.06850665352390341,0.1933240611961057
0.06804733727810651,0.19193324061196107
0.06808090774543661,0.19193324061196107
0.06811451135241856,0.19193324061196107
0.06814814814814815,0.19193324061196107
0.06818181818181818,0.19193324061196107
0.06821552150271873,0.19193324061196107
0.06824925816023739,0.19193324061196107
0.06831683168316832,0.19193324061196107
0.06835066864784546,0.19193324061196107
0.06841844323252355,0.19193324061196107
0.06845238095238096,0.19193324061196107
0.0684863523573201,0.19193324061196107
0.06852035749751738,0.19193324061196107
0.06855439642324888,0.19193324061196107
0.06858846918489066,0.19193324061196107
0.06862257583291895,0.19193324061196107
0.06865671641791045,0.19193324061196107
0.06869089099054256,0.19193324061196107
0.06872509960159362,0.19193324061196107
0.0687593423019432,0.19193324061196107
0.0688279301745636,0.19193324061196107
0.0688622754491018,0.19193324061196107
0.06889665501747379,0.19193324061196107
0.06893106893106893,0.19193324061196107
0.06896551724137931,0.19193324061196107
0.069,0.19193324061196107
0.06903451725862932,0.19193324061196107
0.06962663975782038,0.19193324061196107
0.0696617869762746,0.19193324061196107
0.0691919191919192,0.1905424200278164
0.06922688226376958,0.1905424200278164
0.0692618806875632,0.1905424200278164
0.06929691451694486,0.1905424200278164
0.06933198380566802,0.1905424200278164
0.06936708860759494,0.1905424200278164
0.06940222897669707,0.1905424200278164
0.06943740496705525,0.1905424200278164
0.06947261663286004,0.1905424200278164
0.06950786402841197,0.1905424200278164
0.06954314720812182,0.1905424200278164
0.06957846622651091,0.1905424200278164
0.06961382113821138,0.1905424200278164
0.06964921199796645,0.1905424200278164
0.06968463886063073,0.1905424200278164
0.06972010178117048,0.1905424200278164
0.06979113601630157,0.1905424200278164
0.06982670744138635,0.1905424200278164
0.06986231514533402,0.1905424200278164
0.06989795918367347,0.1905424200278164
0.06993363961204696,0.1905424200278164
0.06996935648621042,0.1905424200278164
0.070076726342711,0.1905424200278164
0.0701484895033282,0.1905424200278164
0.0701844262295082,0.1905424200278164
0.07003089598352215,0.18915159944367177
0.06958762886597938,0.18776077885952713
0.06910778751933987,0.18636995827538247
0.06917914300464637,0.18636995827538247
0.06921487603305786,0.18636995827538247
0.06925064599483204,0.18636995827538247
0.06928645294725956,0.18636995827538247
0.0693222969477496,0.18636995827538247
0.06935817805383022,0.18636995827538247
0.06939409632314862,0.18636995827538247
0.0694300518134715,0.18636995827538247
0.06946604458268534,0.18636995827538247
0.06950207468879668,0.18636995827538247
0.06953814218993254,0.18636995827538247
0.0695742471443406,0.18636995827538247
0.06961038961038961,0.18636995827538247
0.06964656964656965,0.18636995827538247
0.06971904266389178,0.18636995827538247
0.06975533576262363,0.18636995827538247
0.06979166666666667,0.18636995827538247
0.06982803543512246,0.18636995827538247
0.06934306569343066,0.18497913769123783
0.0693792383933229,0.18497913769123783
0.06941544885177453,0.18497913769123783
0.06945169712793733,0.18497913769123783
0.06948798328108673,0.18497913769123783
0.06952430737062205,0.18497913769123783
0.06903765690376569,0.1835883171070932
0.06914614981665794,0.1835883171070932
0.06918238993710692,0.1835883171070932
0.0692186680650236,0.1835883171070932
0.06925498426023086,0.1835883171070932
0.06860158311345646,0.1808066759388039
0.06863780359028511,0.1808066759388039
0.06867406233491812,0.1808066759388039
0.06871035940803383,0.1808066759388039
0.06874669487043893,0.1808066759388039
0.06878306878306878,0.1808066759388039
0.06881948120698782,0.1808066759388039
0.06885593220338983,0.1808066759388039
0.06889242183359831,0.1808066759388039
0.0689289501590668,0.1808066759388039
0.06896551724137931,0.1808066759388039
0.06847133757961783,0.17941585535465926
0.0685077004779607,0.17941585535465926
0.06854410201912858,0.17941585535465926
0.0685805422647528,0.17941585535465926
0.06861702127659575,0.17941585535465926
0.06865353911655135,0.17941585535465926
0.06869009584664537,0.17941585535465926
0.0687266915290357,0.17941585535465926
0.06876332622601279,0.17941585535465926
0.0688,0.17941585535465926
0.0688367129135539,0.17941585535465926
0.06891025641025642,0.17941585535465926
0.0689470871191876,0.17941585535465926
0.0690578158458244,0.17941585535465926
0.06909480449919657,0.17941585535465926
0.06913183279742766,0.17941585535465926
0.06916890080428954,0.17941585535465926
0.06920600858369098,0.17941585535465926
0.06924315619967794,0.17941585535465926
0.06928034371643395,0.17941585535465926
0.06969205834683954,0.17941585535465926
0.06972972972972973,0.17941585535465926
0.06976744186046512,0.17941585535465926
0.0698051948051948,0.17941585535465926
0.06984298863021116,0.17941585535465926
0.06988082340195016,0.17941585535465926
0.06991869918699187,0.17941585535465926
0.06995661605206074,0.17941585535465926
0.06999457406402604,0.17941585535465926
0.07003257328990228,0.17941585535465926
0.07007061379684953,0.17941585535465926
0.07010869565217391,0.17941585535465926
0.0701468189233279,0.17941585535465926
0.07018498367791078,0.17941585535465926
0.07022318998366903,0.17941585535465926
0.07026143790849673,0.17941585535465926
0.07029972752043596,0.17941585535465926
0.0703380588876772,0.17941585535465926
0.07037643207855974,0.17941585535465926
0.07041484716157205,0.17941585535465926
0.07045330420535227,0.17941585535465926
0.06994535519125683,0.1780250347705146
0.0700218818380744,0.1780250347705146
0.07006020799124248,0.1780250347705146
0.0700985761226725,0.1780250347705146
0.0702433628318584,0.17663421418636996
0.07028223574986164,0.17663421418636996
0.07032115171650055,0.17663421418636996
0.0703601108033241,0.17663421418636996
0.07039911308203992,0.17663421418636996
0.0704381586245147,0.17663421418636996
0.07047724750277469,0.17663421418636996
0.07051637978900611,0.17663421418636996
0.07055555555555555,0.17663421418636996
0.07059477487493052,0.17663421418636996
0.07063403781979978,0.17663421418636996
0.07067334446299388,0.17663421418636996
0.07071269487750557,0.17663421418636996
0.07075208913649025,0.17663421418636996
0.07079152731326645,0.17663421418636996
0.07083100948131622,0.17663421418636996
0.07087053571428571,0.17663421418636996
0.07091010608598548,0.17663421418636996
0.07094972067039106,0.17663421418636996
0.07098937954164337,0.17663421418636996
0.07102908277404922,0.17663421418636996
0.0710688304420817,0.17663421418636996
0.07110862262038074,0.17663421418636996
0.0711484593837535,0.17663421418636996
0.0712682379349046,0.17663421418636996
0.07130825379000562,0.17663421418636996
0.0711864406779661,0.17524339360222532
0.07122668174109667,0.17524339360222532
0.07126696832579185,0.17524339360222532
0.07130730050933787,0.17524339360222532
0.07134767836919592,0.17524339360222532
0.07138810198300283,0.17524339360222532
0.07142857142857142,0.17524339360222532
0.07146908678389109,0.17524339360222532
0.07150964812712826,0.17524339360222532
0.07155025553662692,0.17524339360222532
0.0715909090909091,0.17524339360222532
0.07163160886867538,0.17524339360222532
0.07167235494880546,0.17524339360222532
0.07171314741035857,0.17524339360222532
0.07175398633257403,0.17524339360222532
0.07183580387685291,0.17524339360222532
0.07191780821917808,0.17524339360222532
0.0719588806396345,0.17524339360222532
0.072,0.17524339360222532
0.07204116638078903,0.17524339360222532
0.07175660160734787,0.17385257301808066
0.07179781734635267,0.17385257301808066
0.07126436781609195,0.17246175243393602
0.07130534790109258,0.17246175243393602
0.0713463751438435,0.17246175243393602
0.07142857142857142,0.17246175243393602
0.07146974063400577,0.17246175243393602
0.07151095732410612,0.17246175243393602
0.07155222158107329,0.17246175243393602
0.07159353348729793,0.17246175243393602
0.07163489312536106,0.17246175243393602
0.07167630057803469,0.17246175243393602
0.07171775592828225,0.17246175243393602
0.07175925925925926,0.17246175243393602
0.07180081065431385,0.17246175243393602
0.07184241019698726,0.17246175243393602
0.07188405797101449,0.17246175243393602
0.07134570765661252,0.17107093184979139
0.0713871154962275,0.17107093184979139
0.07142857142857142,0.17107093184979139
0.07147007553747821,0.17107093184979139
0.07151162790697674,0.17107093184979139
0.07155322862129145,0.17107093184979139
0.07159487776484284,0.17107093184979139
0.0716365754222481,0.17107093184979139
0.07167832167832168,0.17107093184979139
0.07113702623906705,0.16968011126564672
0.07063631056625802,0.16828929068150209
0.07071887784921099,0.16828929068150209
0.07076023391812865,0.16828929068150209
0.06979472140762463,0.16550764951321278
0.0698356807511737,0.16550764951321278
0.07028942705256941,0.16550764951321278
0.07033096926713948,0.16550764951321278
0.0703725606150207,0.16550764951321278
0.0704558910597987,0.16550764951321278
0.07049763033175356,0.16550764951321278
0.07053941908713693,0.16550764951321278
0.07058125741399762,0.16550764951321278
0.07002967359050445,0.16411682892906815
0.07007125890736342,0.16411682892906815
0.07011289364230541,0.16411682892906815
0.06956004756242569,0.1627260083449235
0.06960142772159429,0.1627260083449235
0.06964285714285715,0.1627260083449235
0.06968433591423466,0.1627260083449235
0.0697258641239571,0.1627260083449235
0.06976744186046512,0.1627260083449235
0.06980906921241051,0.1627260083449235
0.06985074626865671,0.1627260083449235
0.06989247311827956,0.1627260083449235
0.06993424985056784,0.1627260083449235
0.06997607655502393,0.1627260083449235
0.07001795332136446,0.1627260083449235
0.07005988023952096,0.1627260083449235
0.0695026962252846,0.16133518776077885
0.06954436450839328,0.16133518776077885
0.06958608278344332,0.16133518776077885
0.06962785114045618,0.16133518776077885
0.06966966966966967,0.16133518776077885
0.06971153846153846,0.16133518776077885
0.06979542719614922,0.16133518776077885
0.06983744732089103,0.16133518776077885
0.06904906117504543,0.15855354659248957
0.06848484848484848,0.1571627260083449
0.06852637962401456,0.1571627260083449
0.06856796116504854,0.1571627260083449
0.06860959319975714,0.1571627260083449
0.06865127582017011,0.1571627260083449
0.06869300911854104,0.1571627260083449
0.06873479318734793,0.1571627260083449
0.06877662811929397,0.1571627260083449
0.06881851400730817,0.1571627260083449
0.06886045094454601,0.1571627260083449
0.06890243902439025,0.1571627260083449
0.06894447834045149,0.1571627260083449
0.06898656898656899,0.1571627260083449
0.06902871105681124,0.1571627260083449
0.06907090464547677,0.1571627260083449
0.0691131498470948,0.1571627260083449
0.06915544675642595,0.1571627260083449
0.06919779546846296,0.1571627260083449
0.06924019607843138,0.1571627260083449
0.06928264868179031,0.1571627260083449
0.06936771025168816,0.1571627260083449
0.06909315237507711,0.15577190542420027
0.0691358024691358,0.15577190542420027
0.06917850525015441,0.15577190542420027
0.069221260815822,0.15577190542420027
0.06926406926406926,0.15577190542420027
0.0686881188118812,0.15438108484005564
0.06873065015479876,0.15438108484005564
0.0687732342007435,0.15438108484005564
0.06881587104773713,0.15438108484005564
0.06885856079404466,0.15438108484005564
0.06890130353817504,0.15438108484005564
0.06894409937888199,0.15438108484005564
0.0689869484151647,0.15438108484005564
0.06902985074626866,0.15438108484005564
0.06907280647168637,0.15438108484005564
0.06911581569115816,0.15438108484005564
0.0691588785046729,0.15438108484005564
0.06920199501246883,0.15438108484005564
0.06924516531503432,0.15438108484005564
0.06928838951310862,0.15438108484005564
0.0693316677076827,0.15438108484005564
0.069375,0.15438108484005564
0.06941838649155722,0.15438108484005564
0.06946182728410513,0.15438108484005564
0.0694006309148265,0.15299026425591097
0.06944444444444445,0.15299026425591097
0.06948831332912192,0.15299026425591097
0.0695322376738306,0.15299026425591097
0.06957621758380772,0.15299026425591097
0.06962025316455696,0.15299026425591097
0.06966434452184928,0.15299026425591097
0.0697084917617237,0.15299026425591097
0.06975269499048826,0.15299026425591097
0.06979695431472081,0.15299026425591097
0.06984126984126984,0.15299026425591097
0.0698856416772554,0.15299026425591097
0.06993006993006994,0.15299026425591097
0.06997455470737914,0.15299026425591097
0.07001909611712286,0.15299026425591097
0.06942675159235669,0.15159944367176634
0.06947100063734862,0.15159944367176634
0.06951530612244898,0.15159944367176634
0.06955966815571155,0.15159944367176634
0.06960408684546615,0.15159944367176634
0.06900958466453674,0.1502086230876217
0.06905370843989769,0.1502086230876217
0.0693196405648267,0.1502086230876217
0.06936416184971098,0.1502086230876217
0.06940874035989718,0.1502086230876217
0.06945337620578779,0.1502086230876217
0.0694980694980695,0.1502086230876217
0.06958762886597938,0.1502086230876217
0.06963249516441006,0.1502086230876217
0.0696774193548387,0.1502086230876217
0.0697224015493867,0.1502086230876217
0.06976744186046512,0.1502086230876217
0.0698125404007757,0.1502086230876217
0.06985769728331177,0.1502086230876217
0.06990291262135923,0.1502086230876217
0.06994818652849741,0.1502086230876217
0.06999351911860013,0.1502086230876217
0.07003891050583658,0.1502086230876217
0.06943543153796236,0.14881780250347706
0.06948051948051948,0.14881780250347706
0.06952566601689408,0.14881780250347706
0.06957087126137841,0.14881780250347706
0.06961613532856213,0.14881780250347706
0.06966145833333333,0.14881780250347706
0.0697522816166884,0.14881780250347706
0.06946264744429882,0.1474269819193324
0.06950819672131148,0.1474269819193324
0.06955380577427822,0.1474269819193324
0.06964520367936924,0.1474269819193324
0.06969099276791585,0.1474269819193324
0.06973684210526315,0.1474269819193324
0.06978275181040158,0.1474269819193324
0.06982872200263504,0.1474269819193324
0.06987475280158208,0.1474269819193324
0.06992084432717678,0.1474269819193324
0.06996699669966996,0.1474269819193324
0.06935270805812417,0.14603616133518776
0.06939854593522803,0.14603616133518776
0.06882859033752482,0.14464534075104313
0.06821192052980132,0.14325452016689846
0.06772908366533864,0.14186369958275383
0.06777408637873754,0.14186369958275383
0.0678191489361702,0.14186369958275383
0.06786427145708583,0.14186369958275383
0.06790945406125166,0.14186369958275383
0.06795469686875416,0.14186369958275383
0.068,0.14186369958275383
0.06804536357571714,0.14186369958275383
0.06809078771695594,0.14186369958275383
0.06813627254509018,0.14186369958275383
0.06818181818181818,0.14186369958275383
0.06755852842809365,0.1404728789986092
0.06760374832663989,0.1404728789986092
0.06764902880107167,0.1404728789986092
0.06769436997319035,0.1404728789986092
0.06773977196512408,0.1404728789986092
0.06783075889858965,0.1404728789986092
0.06720430107526881,0.13908205841446453
0.06724949562878278,0.13908205841446453
0.06684672518568535,0.1376912378303199
0.06689189189189189,0.1376912378303199
0.06693711967545639,0.1376912378303199
0.06702775897088693,0.1376912378303199
0.06707317073170732,0.1376912378303199
0.0671186440677966,0.1376912378303199
0.06648575305291723,0.13630041724617525
0.06653088934147998,0.13630041724617525
0.06657608695652174,0.13630041724617525
0.06594153636981645,0.1349095966620306
0.06607629427792916,0.1349095966620306
0.06612133605998637,0.1349095966620306
0.06616643929058663,0.1349095966620306
0.0662568306010929,0.1349095966620306
0.06630211893369788,0.1349095966620306
0.06634746922024624,0.1349095966620306
0.06639288158795345,0.1349095966620306
0.06643835616438357,0.1349095966620306
0.06579849211788896,0.13351877607788595
0.06584362139917696,0.13351877607788595
0.06520247083047358,0.13212795549374132
0.06533700137551582,0.13212795549374132
0.0653819683413627,0.13212795549374132
0.06542699724517906,0.13212795549374132
0.06547208821502412,0.13212795549374132
0.06551724137931035,0.13212795549374132
0.06556245686680469,0.13212795549374132
0.0649171270718232,0.13073713490959665
0.06496199032480995,0.13073713490959665
0.06500691562932227,0.13073713490959665
0.06505190311418685,0.13073713490959665
0.06440443213296398,0.12934631432545202
0.06444906444906445,0.12934631432545202
0.0638002773925104,0.12795549374130738
0.06384455239417071,0.12795549374130738
0.06388888888888888,0.12795549374130738
0.06393328700486449,0.12795549374130738
0.06328233657858136,0.12656467315716272
0.06332637439109255,0.12656467315716272
0.06219426974143955,0.12378303198887343
0.062237762237762236,0.12378303198887343
0.0622813156053184,0.12378303198887343
0.062324929971988796,0.12378303198887343
0.06236860546601261,0.12378303198887343
0.06241234221598878,0.12378303198887343
0.062456140350877196,0.12378303198887343
0.0625,0.12378303198887343
0.06254392129304287,0.12378303198887343
0.06258790436005626,0.12378303198887343
0.06263194933145672,0.12378303198887343
0.06267605633802817,0.12378303198887343
0.06272022551092318,0.12378303198887343
0.06276445698166432,0.12378303198887343
0.06280875088214538,0.12378303198887343
0.06285310734463277,0.12378303198887343
0.06289752650176679,0.12378303198887343
0.06294200848656294,0.12378303198887343
0.0629865534324133,0.12378303198887343
0.06321022727272728,0.12378303198887343
0.06325515280739161,0.12378303198887343
0.06330014224751067,0.12378303198887343
0.06334519572953737,0.12378303198887343
0.0633903133903134,0.12378303198887343
0.06343549536707056,0.12378303198887343
0.06348074179743224,0.12378303198887343
0.0635260528194147,0.12378303198887343
0.06357142857142857,0.12378303198887343
0.0636168691922802,0.12378303198887343
0.06366237482117311,0.12378303198887343
0.06370794559770938,0.12378303198887343
0.06375358166189111,0.12378303198887343
0.06379928315412187,0.12378303198887343
0.06384505021520803,0.12378303198887343
0.0639367816091954,0.12378303198887343
0.06398274622573688,0.12378303198887343
0.06330935251798561,0.12239221140472879
0.06290672451193059,0.12100139082058414
0.06295224312590449,0.12100139082058414
0.06299782766111513,0.12100139082058414
0.06231884057971015,0.11961057023643949
0.06236403190717912,0.11961057023643949
0.062409288824383166,0.11961057023643949
0.06245461147421932,0.11961057023643949
0.06254545454545454,0.11961057023643949
0.06186317321688501,0.11821974965229486
0.06117989803350328,0.1168289290681502
0.061224489795918366,0.1168289290681502
0.061269146608315096,0.1168289290681502
0.061313868613138686,0.1168289290681502
0.061358655953250546,0.1168289290681502
0.06149341142020498,0.1168289290681502
0.06153846153846154,0.1168289290681502
0.06158357771260997,0.1168289290681502
0.061628760088041086,0.1168289290681502
0.06167400881057269,0.1168289290681502
0.06171932402645114,0.1168289290681502
0.061764705882352944,0.1168289290681502
0.06181015452538632,0.1168289290681502
0.061855670103092786,0.1168289290681502
0.06190125276344879,0.1168289290681502
0.061946902654867256,0.1168289290681502
0.06208425720620843,0.1168289290681502
0.0621301775147929,0.1168289290681502
0.06222222222222222,0.1168289290681502
0.06180193596425912,0.11543810848400557
0.06184798807749627,0.11543810848400557
0.061894108873974646,0.11543810848400557
0.06194029850746269,0.11543810848400557
0.0619865571321882,0.11543810848400557
0.06203288490284006,0.11543810848400557
0.06207928197456993,0.11543810848400557
0.06212574850299401,0.11543810848400557
0.062172284644194754,0.11543810848400557
0.06146926536731634,0.11404728789986092
0.06151537884471118,0.11404728789986092
0.06156156156156156,0.11404728789986092
0.061607813673929375,0.11404728789986092
0.06090225563909774,0.11265646731571627
0.060948081264108354,0.11265646731571627
0.061224489795918366,0.11265646731571627
0.060514372163388806,0.11126564673157163
0.06056018168054504,0.11126564673157163
0.060652009097801364,0.11126564673157163
0.06069802731411229,0.11126564673157163
0.060744115413819286,0.11126564673157163
0.060790273556231005,0.11126564673157163
0.060836501901140684,0.11126564673157163
0.060882800608828,0.11126564673157163
0.06092916984006093,0.11126564673157163
0.06097560975609756,0.11126564673157163
0.061068702290076333,0.11126564673157163
0.061115355233002294,0.11126564673157163
0.06125574272588055,0.11126564673157163
0.06053639846743295,0.10987482614742698
0.06058282208588957,0.10987482614742698
0.060629316960859554,0.10987482614742698
0.060675883256528416,0.10987482614742698
0.06072252113758647,0.10987482614742698
0.06076923076923077,0.10987482614742698
0.06081601231716705,0.10987482614742698
0.06086286594761171,0.10987482614742698
0.06090979182729375,0.10987482614742698
0.06095679012345679,0.10987482614742698
0.061051004636785165,0.10987482614742698
0.060324825986078884,0.10848400556328233
0.05964368706429125,0.1070931849791377
0.05914396887159533,0.10570236439499305
0.059190031152647975,0.10570236439499305
0.059236165237724084,0.10570236439499305
0.059282371294851796,0.10570236439499305
0.05932864949258392,0.10570236439499305
0.059375,0.10570236439499305
0.05942142298670837,0.10570236439499305
0.0594679186228482,0.10570236439499305
0.05951448707909162,0.10570236439499305
0.05956112852664577,0.10570236439499305
0.0596078431372549,0.10570236439499305
0.059654631083202514,0.10570236439499305
0.05970149253731343,0.10570236439499305
0.059748427672955975,0.10570236439499305
0.05979543666404406,0.10570236439499305
0.05984251968503937,0.10570236439499305
0.06007905138339921,0.10570236439499305
0.05938242280285035,0.1043115438108484
0.059429477020602216,0.1043115438108484
0.05947660586835844,0.1043115438108484
0.05952380952380952,0.1043115438108484
0.059571088165210485,0.1043115438108484
0.05961844197138315,0.1043115438108484
0.059665871121718374,0.1043115438108484
0.059713375796178345,0.1043115438108484
0.05976095617529881,0.1043115438108484
0.05980861244019139,0.1043115438108484
0.05985634477254589,0.1043115438108484
0.05990415335463259,0.1043115438108484
0.05995203836930456,0.1043115438108484
0.0600480384307446,0.1043115438108484
0.06009615384615385,0.1043115438108484
0.060144346431435444,0.1043115438108484
0.06019261637239166,0.1043115438108484
0.060240963855421686,0.1043115438108484
0.06028938906752412,0.1043115438108484
0.06033789219629927,0.1043115438108484
0.06038647342995169,0.1043115438108484
0.060435132957292505,0.1043115438108484
0.06048387096774194,0.1043115438108484
0.06053268765133172,0.1043115438108484
0.06058158319870759,0.1043115438108484
0.060630557801131774,0.1043115438108484
0.06072874493927125,0.1043115438108484
0.060777957860615885,0.1043115438108484
0.06082725060827251,0.1043115438108484
0.060876623376623376,0.1043115438108484
0.06011372867587327,0.10292072322670376
0.06016260162601626,0.10292072322670376
0.060211554109031735,0.10292072322670376
0.06026058631921824,0.10292072322670376
0.06030969845150774,0.10292072322670376
0.06045751633986928,0.10292072322670376
0.06050695012264922,0.10292072322670376
0.060556464811783964,0.10292072322670376
0.06060606060606061,0.10292072322670376
0.060655737704918035,0.10292072322670376
0.06070549630844955,0.10292072322670376
0.060755336617405585,0.10292072322670376
0.06085526315789474,0.10292072322670376
0.060905349794238686,0.10292072322670376
0.060955518945634266,0.10292072322670376
0.06100577081615829,0.10292072322670376
0.06105610561056106,0.10292072322670376
0.0611065235342692,0.10292072322670376
0.06115702479338843,0.10292072322670376
0.06120760959470637,0.10292072322670376
0.061258278145695365,0.10292072322670376
0.061309030654515324,0.10292072322670376
0.06135986733001658,0.10292072322670376
0.061410788381742736,0.10292072322670376
0.061615320566194835,0.10292072322670376
0.06166666666666667,0.10292072322670376
0.061718098415346125,0.10292072322670376
0.06176961602671119,0.10292072322670376
0.061821219715956555,0.10292072322670376
0.061036789297658864,0.10152990264255911
0.06108786610878661,0.10152990264255911
0.06113902847571189,0.10152990264255911
0.06119027661357921,0.10152990264255911
0.061241610738255035,0.10152990264255911
0.06165540540540541,0.10152990264255911
0.06170752324598478,0.10152990264255911
0.06175972927241963,0.10152990264255911
0.06181202370872142,0.10152990264255911
0.06186440677966102,0.10152990264255911
0.06191687871077184,0.10152990264255911
0.06196943972835314,0.10152990264255911
0.062022090059473234,0.10152990264255911
0.06207482993197279,0.10152990264255911
0.06223358908780904,0.10152990264255911
0.06228668941979522,0.10152990264255911
0.06244653550042772,0.10152990264255911
0.0625,0.10152990264255911
0.06255355612682091,0.10152990264255911
0.06260720411663807,0.10152990264255911
0.06266094420600858,0.10152990264255911
0.0627147766323024,0.10152990264255911
0.061908856405846945,0.10013908205841446
0.06196213425129088,0.10013908205841446
0.06201550387596899,0.10013908205841446
0.06206896551724138,0.10013908205841446
0.06228373702422145,0.10013908205841446
0.06233766233766234,0.10013908205841446
0.06152512998266898,0.09874826147426982
0.06157849089332177,0.09874826147426982
0.06168549087749783,0.09874826147426982
0.06173913043478261,0.09874826147426982
0.06179286335944299,0.09874826147426982
0.06184668989547038,0.09874826147426982
0.06190061028770706,0.09874826147426982
0.06108202443280977,0.09735744089012517
0.0611353711790393,0.09735744089012517
0.06118881118881119,0.09735744089012517
0.06124234470691164,0.09735744089012517
0.06129597197898424,0.09735744089012517
0.06134969325153374,0.09735744089012517
0.06140350877192982,0.09735744089012517
0.061457418788410885,0.09735744089012517
0.061511423550087874,0.09735744089012517
0.06156552330694811,0.09735744089012517
0.061619718309859156,0.09735744089012517
0.06167400881057269,0.09735744089012517
0.06172839506172839,0.09735744089012517
0.0617828773168579,0.09735744089012517
0.061837455830388695,0.09735744089012517
0.0618921308576481,0.09735744089012517
0.061946902654867256,0.09735744089012517
0.06200177147918512,0.09735744089012517
0.062111801242236024,0.09735744089012517
0.06216696269982238,0.09735744089012517
0.06222222222222222,0.09735744089012517
0.06227758007117438,0.09735744089012517
0.06233303650934995,0.09735744089012517
0.062388591800356503,0.09735744089012517
0.06244424620874219,0.09735744089012517
0.0625,0.09735744089012517
0.06255585344057193,0.09735744089012517
0.0626118067978533,0.09735744089012517
0.06266786034019696,0.09735744089012517
0.06306306306306306,0.09735744089012517
0.06311992786293959,0.09735744089012517
0.0631768953068592,0.09735744089012517
0.06323396567299007,0.09735744089012517
0.06329113924050633,0.09735744089012517
0.06334841628959276,0.09735744089012517
0.06340579710144928,0.09735744089012517
0.06346328195829556,0.09735744089012517
0.06352087114337568,0.09735744089012517
0.06272727272727273,0.09596662030598054
0.06278434940855324,0.09596662030598054
0.06284153005464481,0.09596662030598054
0.06289881494986327,0.09596662030598054
0.06227106227106227,0.09457579972183588
0.06232813932172319,0.09457579972183588
0.062385321100917435,0.09457579972183588
0.06244260789715335,0.09457579972183588
0.06158088235294118,0.09318497913769123
0.061637534498620056,0.09318497913769123
0.06175115207373272,0.09318497913769123
0.061808118081180814,0.09318497913769123
0.061865189289012,0.09318497913769123
0.06192236598890943,0.09318497913769123
0.061979648473635525,0.09318497913769123
0.062037037037037036,0.09318497913769123
0.06209453197405004,0.09318497913769123
0.06215213358070501,0.09318497913769123
0.062267657992565055,0.09318497913769123
0.062325581395348835,0.09318497913769123
0.06238361266294227,0.09318497913769123
0.06244175209692451,0.09318497913769123
0.0625,0.09318497913769123
0.06255835667600373,0.09318497913769123
0.06261682242990654,0.09318497913769123
0.0626753975678204,0.09318497913769123
0.06273408239700375,0.09318497913769123
0.06279287722586692,0.09318497913769123
0.06285178236397748,0.09318497913769123
0.06291079812206572,0.09318497913769123
0.06296992481203008,0.09318497913769123
0.06220546654099906,0.0917941585535466
0.062264150943396226,0.0917941585535466
0.06232294617563739,0.0917941585535466
0.06143667296786389,0.09040333796940195
0.06149479659413434,0.09040333796940195
0.061553030303030304,0.09040333796940195
0.061611374407582936,0.09040333796940195
0.061669829222011384,0.09040333796940195
0.06172839506172839,0.09040333796940195
0.06184586108468126,0.09040333796940195
0.06190476190476191,0.09040333796940195
0.06196377502383222,0.09040333796940195
0.06202290076335878,0.09040333796940195
0.06208213944603629,0.09040333796940195
0.0621414913957935,0.09040333796940195
0.06220095693779904,0.09040333796940195
0.06226053639846743,0.09040333796940195
0.062320230105465,0.09040333796940195
0.06238003838771593,0.09040333796940195
0.06243996157540826,0.09040333796940195
0.0625,0.09040333796940195
0.06256015399422522,0.09040333796940195
0.0626204238921002,0.09040333796940195
0.06274131274131274,0.09040333796940195
0.06280193236714976,0.09040333796940195
0.06286266924564797,0.09040333796940195
0.06292352371732816,0.09040333796940195
0.06298449612403101,0.09040333796940195
0.06304558680892337,0.09040333796940195
0.06310679611650485,0.09040333796940195
0.06316812439261418,0.09040333796940195
0.0632295719844358,0.09040333796940195
0.06335282651072124,0.09040333796940195
0.06341463414634146,0.09040333796940195
0.0634765625,0.09040333796940195
0.0635386119257087,0.09040333796940195
0.06360078277886497,0.09040333796940195
0.06366307541625857,0.09040333796940195
0.06274509803921569,0.0890125173852573
0.06280667320902845,0.0890125173852573
0.06293018682399214,0.0890125173852573
0.06299212598425197,0.0890125173852573
0.06305418719211822,0.0890125173852573
0.0631163708086785,0.0890125173852573
0.0631786771964462,0.0890125173852573
0.06324110671936758,0.0890125173852573
0.06330365974282888,0.0890125173852573
0.06336633663366337,0.0890125173852573
0.062438057482656094,0.08762169680111266
0.0625,0.08762169680111266
0.06256206554121152,0.08762169680111266
0.06262425447316103,0.08762169680111266
0.0626865671641791,0.08762169680111266
0.06274900398406374,0.08762169680111266
0.062,0.08623087621696801
0.062062062062062065,0.08623087621696801
0.06212424849699399,0.08623087621696801
0.062186559679037114,0.08623087621696801
0.06224899598393574,0.08623087621696801
0.062311557788944726,0.08623087621696801
0.06237424547283702,0.08623087621696801
0.06262626262626263,0.08623087621696801
0.06268958543983821,0.08623087621696801
0.06275303643724696,0.08623087621696801
0.06281661600810537,0.08623087621696801
0.06288032454361055,0.08623087621696801
0.06294416243654823,0.08623087621696801
0.06300813008130081,0.08623087621696801
0.062118126272912425,0.08484005563282336
0.06218144750254842,0.08484005563282336
0.06224489795918367,0.08484005563282336
0.06230847803881512,0.08484005563282336
0.06237218813905931,0.08484005563282336
0.062436028659160696,0.08484005563282336
0.0625,0.08484005563282336
0.06256410256410257,0.08484005563282336
0.06262833675564682,0.08484005563282336
0.06269270298047276,0.08484005563282336
0.06275720164609054,0.08484005563282336
0.06282183316168898,0.08484005563282336
0.0629514963880289,0.08484005563282336
0.06301652892561983,0.08484005563282336
0.06308169596690796,0.08484005563282336
0.06314699792960662,0.08484005563282336
0.06321243523316063,0.08484005563282336
0.06327800829875518,0.08484005563282336
0.06347554630593132,0.08484005563282336
0.06354166666666666,0.08484005563282336
0.06360792492179354,0.08484005563282336
0.06367432150313153,0.08484005563282336
0.06374085684430512,0.08484005563282336
0.06380753138075314,0.08484005563282336
0.06387434554973823,0.08484005563282336
0.0639412997903564,0.08484005563282336
0.06400839454354669,0.08484005563282336
0.06407563025210083,0.08484005563282336
0.06414300736067298,0.08484005563282336
0.0642781875658588,0.08484005563282336
0.06434599156118144,0.08484005563282336
0.06441393875395987,0.08484005563282336
0.06448202959830866,0.08484005563282336
0.06455026455026455,0.08484005563282336
0.0646186440677966,0.08484005563282336
0.06468716861081654,0.08484005563282336
0.06482465462274177,0.08484005563282336
0.06489361702127659,0.08484005563282336
0.06496272630457935,0.08484005563282336
0.06396588486140725,0.08344923504867872
0.064034151547492,0.08344923504867872
0.0641025641025641,0.08344923504867872
0.06310160427807486,0.08205841446453407
0.06316916488222699,0.08205841446453407
0.0632368703108253,0.08205841446453407
0.06229860365198711,0.08066759388038942
0.06236559139784946,0.08066759388038942
0.062432723358449946,0.08066759388038942
0.0625,0.08066759388038942
0.06256742179072276,0.08066759388038942
0.061621621621621624,0.07927677329624479
0.06175514626218852,0.07927677329624479
0.06182212581344902,0.07927677329624479
0.06188925081433225,0.07927677329624479
0.06195652173913044,0.07927677329624479
0.062023939064200215,0.07927677329624479
0.06209150326797386,0.07927677329624479
0.062159214830970554,0.07927677329624479
0.06229508196721312,0.07927677329624479
0.06236323851203501,0.07927677329624479
0.0624315443592552,0.07927677329624479
0.0625,0.07927677329624479
0.06256860592755215,0.07927677329624479
0.06263736263736264,0.07927677329624479
0.06284454244762955,0.07927677329624479
0.06291390728476821,0.07927677329624479
0.06305309734513274,0.07927677329624479
0.06312292358803986,0.07927677329624479
0.06326304106548279,0.07927677329624479
0.06333333333333334,0.07927677329624479
0.06340378197997776,0.07927677329624479
0.06347438752783964,0.07927677329624479
0.06354515050167224,0.07927677329624479
0.06361607142857142,0.07927677329624479
0.06368715083798883,0.07927677329624479
0.06375838926174497,0.07927677329624479
0.06382978723404255,0.07927677329624479
0.06390134529147982,0.07927677329624479
0.06397306397306397,0.07927677329624479
0.06404494382022471,0.07927677329624479
0.06426155580608793,0.07927677329624479
0.06433408577878104,0.07927677329624479
0.06440677966101695,0.07927677329624479
0.06447963800904978,0.07927677329624479
0.06455266138165346,0.07927677329624479
0.06462585034013606,0.07927677329624479
0.06469920544835414,0.07927677329624479
0.06477272727272727,0.07927677329624479
0.06484641638225255,0.07927677329624479
0.06492027334851937,0.07927677329624479
0.06499429874572406,0.07927677329624479
0.06514285714285714,0.07927677329624479
0.06521739130434782,0.07927677329624479
0.06529209621993128,0.07927677329624479
0.06536697247706422,0.07927677329624479
0.06544202066590127,0.07927677329624479
0.06436781609195402,0.07788595271210014
0.06444188722669736,0.07788595271210014
0.06451612903225806,0.07788595271210014
0.06473988439306358,0.07788595271210014
0.06481481481481481,0.07788595271210014
0.06496519721577726,0.07788595271210014
0.06504065040650407,0.07788595271210014
0.06511627906976744,0.07788595271210014
0.06519208381839348,0.07788595271210014
0.06526806526806526,0.07788595271210014
0.06534422403733955,0.07788595271210014
0.06542056074766354,0.07788595271210014
0.06549707602339182,0.07788595271210014
0.06557377049180328,0.07788595271210014
0.06565064478311841,0.07788595271210014
0.06462984723854288,0.07649513212795549
0.06478209658421673,0.07649513212795549
0.06485849056603774,0.07649513212795549
0.06493506493506493,0.07649513212795549
0.06501182033096926,0.07649513212795549
0.0650887573964497,0.07649513212795549
0.06398104265402843,0.07510431154381085
0.06405693950177936,0.07510431154381085
0.06413301662707839,0.07510431154381085
0.06420927467300833,0.07510431154381085
0.06428571428571428,0.07510431154381085
0.06436233611442194,0.07510431154381085
0.06443914081145585,0.07510431154381085
0.06451612903225806,0.07510431154381085
0.0645933014354067,0.07510431154381085
0.06467065868263473,0.07510431154381085
0.06474820143884892,0.07510431154381085
0.06482593037214886,0.07510431154381085
0.06490384615384616,0.07510431154381085
0.06498194945848375,0.07510431154381085
0.06506024096385542,0.07510431154381085
0.06513872135102533,0.07510431154381085
0.06521739130434782,0.07510431154381085
0.06529625151148731,0.07510431154381085
0.06537530266343826,0.07510431154381085
0.06545454545454546,0.07510431154381085
0.06553398058252427,0.07510431154381085
0.06561360874848117,0.07510431154381085
0.06569343065693431,0.07510431154381085
0.06577344701583435,0.07510431154381085
0.06585365853658537,0.07510431154381085
0.06593406593406594,0.07510431154381085
0.06601466992665037,0.07510431154381085
0.06625766871165645,0.07510431154381085
0.06633906633906633,0.07510431154381085
0.06642066420664207,0.07510431154381085
0.06658446362515413,0.07510431154381085
0.06666666666666667,0.07510431154381085
0.06674907292954264,0.07510431154381085
0.06683168316831684,0.07510431154381085
0.06691449814126393,0.07510431154381085
0.06699751861042183,0.07510431154381085
0.0670807453416149,0.07510431154381085
0.06716417910447761,0.07510431154381085
0.06724782067247821,0.07510431154381085
0.06733167082294264,0.07510431154381085
0.06741573033707865,0.07510431154381085
0.0675,0.07510431154381085
0.06758448060075094,0.07510431154381085
0.0678391959798995,0.07510431154381085
0.06666666666666667,0.0737134909596662
0.0654911838790932,0.07232267037552156
0.06557377049180328,0.07232267037552156
0.06565656565656566,0.07232267037552156
0.06573957016434892,0.07232267037552156
0.06455696202531645,0.07093184979137691
0.06463878326996197,0.07093184979137691
0.06472081218274112,0.07093184979137691
0.06480304955527319,0.07093184979137691
0.0648854961832061,0.07093184979137691
0.06496815286624204,0.07093184979137691
0.06505102040816327,0.07093184979137691
0.06513409961685823,0.07093184979137691
0.06521739130434782,0.07093184979137691
0.06530089628681178,0.07093184979137691
0.06538461538461539,0.07093184979137691
0.06546854942233633,0.07093184979137691
0.06555269922879177,0.07093184979137691
0.06563706563706563,0.07093184979137691
0.06572164948453608,0.07093184979137691
0.06580645161290323,0.07093184979137691
0.06589147286821706,0.07093184979137691
0.06597671410090557,0.07093184979137691
0.06606217616580311,0.07093184979137691
0.06614785992217899,0.07093184979137691
0.06631989596879063,0.07093184979137691
0.06640625,0.07093184979137691
0.06684141546526867,0.07093184979137691
0.06692913385826772,0.07093184979137691
0.06701708278580815,0.07093184979137691
0.06719367588932806,0.07093184979137691
0.06728232189973615,0.07093184979137691
0.06737120211360634,0.07093184979137691
0.06746031746031746,0.07093184979137691
0.06754966887417219,0.07093184979137691
0.06631299734748011,0.06954102920723226
0.0650730411686587,0.06815020862308763
0.06524633821571238,0.06815020862308763
0.06533333333333333,0.06815020862308763
0.06542056074766354,0.06815020862308763
0.06550802139037433,0.06815020862308763
0.06568364611260054,0.06815020862308763
0.06577181208053691,0.06815020862308763
0.06586021505376344,0.06815020862308763
0.06594885598923284,0.06815020862308763
0.0646900269541779,0.06675938803894298
0.06477732793522267,0.06675938803894298
0.06486486486486487,0.06675938803894298
0.06359945872801083,0.06536856745479833
0.06368563685636856,0.06536856745479833
0.06385869565217392,0.06536856745479833
0.06394557823129252,0.06536856745479833
0.06403269754768393,0.06536856745479833
0.06412005457025921,0.06536856745479833
0.06420765027322405,0.06536856745479833
0.06429548563611491,0.06536856745479833
0.06438356164383562,0.06536856745479833
0.0644718792866941,0.06536856745479833
0.06456043956043957,0.06536856745479833
0.06464924346629987,0.06536856745479833
0.06473829201101929,0.06536856745479833
0.0649171270718232,0.06536856745479833
0.06500691562932227,0.06536856745479833
0.06509695290858726,0.06536856745479833
0.06527777777777778,0.06536856745479833
0.06536856745479833,0.06536856745479833
0.06545961002785515,0.06536856745479833
0.06555090655509066,0.06536856745479833
0.06564245810055866,0.06536856745479833
0.06573426573426573,0.06536856745479833
0.06582633053221289,0.06536856745479833
0.06451612903225806,0.06397774687065369
0.06460674157303371,0.06397774687065369
0.06469760900140648,0.06397774687065369
0.0647887323943662,0.06397774687065369
0.06488011283497884,0.06397774687065369
0.06497175141242938,0.06397774687065369
0.06506364922206506,0.06397774687065369
0.06515580736543909,0.06397774687065369
0.06524822695035461,0.06397774687065369
0.06534090909090909,0.06397774687065369
0.06543385490753911,0.06397774687065369
0.0641025641025641,0.06258692628650904
0.06419400855920114,0.06258692628650904
0.06428571428571428,0.06258692628650904
0.06437768240343347,0.06258692628650904
0.06446991404011461,0.06258692628650904
0.06456241032998565,0.06258692628650904
0.06465517241379311,0.06258692628650904
0.06474820143884892,0.06258692628650904
0.06484149855907781,0.06258692628650904
0.06493506493506493,0.06258692628650904
0.06502890173410404,0.06258692628650904
0.06367583212735166,0.061196105702364396
0.06376811594202898,0.061196105702364396
0.062409288824383166,0.059805285118219746
0.06259097525473072,0.059805285118219746
0.06277372262773723,0.059805285118219746
0.06286549707602339,0.059805285118219746
0.0629575402635432,0.059805285118219746
0.06304985337243402,0.059805285118219746
0.0631424375917768,0.059805285118219746
0.06323529411764706,0.059805285118219746
0.06332842415316642,0.059805285118219746
0.06342182890855458,0.059805285118219746
0.06351550960118169,0.059805285118219746
0.06360946745562131,0.059805285118219746
0.0637037037037037,0.059805285118219746
0.06379821958456973,0.059805285118219746
0.0625,0.0584144645340751
0.06110283159463487,0.05702364394993046
0.05970149253731343,0.055632823365785816
0.059790732436472344,0.055632823365785816
0.059880239520958084,0.055632823365785816
0.05997001499250375,0.055632823365785816
0.06015037593984962,0.055632823365785816
0.060240963855421686,0.055632823365785816
0.06033182503770739,0.055632823365785816
0.06042296072507553,0.055632823365785816
0.060514372163388806,0.055632823365785816
0.05927051671732523,0.054242002781641166
0.0593607305936073,0.054242002781641166
0.05945121951219512,0.054242002781641166
0.059541984732824425,0.054242002781641166
0.0598159509202454,0.054242002781641166
0.059907834101382486,0.054242002781641166
0.06,0.054242002781641166
0.05855161787365177,0.05285118219749652
0.05864197530864197,0.05285118219749652
0.05873261205564142,0.05285118219749652
0.058823529411764705,0.05285118219749652
0.05891472868217054,0.05285118219749652
0.059006211180124224,0.05285118219749652
0.05909797822706065,0.05285118219749652
0.059190031152647975,0.05285118219749652
0.059282371294851796,0.05285118219749652
0.059375,0.05285118219749652
0.0594679186228482,0.05285118219749652
0.05956112852664577,0.05285118219749652
0.059654631083202514,0.05285118219749652
0.05984251968503937,0.05285118219749652
0.06003159557661927,0.05285118219749652
0.060126582278481014,0.05285118219749652
0.06031746031746032,0.05285118219749652
0.06050955414012739,0.05285118219749652
0.06060606060606061,0.05285118219749652
0.0592,0.05146036161335188
0.0594855305466238,0.05146036161335188
0.05977382875605816,0.05146036161335188
0.059870550161812294,0.05146036161335188
0.060064935064935064,0.05146036161335188
0.06026058631921824,0.05146036161335188
0.06035889070146819,0.05146036161335188
0.060556464811783964,0.05146036161335188
0.060655737704918035,0.05146036161335188
0.060755336617405585,0.05146036161335188
0.060955518945634266,0.05146036161335188
0.06105610561056106,0.05146036161335188
0.06135986733001658,0.05146036161335188
0.06156405990016639,0.05146036161335188
0.06166666666666667,0.05146036161335188
0.06176961602671119,0.05146036161335188
0.061872909698996656,0.05146036161335188
0.06208053691275168,0.05146036161335188
0.06239460370994941,0.05146036161335188
0.06281833616298811,0.05146036161335188
0.06292517006802721,0.05146036161335188
0.06313993174061433,0.05146036161335188
0.06324786324786325,0.05146036161335188
0.06357388316151202,0.05146036161335188
0.06368330464716007,0.05146036161335188
0.06379310344827586,0.05146036161335188
0.06390328151986183,0.05146036161335188
0.06401384083044982,0.05146036161335188
0.06412478336221837,0.05146036161335188
0.0642361111111111,0.05146036161335188
0.06445993031358885,0.05146036161335188
0.06457242582897033,0.05146036161335188
0.06468531468531469,0.05146036161335188
0.0647985989492119,0.05146036161335188
0.06491228070175438,0.05146036161335188
0.06502636203866433,0.05146036161335188
0.06514084507042253,0.05146036161335188
0.06537102473498234,0.05146036161335188
0.06548672566371681,0.05146036161335188
0.06394316163410302,0.05006954102920723
0.06405693950177936,0.05006954102920723
0.06428571428571428,0.05006954102920723
0.0626118067978533,0.048678720445062586
0.06272401433691756,0.048678720445062586
0.06283662477558348,0.048678720445062586
0.06294964028776978,0.048678720445062586
0.061371841155234655,0.04728789986091794
0.06159420289855073,0.04728789986091794
0.06170598911070781,0.04728789986091794
0.06,0.0458970792767733
0.060109289617486336,0.0458970792767733
0.0603290676416819,0.0458970792767733
0.06043956043956044,0.0458970792767733
0.06066176470588235,0.0458970792767733
0.06088560885608856,0.0458970792767733
0.06099815157116451,0.0458970792767733
0.06111111111111111,0.0458970792767733
0.061224489795918366,0.0458970792767733
0.06133828996282528,0.0458970792767733
0.061567164179104475,0.0458970792767733
0.0616822429906542,0.0458970792767733
0.06191369606003752,0.0458970792767733
0.060263653483992465,0.04450625869262865
0.06037735849056604,0.04450625869262865
0.06049149338374291,0.04450625869262865
0.06060606060606061,0.04450625869262865
0.06095238095238095,0.04450625869262865
0.061068702290076333,0.04450625869262865
0.06118546845124283,0.04450625869262865
0.061420345489443376,0.04450625869262865
0.06153846153846154,0.04450625869262865
0.06165703275529865,0.04450625869262865
0.06177606177606178,0.04450625869262865
0.061895551257253385,0.04450625869262865
0.062135922330097085,0.04450625869262865
0.0622568093385214,0.04450625869262865
0.06237816764132553,0.04450625869262865
0.0625,0.04450625869262865
0.06262230919765166,0.04450625869262865
0.06286836935166994,0.04450625869262865
0.06126482213438735,0.043115438108484005
0.061386138613861385,0.043115438108484005
0.061630218687872766,0.043115438108484005
0.062,0.043115438108484005
0.06212424849699399,0.043115438108484005
0.06224899598393574,0.043115438108484005
0.06237424547283702,0.043115438108484005
0.0625,0.043115438108484005
0.06262626262626263,0.043115438108484005
0.06275303643724696,0.043115438108484005
0.06288032454361055,0.043115438108484005
0.06300813008130081,0.043115438108484005
0.06326530612244897,0.043115438108484005
0.06339468302658487,0.043115438108484005
0.06352459016393443,0.043115438108484005
0.06365503080082136,0.043115438108484005
0.06391752577319587,0.043115438108484005
0.06418219461697723,0.043115438108484005
0.06444906444906445,0.043115438108484005
0.06458333333333334,0.043115438108484005
0.06471816283924843,0.043115438108484005
0.06485355648535565,0.043115438108484005
0.0649895178197065,0.043115438108484005
0.06512605042016807,0.043115438108484005
0.06526315789473684,0.043115438108484005
0.06623931623931624,0.043115438108484005
0.06638115631691649,0.043115438108484005
0.06666666666666667,0.043115438108484005
0.0668103448275862,0.043115438108484005
0.06695464362850972,0.043115438108484005
0.06724511930585683,0.043115438108484005
0.06783369803063458,0.043115438108484005
0.06798245614035088,0.043115438108484005
0.06813186813186813,0.043115438108484005
0.06828193832599119,0.043115438108484005
0.0684326710816777,0.043115438108484005
0.06858407079646017,0.043115438108484005
0.06888888888888889,0.043115438108484005
0.06904231625835189,0.043115438108484005
0.06919642857142858,0.043115438108484005
0.06935123042505593,0.043115438108484005
0.06950672645739911,0.043115438108484005
0.06981981981981981,0.043115438108484005
0.07013574660633484,0.043115438108484005
0.07029478458049887,0.043115438108484005
0.07045454545454545,0.043115438108484005
0.07061503416856492,0.043115438108484005
0.07077625570776255,0.043115438108484005
0.06864988558352403,0.04172461752433936
0.06880733944954129,0.04172461752433936
0.06896551724137931,0.04172461752433936
0.06697459584295612,0.04033379694019471
0.06712962962962964,0.04033379694019471
0.06728538283062645,0.04033379694019471
0.06744186046511629,0.04033379694019471
0.06775700934579439,0.04033379694019471
0.06807511737089202,0.04033379694019471
0.06823529411764706,0.04033379694019471
0.06839622641509434,0.04033379694019471
0.06855791962174941,0.04033379694019471
0.06872037914691943,0.04033379694019471
0.0688836104513064,0.04033379694019471
0.06904761904761905,0.04033379694019471
0.06921241050119331,0.04033379694019471
0.06937799043062201,0.04033379694019471
0.06954436450839328,0.04033379694019471
0.06971153846153846,0.04033379694019471
0.06987951807228916,0.04033379694019471
0.07004830917874397,0.04033379694019471
0.07021791767554479,0.04033379694019471
0.0703883495145631,0.04033379694019471
0.0705596107055961,0.04033379694019471
0.07073170731707316,0.04033379694019471
0.07090464547677261,0.04033379694019471
0.07107843137254902,0.04033379694019471
0.07125307125307126,0.04033379694019471
0.07142857142857142,0.04033379694019471
0.07160493827160494,0.04033379694019471
0.07178217821782178,0.04033379694019471
0.07196029776674938,0.04033379694019471
0.07213930348258707,0.04033379694019471
0.07231920199501247,0.04033379694019471
0.0728643216080402,0.04033379694019471
0.07304785894206549,0.04033379694019471
0.07323232323232323,0.04033379694019471
0.07360406091370558,0.04033379694019471
0.07397959183673469,0.04033379694019471
0.07161125319693094,0.03894297635605007
0.07216494845360824,0.03894297635605007
0.07235142118863049,0.03894297635605007
0.07272727272727272,0.03894297635605007
0.0703125,0.037552155771905425
0.07049608355091384,0.037552155771905425
0.07068062827225131,0.037552155771905425
0.07086614173228346,0.037552155771905425
0.06860158311345646,0.03616133518776078
0.06878306878306878,0.03616133518776078
0.06896551724137931,0.03616133518776078
0.06933333333333333,0.03616133518776078
0.06702412868632708,0.03477051460361613
0.0673854447439353,0.03477051460361613
0.06775067750677506,0.03477051460361613
0.06793478260869565,0.03477051460361613
0.06830601092896176,0.03477051460361613
0.0684931506849315,0.03477051460361613
0.06868131868131869,0.03477051460361613
0.06887052341597796,0.03477051460361613
0.06906077348066299,0.03477051460361613
0.06963788300835655,0.03477051460361613
0.06983240223463687,0.03477051460361613
0.0700280112044818,0.03477051460361613
0.0702247191011236,0.03477051460361613
0.07062146892655367,0.03477051460361613
0.0708215297450425,0.03477051460361613
0.07102272727272728,0.03477051460361613
0.07122507122507123,0.03477051460361613
0.07142857142857142,0.03477051460361613
0.07163323782234957,0.03477051460361613
0.07225433526011561,0.03477051460361613
0.07267441860465117,0.03477051460361613
0.0728862973760933,0.03477051460361613
0.07309941520467836,0.03477051460361613
0.07331378299120235,0.03477051460361613
0.07352941176470588,0.03477051460361613
0.07374631268436578,0.03477051460361613
0.07396449704142012,0.03477051460361613
0.07418397626112759,0.03477051460361613
0.0744047619047619,0.03477051460361613
0.0748502994011976,0.03477051460361613
0.07507507507507508,0.03477051460361613
0.0755287009063444,0.03477051460361613
0.07575757575757576,0.03477051460361613
0.07598784194528875,0.03477051460361613
0.07621951219512195,0.03477051460361613
0.0764525993883792,0.03477051460361613
0.07692307692307693,0.03477051460361613
0.07716049382716049,0.03477051460361613
0.07476635514018691,0.03337969401947149
0.075,0.03337969401947149
0.07523510971786834,0.03337969401947149
0.07547169811320754,0.03337969401947149
0.07570977917981073,0.03337969401947149
0.0761904761904762,0.03337969401947149
0.07643312101910828,0.03337969401947149
0.07692307692307693,0.03337969401947149
0.07395498392282958,0.031988873435326845
0.0744336569579288,0.031988873435326845
0.0749185667752443,0.031988873435326845
0.07516339869281045,0.031988873435326845
0.07590759075907591,0.031988873435326845
0.07666666666666666,0.031988873435326845
0.07692307692307693,0.031988873435326845
0.07718120805369127,0.031988873435326845
0.0777027027027027,0.031988873435326845
0.07796610169491526,0.031988873435326845
0.0782312925170068,0.031988873435326845
0.07903780068728522,0.031988873435326845
0.07612456747404844,0.030598052851182198
0.0763888888888889,0.030598052851182198
0.07692307692307693,0.030598052851182198
0.07719298245614035,0.030598052851182198
0.07746478873239436,0.030598052851182198
0.07773851590106007,0.030598052851182198
0.07801418439716312,0.030598052851182198
0.07857142857142857,0.030598052851182198
0.07885304659498207,0.030598052851182198
0.07942238267148015,0.030598052851182198
0.08,0.030598052851182198
0.08029197080291971,0.030598052851182198
0.08058608058608059,0.030598052851182198
0.08088235294117647,0.030598052851182198
0.07749077490774908,0.02920723226703755
0.07777777777777778,0.02920723226703755
0.07806691449814127,0.02920723226703755
0.07835820895522388,0.02920723226703755
0.07518796992481203,0.027816411682892908
0.07575757575757576,0.027816411682892908
0.07604562737642585,0.027816411682892908
0.07279693486590039,0.02642559109874826
0.07307692307692308,0.02642559109874826
0.07335907335907337,0.02642559109874826
0.06976744186046512,0.025034770514603615
0.0703125,0.025034770514603615
0.07058823529411765,0.025034770514603615
0.07086614173228346,0.025034770514603615
0.07142857142857142,0.025034770514603615
0.06772908366533864,0.02364394993045897
0.068,0.02364394993045897
0.0642570281124498,0.022253129346314324
0.06451612903225806,0.022253129346314324
0.06477732793522267,0.022253129346314324
0.06504065040650407,0.022253129346314324
0.0653061224489796,0.022253129346314324
0.06557377049180328,0.022253129346314324
0.06584362139917696,0.022253129346314324
0.06611570247933884,0.022253129346314324
0.06639004149377593,0.022253129346314324
0.0625,0.02086230876216968
0.06276150627615062,0.02086230876216968
0.06302521008403361,0.02086230876216968
0.0635593220338983,0.02086230876216968
0.06382978723404255,0.02086230876216968
0.06437768240343347,0.02086230876216968
0.06465517241379311,0.02086230876216968
0.06493506493506493,0.02086230876216968
0.06521739130434782,0.02086230876216968
0.06550218340611354,0.02086230876216968
0.06578947368421052,0.02086230876216968
0.06637168141592921,0.02086230876216968
0.06666666666666667,0.02086230876216968
0.06696428571428571,0.02086230876216968
0.06726457399103139,0.02086230876216968
0.06756756756756757,0.02086230876216968
0.06787330316742081,0.02086230876216968
0.06818181818181818,0.02086230876216968
0.0684931506849315,0.02086230876216968
0.06880733944954129,0.02086230876216968
0.06944444444444445,0.02086230876216968
0.06542056074766354,0.019471488178025034
0.06572769953051644,0.019471488178025034
0.0660377358490566,0.019471488178025034
0.06635071090047394,0.019471488178025034
0.06666666666666667,0.019471488178025034
0.06698564593301436,0.019471488178025034
0.06280193236714976,0.01808066759388039
0.06310679611650485,0.01808066759388039
0.06341463414634146,0.01808066759388039
0.06403940886699508,0.01808066759388039
0.06467661691542288,0.01808066759388039
0.065,0.01808066759388039
0.06532663316582915,0.01808066759388039
0.06565656565656566,0.01808066759388039
0.0663265306122449,0.01808066759388039
0.06666666666666667,0.01808066759388039
0.06735751295336788,0.01808066759388039
0.06770833333333333,0.01808066759388039
0.06806282722513089,0.01808066759388039
0.06842105263157895,0.01808066759388039
0.06914893617021277,0.01808066759388039
0.06951871657754011,0.01808066759388039
0.06989247311827956,0.01808066759388039
0.07027027027027027,0.01808066759388039
0.07065217391304347,0.01808066759388039
0.07103825136612021,0.01808066759388039
0.07142857142857142,0.01808066759388039
0.0718232044198895,0.01808066759388039
0.07303370786516854,0.01808066759388039
0.07344632768361582,0.01808066759388039
0.06896551724137931,0.016689847009735744
0.06936416184971098,0.016689847009735744
0.06976744186046512,0.016689847009735744
0.07017543859649122,0.016689847009735744
0.07058823529411765,0.016689847009735744
0.07100591715976332,0.016689847009735744
0.06547619047619048,0.015299026425591099
0.0658682634730539,0.015299026425591099
0.06626506024096386,0.015299026425591099
0.06666666666666667,0.015299026425591099
0.06707317073170732,0.015299026425591099
0.06748466257668712,0.015299026425591099
0.06790123456790123,0.015299026425591099
0.06875,0.015299026425591099
0.06962025316455696,0.015299026425591099
0.06451612903225806,0.013908205841446454
0.06578947368421052,0.013908205841446454
0.06622516556291391,0.013908205841446454
0.06666666666666667,0.013908205841446454
0.06711409395973154,0.013908205841446454
0.06756756756756757,0.013908205841446454
0.06802721088435375,0.013908205841446454
0.06896551724137931,0.013908205841446454
0.06993006993006994,0.013908205841446454
0.07042253521126761,0.013908205841446454
0.07092198581560284,0.013908205841446454
0.07142857142857142,0.013908205841446454
0.07246376811594203,0.013908205841446454
0.072992700729927,0.013908205841446454
0.07352941176470588,0.013908205841446454
0.07407407407407407,0.013908205841446454
0.07462686567164178,0.013908205841446454
0.07575757575757576,0.013908205841446454
0.07633587786259542,0.013908205841446454
0.07692307692307693,0.013908205841446454
0.078125,0.013908205841446454
0.07874015748031496,0.013908205841446454
0.07936507936507936,0.013908205841446454
0.08196721311475409,0.013908205841446454
0.08264462809917356,0.013908205841446454
0.08333333333333333,0.013908205841446454
0.08403361344537816,0.013908205841446454
0.0847457627118644,0.013908205841446454
0.08547008547008547,0.013908205841446454
0.08620689655172414,0.013908205841446454
0.08695652173913043,0.013908205841446454
0.08771929824561403,0.013908205841446454
0.08849557522123894,0.013908205841446454
0.08928571428571429,0.013908205841446454
0.09009009009009009,0.013908205841446454
0.09090909090909091,0.013908205841446454
0.09174311926605505,0.013908205841446454
0.09259259259259259,0.013908205841446454
0.09433962264150944,0.013908205841446454
0.09523809523809523,0.013908205841446454
0.08653846153846154,0.012517385257301807
0.08737864077669903,0.012517385257301807
0.08823529411764706,0.012517385257301807
0.08,0.011126564673157162
0.08080808080808081,0.011126564673157162
0.08163265306122448,0.011126564673157162
0.08247422680412371,0.011126564673157162
0.08421052631578947,0.011126564673157162
0.0851063829787234,0.011126564673157162
0.08602150537634409,0.011126564673157162
0.08695652173913043,0.011126564673157162
0.08791208791208792,0.011126564673157162
0.08888888888888889,0.011126564673157162
0.0898876404494382,0.011126564673157162
0.09090909090909091,0.011126564673157162
0.09195402298850575,0.011126564673157162
0.09302325581395349,0.011126564673157162
0.08235294117647059,0.009735744089012517
0.08333333333333333,0.009735744089012517
0.08433734939759036,0.009735744089012517
0.08860759493670886,0.009735744089012517
0.08974358974358974,0.009735744089012517
0.07792207792207792,0.008344923504867872
0.08,0.008344923504867872
0.0821917808219178,0.008344923504867872
0.08333333333333333,0.008344923504867872
0.07042253521126761,0.006954102920723227
0.07246376811594203,0.006954102920723227
0.07352941176470588,0.006954102920723227
0.0625,0.005563282336578581
0.06349206349206349,0.005563282336578581
0.06557377049180328,0.005563282336578581
0.06666666666666667,0.005563282336578581
0.06779661016949153,0.005563282336578581
0.06896551724137931,0.005563282336578581
0.07017543859649122,0.005563282336578581
0.07142857142857142,0.005563282336578581
0.07272727272727272,0.005563282336578581
0.07692307692307693,0.005563282336578581
0.0784313725490196,0.005563282336578581
0.08,0.005563282336578581
0.08163265306122448,0.005563282336578581
0.08333333333333333,0.005563282336578581
0.0851063829787234,0.005563282336578581
0.08695652173913043,0.005563282336578581
0.08888888888888889,0.005563282336578581
0.09090909090909091,0.005563282336578581
0.09302325581395349,0.005563282336578581
0.09523809523809523,0.005563282336578581
0.1,0.005563282336578581
0.07692307692307693,0.004172461752433936
0.07894736842105263,0.004172461752433936
0.08108108108108109,0.004172461752433936
0.08333333333333333,0.004172461752433936
0.05714285714285714,0.0027816411682892906
0.058823529411764705,0.0027816411682892906
0.06060606060606061,0.0027816411682892906
0.06451612903225806,0.0027816411682892906
0.06666666666666667,0.0027816411682892906
0.037037037037037035,0.0013908205841446453
0.038461538461538464,0.0013908205841446453
0.04,0.0013908205841446453
0.041666666666666664,0.0013908205841446453
0.043478260869565216,0.0013908205841446453
0.045454545454545456,0.0013908205841446453
0.0,0.0
0.0,0.0
0.0,0.0
0.0,0.0
0.0,0.0
0.0,0.0
0.0,0.0
0.0,0.0
0.0,0.0
0.0,0.0
0.0,0.0
0.0,0.0
0.0,0.0
0.0,0.0
0.0,0.0
1.0,0.0
